Timestamp,Container,CPU %,Mem Usage (Trenutno / Limit),Mem %,Net I/O,Block I/O
2026-06-13 00:59:42,iot-postgres,0.01%,19.23MiB / 2.767GiB,0.68%,2.1kB / 126B,5.84MB / 229kB
2026-06-13 00:59:41,iot-postgres,0.01%,19.23MiB / 2.767GiB,0.68%,2.1kB / 126B,5.84MB / 229kB
2026-06-13 00:59:41,iot-mosquitto,10.47%,17.08MiB / 2.767GiB,0.60%,21.7MB / 15.3MB,782kB / 90.1kB
2026-06-13 00:59:42,iot-mosquitto,10.47%,17.08MiB / 2.767GiB,0.60%,21.7MB / 15.3MB,782kB / 90.1kB
2026-06-13 00:59:41,iot-kafka,603.72%,434.1MiB / 2.767GiB,15.32%,15.3MB / 429kB,92.3MB / 3.85MB
2026-06-13 00:59:42,iot-kafka,603.72%,434.1MiB / 2.767GiB,15.32%,15.3MB / 429kB,92.3MB / 3.85MB
2026-06-13 00:59:48,iot-postgres,0.00%,19.23MiB / 2.767GiB,0.68%,2.1kB / 126B,5.84MB / 229kB
2026-06-13 00:59:48,iot-postgres,0.00%,19.23MiB / 2.767GiB,0.68%,2.1kB / 126B,5.84MB / 229kB
2026-06-13 00:59:48,iot-mosquitto,0.05%,17.08MiB / 2.767GiB,0.60%,21.7MB / 15.3MB,782kB / 94.2kB
2026-06-13 00:59:48,iot-mosquitto,0.56%,17.08MiB / 2.767GiB,0.60%,21.7MB / 15.3MB,782kB / 94.2kB
2026-06-13 00:59:48,iot-kafka,378.94%,902.8MiB / 2.767GiB,31.87%,41MB / 757kB,92.3MB / 3.91MB
2026-06-13 00:59:48,iot-kafka,400.09%,910MiB / 2.767GiB,32.12%,48.6MB / 847kB,92.3MB / 3.92MB
2026-06-13 00:59:55,iot-postgres,0.01%,19.23MiB / 2.767GiB,0.68%,2.1kB / 126B,5.84MB / 229kB
2026-06-13 00:59:56,iot-postgres,0.00%,19.23MiB / 2.767GiB,0.68%,2.1kB / 126B,5.84MB / 229kB
2026-06-13 00:59:55,iot-mosquitto,0.06%,17.08MiB / 2.767GiB,0.60%,21.7MB / 15.3MB,782kB / 94.2kB
2026-06-13 00:59:56,iot-mosquitto,10.60%,17.1MiB / 2.767GiB,0.60%,21.7MB / 15.3MB,782kB / 98.3kB
2026-06-13 00:59:55,iot-kafka,359.62%,905.3MiB / 2.767GiB,31.95%,94.4MB / 1.28MB,92.3MB / 4.01MB
2026-06-13 00:59:56,iot-kafka,325.13%,907.7MiB / 2.767GiB,32.04%,102MB / 1.36MB,92.3MB / 4.01MB
2026-06-13 01:00:02,iot-postgres,0.56%,19.23MiB / 2.767GiB,0.68%,2.1kB / 126B,5.84MB / 229kB
2026-06-13 01:00:03,iot-postgres,10.86%,19.29MiB / 2.767GiB,0.68%,2.1kB / 126B,5.84MB / 229kB
2026-06-13 01:00:02,iot-mosquitto,0.24%,17.08MiB / 2.767GiB,0.60%,21.7MB / 15.3MB,782kB / 98.3kB
2026-06-13 01:00:03,iot-mosquitto,0.05%,17.08MiB / 2.767GiB,0.60%,21.7MB / 15.3MB,782kB / 98.3kB
2026-06-13 01:00:02,iot-kafka,311.73%,903.9MiB / 2.767GiB,31.91%,146MB / 1.74MB,92.3MB / 4.07MB
2026-06-13 01:00:03,iot-kafka,322.34%,903.2MiB / 2.767GiB,31.88%,153MB / 1.79MB,92.3MB / 4.08MB
2026-06-13 01:00:09,iot-postgres,0.00%,19.23MiB / 2.767GiB,0.68%,2.1kB / 126B,5.84MB / 229kB
2026-06-13 01:00:10,iot-postgres,0.00%,19.23MiB / 2.767GiB,0.68%,2.1kB / 126B,5.84MB / 229kB
2026-06-13 01:00:09,iot-mosquitto,0.06%,17.08MiB / 2.767GiB,0.60%,21.7MB / 15.3MB,782kB / 98.3kB
2026-06-13 01:00:10,iot-mosquitto,0.07%,17.08MiB / 2.767GiB,0.60%,21.7MB / 15.3MB,782kB / 98.3kB
2026-06-13 01:00:09,iot-kafka,331.05%,906MiB / 2.767GiB,31.98%,197MB / 2.17MB,92.3MB / 35.1MB
2026-06-13 01:00:10,iot-kafka,338.40%,906.8MiB / 2.767GiB,32.01%,205MB / 2.23MB,92.3MB / 35.2MB
2026-06-13 01:00:16,iot-postgres,0.00%,19.23MiB / 2.767GiB,0.68%,2.1kB / 126B,5.84MB / 229kB
2026-06-13 01:00:17,iot-postgres,0.00%,19.23MiB / 2.767GiB,0.68%,2.1kB / 126B,5.84MB / 229kB
2026-06-13 01:00:16,iot-mosquitto,0.26%,17.08MiB / 2.767GiB,0.60%,21.7MB / 15.3MB,782kB / 106kB
2026-06-13 01:00:17,iot-mosquitto,1.89%,17.08MiB / 2.767GiB,0.60%,21.7MB / 15.3MB,782kB / 106kB
2026-06-13 01:00:16,iot-kafka,340.72%,907.1MiB / 2.767GiB,32.02%,248MB / 2.6MB,92.3MB / 35.2MB
2026-06-13 01:00:17,iot-kafka,358.69%,906.2MiB / 2.767GiB,31.99%,256MB / 2.66MB,92.3MB / 35.2MB
2026-06-13 01:00:23,iot-postgres,0.00%,19.23MiB / 2.767GiB,0.68%,2.1kB / 126B,5.84MB / 229kB
2026-06-13 01:00:24,iot-postgres,12.05%,19.23MiB / 2.767GiB,0.68%,2.1kB / 126B,5.84MB / 229kB
2026-06-13 01:00:23,iot-mosquitto,0.09%,17.08MiB / 2.767GiB,0.60%,21.7MB / 15.3MB,782kB / 106kB
2026-06-13 01:00:24,iot-mosquitto,0.06%,17.08MiB / 2.767GiB,0.60%,21.7MB / 15.3MB,782kB / 106kB
2026-06-13 01:00:23,iot-kafka,335.91%,910.1MiB / 2.767GiB,32.12%,294MB / 2.99MB,92.3MB / 146MB
2026-06-13 01:00:24,iot-kafka,334.75%,909.8MiB / 2.767GiB,32.11%,302MB / 3.05MB,92.3MB / 146MB
2026-06-13 01:00:30,iot-postgres,0.00%,19.23MiB / 2.767GiB,0.68%,2.1kB / 126B,5.84MB / 229kB
2026-06-13 01:00:31,iot-postgres,0.00%,19.23MiB / 2.767GiB,0.68%,2.1kB / 126B,5.84MB / 229kB
2026-06-13 01:00:30,iot-mosquitto,0.06%,17.08MiB / 2.767GiB,0.60%,21.7MB / 15.3MB,782kB / 111kB
2026-06-13 01:00:31,iot-mosquitto,0.11%,17.08MiB / 2.767GiB,0.60%,21.7MB / 15.3MB,782kB / 111kB
2026-06-13 01:00:30,iot-kafka,342.84%,912.8MiB / 2.767GiB,32.22%,343MB / 3.37MB,92.3MB / 146MB
2026-06-13 01:00:31,iot-kafka,363.58%,910.6MiB / 2.767GiB,32.14%,350MB / 3.43MB,92.3MB / 146MB
2026-06-13 01:00:38,iot-postgres,0.00%,19.23MiB / 2.767GiB,0.68%,2.1kB / 126B,5.84MB / 229kB
2026-06-13 01:00:39,iot-postgres,0.00%,19.23MiB / 2.767GiB,0.68%,2.1kB / 126B,5.84MB / 229kB
2026-06-13 01:00:38,iot-mosquitto,0.06%,17.08MiB / 2.767GiB,0.60%,21.7MB / 15.3MB,782kB / 111kB
2026-06-13 01:00:39,iot-mosquitto,0.05%,17.08MiB / 2.767GiB,0.60%,21.7MB / 15.3MB,782kB / 111kB
2026-06-13 01:00:38,iot-kafka,337.27%,912.6MiB / 2.767GiB,32.21%,393MB / 3.76MB,92.3MB / 146MB
2026-06-13 01:00:39,iot-kafka,406.41%,918.8MiB / 2.767GiB,32.43%,401MB / 3.98MB,92.3MB / 146MB
2026-06-13 01:00:45,iot-postgres,35.57%,19.23MiB / 2.767GiB,0.68%,2.1kB / 126B,5.84MB / 229kB
2026-06-13 01:00:46,iot-postgres,0.09%,19.23MiB / 2.767GiB,0.68%,2.1kB / 126B,5.84MB / 229kB
2026-06-13 01:00:45,iot-mosquitto,0.37%,17.09MiB / 2.767GiB,0.60%,21.7MB / 15.3MB,782kB / 115kB
2026-06-13 01:00:46,iot-mosquitto,1.83%,17.21MiB / 2.767GiB,0.61%,21.7MB / 15.3MB,999kB / 119kB
2026-06-13 01:00:45,iot-kafka,335.47%,932.4MiB / 2.767GiB,32.91%,418MB / 7.55MB,92.3MB / 201MB
2026-06-13 01:00:46,iot-kafka,342.23%,929.8MiB / 2.767GiB,32.82%,420MB / 8.12MB,92.3MB / 205MB
2026-06-13 01:00:52,iot-postgres,0.00%,19.21MiB / 2.767GiB,0.68%,2.1kB / 126B,5.84MB / 229kB
2026-06-13 01:00:53,iot-postgres,2.49%,19.39MiB / 2.767GiB,0.68%,2.1kB / 126B,6.04MB / 229kB
2026-06-13 01:00:52,iot-mosquitto,0.10%,17.86MiB / 2.767GiB,0.63%,21.7MB / 15.3MB,1.71MB / 123kB
2026-06-13 01:00:53,iot-mosquitto,0.05%,17.86MiB / 2.767GiB,0.63%,21.7MB / 15.3MB,1.71MB / 123kB
2026-06-13 01:00:52,iot-kafka,504.07%,942.7MiB / 2.767GiB,33.27%,435MB / 12.4MB,93.7MB / 262MB
2026-06-13 01:00:53,iot-kafka,407.20%,944MiB / 2.767GiB,33.32%,438MB / 13.2MB,94.3MB / 262MB
2026-06-13 01:01:00,iot-postgres,0.00%,26.79MiB / 2.767GiB,0.95%,2.1kB / 126B,15.6MB / 233kB
2026-06-13 01:01:01,iot-postgres,0.00%,26.43MiB / 2.767GiB,0.93%,2.1kB / 126B,15.6MB / 233kB
2026-06-13 01:01:00,iot-mosquitto,0.04%,20.03MiB / 2.767GiB,0.71%,21.7MB / 15.3MB,4.06MB / 123kB
2026-06-13 01:01:01,iot-mosquitto,0.04%,20.03MiB / 2.767GiB,0.71%,21.7MB / 15.3MB,4.06MB / 123kB
2026-06-13 01:01:01,iot-kafka,316.17%,926.5MiB / 2.767GiB,32.70%,493MB / 15.5MB,95.7MB / 272MB
2026-06-13 01:01:08,iot-postgres,0.00%,28.2MiB / 2.767GiB,1.00%,2.1kB / 126B,17.3MB / 233kB
2026-06-13 01:01:08,iot-mosquitto,0.05%,20.47MiB / 2.767GiB,0.72%,0B / 0B,4.11MB / 123kB
2026-06-13 01:01:08,iot-kafka,5.70%,908.2MiB / 2.767GiB,32.06%,528MB / 15.7MB,95.7MB / 272MB
2026-06-13 01:01:15,iot-postgres,0.00%,28.2MiB / 2.767GiB,1.00%,89.3kB / 126B,17.3MB / 233kB
2026-06-13 01:01:15,iot-mosquitto,0.17%,20.49MiB / 2.767GiB,0.72%,0B / 0B,4.11MB / 131kB
2026-06-13 01:01:15,iot-kafka,2.09%,904.1MiB / 2.767GiB,31.91%,528MB / 15.7MB,95.7MB / 272MB
2026-06-13 01:01:21,iot-postgres,0.00%,28.36MiB / 2.767GiB,1.00%,119kB / 126B,17.3MB / 233kB
2026-06-13 01:01:21,iot-mosquitto,0.06%,20.49MiB / 2.767GiB,0.72%,0B / 0B,4.12MB / 135kB
2026-06-13 01:01:21,iot-kafka,1.34%,903.5MiB / 2.767GiB,31.89%,528MB / 15.7MB,95.7MB / 272MB
2026-06-13 01:01:28,iot-postgres,0.00%,28.42MiB / 2.767GiB,1.00%,126kB / 126B,17.3MB / 233kB
2026-06-13 01:01:28,iot-mosquitto,0.06%,20.49MiB / 2.767GiB,0.72%,0B / 0B,4.12MB / 139kB
2026-06-13 01:01:28,iot-kafka,22.79%,903.9MiB / 2.767GiB,31.91%,528MB / 15.7MB,95.7MB / 348MB
2026-06-13 01:01:35,iot-postgres,1.22%,28.55MiB / 2.767GiB,1.01%,134kB / 126B,17.3MB / 233kB
2026-06-13 01:01:35,iot-mosquitto,0.07%,20.54MiB / 2.767GiB,0.72%,0B / 0B,4.12MB / 139kB
2026-06-13 01:01:35,iot-kafka,1.45%,903.6MiB / 2.767GiB,31.89%,528MB / 15.7MB,95.7MB / 349MB
2026-06-13 01:01:42,iot-postgres,0.00%,28.5MiB / 2.767GiB,1.01%,141kB / 126B,17.3MB / 233kB
2026-06-13 01:01:42,iot-mosquitto,0.06%,20.54MiB / 2.767GiB,0.72%,872B / 126B,4.12MB / 139kB
2026-06-13 01:01:42,iot-kafka,1.61%,903.5MiB / 2.767GiB,31.89%,528MB / 15.7MB,95.7MB / 349MB
2026-06-13 01:01:49,iot-postgres,0.00%,28.5MiB / 2.767GiB,1.01%,141kB / 126B,17.3MB / 233kB
2026-06-13 01:01:49,iot-mosquitto,0.07%,20.54MiB / 2.767GiB,0.72%,73.7kB / 60.9kB,4.12MB / 147kB
2026-06-13 01:01:49,iot-kafka,1.41%,904MiB / 2.767GiB,31.91%,528MB / 15.7MB,95.7MB / 349MB
2026-06-13 01:01:56,iot-postgres,0.00%,28.5MiB / 2.767GiB,1.01%,141kB / 126B,17.3MB / 233kB
2026-06-13 01:01:56,iot-mosquitto,0.06%,20.54MiB / 2.767GiB,0.72%,73.7kB / 60.9kB,4.12MB / 147kB
2026-06-13 01:01:56,iot-kafka,1.69%,903.9MiB / 2.767GiB,31.90%,528MB / 15.7MB,95.7MB / 349MB
2026-06-13 01:02:02,iot-postgres,0.00%,28.5MiB / 2.767GiB,1.01%,141kB / 126B,17.3MB / 233kB
2026-06-13 01:02:02,iot-mosquitto,0.06%,20.16MiB / 2.767GiB,0.71%,83.4kB / 69.3kB,4.12MB / 147kB
2026-06-13 01:02:02,iot-kafka,1.54%,903.8MiB / 2.767GiB,31.90%,528MB / 15.7MB,95.7MB / 349MB
2026-06-13 01:02:09,iot-postgres,0.00%,28.51MiB / 2.767GiB,1.01%,141kB / 126B,17.3MB / 233kB
2026-06-13 01:02:09,iot-mosquitto,0.06%,20.16MiB / 2.767GiB,0.71%,84.1kB / 69.9kB,4.12MB / 152kB
2026-06-13 01:02:09,iot-kafka,2.00%,904MiB / 2.767GiB,31.91%,528MB / 15.7MB,95.7MB / 349MB
2026-06-13 01:02:15,iot-postgres,0.00%,28.5MiB / 2.767GiB,1.01%,141kB / 126B,17.3MB / 233kB
2026-06-13 01:02:15,iot-mosquitto,2.74%,20.16MiB / 2.767GiB,0.71%,84.1kB / 69.9kB,4.12MB / 152kB
2026-06-13 01:02:15,iot-kafka,3.57%,904.2MiB / 2.767GiB,31.91%,528MB / 15.7MB,95.7MB / 349MB
2026-06-13 01:02:21,iot-postgres,0.00%,28.55MiB / 2.767GiB,1.01%,141kB / 126B,17.3MB / 233kB
2026-06-13 01:02:21,iot-mosquitto,0.06%,20.15MiB / 2.767GiB,0.71%,84.1kB / 69.9kB,4.12MB / 156kB
2026-06-13 01:02:21,iot-kafka,1.80%,904MiB / 2.767GiB,31.91%,528MB / 15.7MB,95.7MB / 349MB
2026-06-13 01:02:27,iot-postgres,3.42%,29.04MiB / 2.767GiB,1.02%,141kB / 126B,17.3MB / 233kB
2026-06-13 01:02:27,iot-mosquitto,0.06%,20.15MiB / 2.767GiB,0.71%,84.1kB / 69.9kB,4.12MB / 156kB
2026-06-13 01:02:27,iot-kafka,1.63%,904.2MiB / 2.767GiB,31.91%,528MB / 15.7MB,95.7MB / 349MB
2026-06-13 01:02:33,iot-postgres,0.00%,28.51MiB / 2.767GiB,1.01%,141kB / 126B,17.3MB / 233kB
2026-06-13 01:02:33,iot-mosquitto,0.06%,20.16MiB / 2.767GiB,0.71%,84.1kB / 69.9kB,4.12MB / 160kB
2026-06-13 01:02:33,iot-kafka,4.99%,903.7MiB / 2.767GiB,31.90%,528MB / 15.7MB,95.9MB / 349MB
2026-06-13 01:02:40,iot-postgres,0.00%,28.52MiB / 2.767GiB,1.01%,141kB / 126B,17.3MB / 233kB
2026-06-13 01:02:40,iot-mosquitto,0.06%,20.15MiB / 2.767GiB,0.71%,84.1kB / 69.9kB,4.12MB / 160kB
2026-06-13 01:02:40,iot-kafka,4.19%,904MiB / 2.767GiB,31.91%,528MB / 15.7MB,95.9MB / 349MB
2026-06-13 01:02:46,iot-postgres,0.00%,28.52MiB / 2.767GiB,1.01%,141kB / 126B,17.3MB / 233kB
2026-06-13 01:02:46,iot-mosquitto,2.39%,20.46MiB / 2.767GiB,0.72%,84.1kB / 69.9kB,4.12MB / 164kB
2026-06-13 01:02:46,iot-kafka,1.22%,904.9MiB / 2.767GiB,31.94%,528MB / 15.7MB,95.9MB / 349MB
2026-06-13 01:02:52,iot-postgres,0.00%,28.51MiB / 2.767GiB,1.01%,141kB / 126B,17.3MB / 233kB
2026-06-13 01:02:52,iot-mosquitto,0.06%,20.15MiB / 2.767GiB,0.71%,84.1kB / 69.9kB,4.12MB / 168kB
2026-06-13 01:02:52,iot-kafka,1.51%,904.2MiB / 2.767GiB,31.91%,528MB / 15.7MB,95.9MB / 349MB
2026-06-13 01:02:58,iot-postgres,3.22%,28.86MiB / 2.767GiB,1.02%,141kB / 126B,17.3MB / 233kB
2026-06-13 01:02:58,iot-mosquitto,0.05%,20.15MiB / 2.767GiB,0.71%,84.1kB / 69.9kB,4.12MB / 168kB
2026-06-13 01:02:58,iot-kafka,1.52%,903.7MiB / 2.767GiB,31.90%,528MB / 15.7MB,95.9MB / 349MB
2026-06-13 01:03:04,iot-postgres,0.00%,28.51MiB / 2.767GiB,1.01%,141kB / 126B,17.3MB / 233kB
2026-06-13 01:03:04,iot-mosquitto,0.07%,20.16MiB / 2.767GiB,0.71%,84.1kB / 69.9kB,4.12MB / 172kB
2026-06-13 01:03:04,iot-kafka,3.77%,905.2MiB / 2.767GiB,31.95%,528MB / 15.7MB,95.9MB / 349MB
2026-06-13 01:03:10,iot-postgres,0.00%,28.53MiB / 2.767GiB,1.01%,141kB / 126B,17.3MB / 233kB
2026-06-13 01:03:10,iot-mosquitto,0.07%,20.16MiB / 2.767GiB,0.71%,84.1kB / 69.9kB,4.12MB / 172kB
2026-06-13 01:03:10,iot-kafka,1.27%,905MiB / 2.767GiB,31.94%,528MB / 15.7MB,95.9MB / 350MB
2026-06-13 01:03:16,iot-postgres,0.01%,28.52MiB / 2.767GiB,1.01%,141kB / 126B,17.3MB / 233kB
2026-06-13 01:03:16,iot-mosquitto,0.05%,20.16MiB / 2.767GiB,0.71%,84.1kB / 69.9kB,4.12MB / 176kB
2026-06-13 01:03:16,iot-kafka,2.44%,905.3MiB / 2.767GiB,31.95%,528MB / 15.7MB,95.9MB / 350MB
2026-06-13 01:03:23,iot-postgres,0.00%,28.52MiB / 2.767GiB,1.01%,141kB / 126B,17.3MB / 233kB
2026-06-13 01:03:23,iot-mosquitto,0.07%,20.15MiB / 2.767GiB,0.71%,84.1kB / 69.9kB,4.12MB / 180kB
2026-06-13 01:04:00,iot-mosquitto,0.08%,20.16MiB / 2.767GiB,0.71%,84.1kB / 69.9kB,4.12MB / 193kB
2026-06-13 01:04:00,iot-kafka,3.62%,905.7MiB / 2.767GiB,31.97%,528MB / 15.7MB,96.3MB / 350MB
2026-06-13 01:04:06,iot-postgres,0.00%,28.52MiB / 2.767GiB,1.01%,141kB / 126B,17.3MB / 233kB
2026-06-13 01:04:06,iot-mosquitto,0.06%,20.17MiB / 2.767GiB,0.71%,84.1kB / 69.9kB,4.12MB / 197kB
2026-06-13 01:04:06,iot-kafka,1.55%,905.4MiB / 2.767GiB,31.96%,528MB / 15.7MB,96.3MB / 350MB
2026-06-13 01:04:12,iot-postgres,0.00%,28.61MiB / 2.767GiB,1.01%,141kB / 126B,17.3MB / 233kB
2026-06-13 01:04:12,iot-mosquitto,0.05%,20.17MiB / 2.767GiB,0.71%,84.1kB / 69.9kB,4.12MB / 197kB
2026-06-13 01:04:12,iot-kafka,1.74%,907.4MiB / 2.767GiB,32.03%,528MB / 15.7MB,96.3MB / 350MB
2026-06-13 01:04:18,iot-postgres,3.61%,28.85MiB / 2.767GiB,1.02%,141kB / 126B,17.3MB / 233kB
2026-06-13 01:04:18,iot-mosquitto,0.06%,20.17MiB / 2.767GiB,0.71%,84.1kB / 69.9kB,4.12MB / 201kB
2026-06-13 01:04:18,iot-kafka,1.35%,905.5MiB / 2.767GiB,31.96%,528MB / 15.7MB,96.4MB / 350MB
2026-06-13 01:04:24,iot-postgres,0.00%,28.52MiB / 2.767GiB,1.01%,141kB / 126B,17.3MB / 233kB
2026-06-13 01:04:24,iot-mosquitto,0.05%,20.41MiB / 2.767GiB,0.72%,84.1kB / 69.9kB,4.12MB / 205kB
2026-06-13 01:04:24,iot-kafka,1.54%,905MiB / 2.767GiB,31.94%,528MB / 15.7MB,96.4MB / 350MB
2026-06-13 01:04:31,iot-postgres,0.00%,28.52MiB / 2.767GiB,1.01%,141kB / 126B,17.3MB / 233kB
2026-06-13 01:04:31,iot-mosquitto,0.06%,20.16MiB / 2.767GiB,0.71%,84.1kB / 69.9kB,4.12MB / 213kB
2026-06-13 01:04:31,iot-kafka,3.69%,905.1MiB / 2.767GiB,31.94%,528MB / 15.7MB,96.4MB / 350MB
2026-06-13 01:04:37,iot-postgres,0.01%,28.52MiB / 2.767GiB,1.01%,141kB / 126B,17.3MB / 233kB
2026-06-13 01:04:37,iot-mosquitto,0.08%,20.16MiB / 2.767GiB,0.71%,84.1kB / 69.9kB,4.12MB / 213kB
2026-06-13 01:04:37,iot-kafka,4.69%,907.4MiB / 2.767GiB,32.03%,528MB / 15.7MB,96.4MB / 350MB
2026-06-13 01:04:43,iot-postgres,0.00%,28.53MiB / 2.767GiB,1.01%,141kB / 126B,17.3MB / 233kB
2026-06-13 01:04:43,iot-mosquitto,0.05%,20.16MiB / 2.767GiB,0.71%,84.1kB / 69.9kB,4.12MB / 213kB
2026-06-13 01:04:43,iot-kafka,1.58%,905.8MiB / 2.767GiB,31.97%,528MB / 15.7MB,96.4MB / 350MB
2026-06-13 01:04:49,iot-postgres,0.00%,28.74MiB / 2.767GiB,1.01%,141kB / 126B,17.3MB / 233kB
2026-06-13 01:04:49,iot-mosquitto,0.07%,20.19MiB / 2.767GiB,0.71%,84.1kB / 69.9kB,4.12MB / 217kB
2026-06-13 01:04:49,iot-kafka,3.32%,905.4MiB / 2.767GiB,31.96%,528MB / 15.7MB,96.4MB / 351MB
2026-06-13 01:04:55,iot-postgres,0.00%,28.52MiB / 2.767GiB,1.01%,141kB / 126B,17.3MB / 233kB
2026-06-13 01:04:55,iot-mosquitto,0.06%,20.41MiB / 2.767GiB,0.72%,84.1kB / 69.9kB,4.12MB / 221kB
2026-06-13 01:04:55,iot-kafka,1.57%,905.3MiB / 2.767GiB,31.95%,528MB / 15.7MB,96.4MB / 351MB
2026-06-13 01:05:01,iot-postgres,0.01%,28.52MiB / 2.767GiB,1.01%,141kB / 126B,17.3MB / 233kB
2026-06-13 01:05:01,iot-mosquitto,2.39%,20.71MiB / 2.767GiB,0.73%,84.1kB / 69.9kB,4.12MB / 225kB
2026-06-13 01:05:01,iot-kafka,1.61%,905.4MiB / 2.767GiB,31.96%,528MB / 15.7MB,96.4MB / 351MB
2026-06-13 01:05:08,iot-postgres,0.00%,28.52MiB / 2.767GiB,1.01%,141kB / 126B,17.3MB / 233kB
2026-06-13 01:05:08,iot-mosquitto,0.06%,20.17MiB / 2.767GiB,0.71%,84.1kB / 69.9kB,4.12MB / 225kB
2026-06-13 01:05:08,iot-kafka,2.19%,906.6MiB / 2.767GiB,32.00%,528MB / 15.7MB,96.4MB / 351MB
2026-06-13 01:05:14,iot-postgres,0.00%,28.52MiB / 2.767GiB,1.01%,141kB / 126B,17.3MB / 233kB
2026-06-13 01:05:14,iot-mosquitto,0.06%,20.17MiB / 2.767GiB,0.71%,84.1kB / 69.9kB,4.12MB / 225kB
2026-06-13 01:05:14,iot-kafka,1.27%,905.8MiB / 2.767GiB,31.97%,528MB / 15.7MB,96.4MB / 351MB
2026-06-13 01:05:20,iot-postgres,0.00%,28.55MiB / 2.767GiB,1.01%,141kB / 126B,17.3MB / 233kB
2026-06-13 01:05:20,iot-mosquitto,0.06%,20.16MiB / 2.767GiB,0.71%,84.1kB / 69.9kB,4.12MB / 225kB
2026-06-13 01:05:20,iot-kafka,1.48%,905.6MiB / 2.767GiB,31.96%,528MB / 15.7MB,96.4MB / 351MB
2026-06-13 01:05:26,iot-postgres,0.00%,28.52MiB / 2.767GiB,1.01%,141kB / 126B,17.3MB / 233kB
2026-06-13 01:05:26,iot-mosquitto,0.06%,20.41MiB / 2.767GiB,0.72%,84.1kB / 69.9kB,4.12MB / 229kB
2026-06-13 01:05:26,iot-kafka,1.94%,905.4MiB / 2.767GiB,31.96%,528MB / 15.7MB,96.4MB / 351MB
2026-06-13 01:05:32,iot-postgres,0.00%,28.52MiB / 2.767GiB,1.01%,141kB / 126B,17.3MB / 233kB
2026-06-13 01:05:32,iot-mosquitto,0.06%,20.39MiB / 2.767GiB,0.72%,84.1kB / 69.9kB,4.12MB / 233kB
2026-06-13 01:05:32,iot-kafka,2.20%,905.2MiB / 2.767GiB,31.95%,528MB / 15.7MB,96.4MB / 351MB
2026-06-13 01:05:38,iot-postgres,3.48%,28.75MiB / 2.767GiB,1.01%,141kB / 126B,17.3MB / 233kB
2026-06-13 01:05:38,iot-mosquitto,0.07%,20.17MiB / 2.767GiB,0.71%,84.1kB / 69.9kB,4.12MB / 233kB
2026-06-13 01:05:38,iot-kafka,2.50%,905.6MiB / 2.767GiB,31.97%,528MB / 15.7MB,96.4MB / 351MB
2026-06-13 01:05:45,iot-postgres,0.00%,28.55MiB / 2.767GiB,1.01%,141kB / 126B,17.3MB / 233kB
2026-06-13 01:05:45,iot-mosquitto,0.06%,20.17MiB / 2.767GiB,0.71%,84.1kB / 69.9kB,4.12MB / 233kB
2026-06-13 01:05:45,iot-kafka,1.86%,905MiB / 2.767GiB,31.94%,528MB / 15.7MB,96.4MB / 351MB
2026-06-13 01:05:51,iot-postgres,0.00%,28.54MiB / 2.767GiB,1.01%,141kB / 126B,17.3MB / 233kB
2026-06-13 01:05:51,iot-mosquitto,0.05%,20.16MiB / 2.767GiB,0.71%,84.1kB / 69.9kB,4.12MB / 233kB
2026-06-13 01:05:51,iot-kafka,6.22%,906.4MiB / 2.767GiB,31.99%,528MB / 15.7MB,96.4MB / 351MB
2026-06-13 01:05:57,iot-postgres,0.00%,28.52MiB / 2.767GiB,1.01%,141kB / 126B,17.3MB / 233kB
2026-06-13 01:05:57,iot-mosquitto,0.11%,20.16MiB / 2.767GiB,0.71%,84.1kB / 69.9kB,4.12MB / 238kB
2026-06-13 01:05:57,iot-kafka,1.68%,905.2MiB / 2.767GiB,31.95%,528MB / 15.7MB,96.4MB / 351MB
2026-06-13 01:06:03,iot-postgres,0.00%,28.66MiB / 2.767GiB,1.01%,141kB / 126B,17.3MB / 233kB
2026-06-13 01:06:03,iot-mosquitto,0.06%,20.17MiB / 2.767GiB,0.71%,84.1kB / 69.9kB,4.12MB / 242kB
2026-06-13 01:06:03,iot-kafka,5.57%,906.8MiB / 2.767GiB,32.01%,528MB / 15.7MB,96.4MB / 351MB
2026-06-13 01:06:09,iot-postgres,3.29%,28.98MiB / 2.767GiB,1.02%,141kB / 126B,17.3MB / 233kB
2026-06-13 01:06:09,iot-mosquitto,0.07%,20.17MiB / 2.767GiB,0.71%,84.1kB / 69.9kB,4.12MB / 242kB
2026-06-13 01:06:09,iot-kafka,1.87%,906.2MiB / 2.767GiB,31.98%,528MB / 15.7MB,96.4MB / 351MB
2026-06-13 01:06:15,iot-postgres,0.00%,28.52MiB / 2.767GiB,1.01%,141kB / 126B,17.3MB / 233kB
2026-06-13 01:06:15,iot-mosquitto,0.07%,20.16MiB / 2.767GiB,0.71%,84.1kB / 69.9kB,4.12MB / 242kB
2026-06-13 01:06:15,iot-kafka,1.33%,905.2MiB / 2.767GiB,31.95%,528MB / 15.7MB,96.4MB / 351MB
2026-06-13 01:06:22,iot-postgres,0.00%,28.59MiB / 2.767GiB,1.01%,141kB / 126B,17.3MB / 233kB
2026-06-13 01:06:22,iot-mosquitto,0.07%,20.17MiB / 2.767GiB,0.71%,84.1kB / 69.9kB,4.12MB / 242kB
2026-06-13 01:06:22,iot-kafka,3.71%,906.1MiB / 2.767GiB,31.98%,528MB / 15.7MB,96.4MB / 352MB
2026-06-13 01:06:28,iot-postgres,0.00%,28.52MiB / 2.767GiB,1.01%,141kB / 126B,17.3MB / 233kB
2026-06-13 01:06:28,iot-mosquitto,0.15%,20.41MiB / 2.767GiB,0.72%,84.1kB / 69.9kB,4.12MB / 246kB
2026-06-13 01:06:28,iot-kafka,1.54%,907.4MiB / 2.767GiB,32.03%,528MB / 15.7MB,96.4MB / 352MB
2026-06-13 01:06:34,iot-postgres,0.00%,28.52MiB / 2.767GiB,1.01%,141kB / 126B,17.3MB / 233kB
2026-06-13 01:06:34,iot-mosquitto,0.08%,20.17MiB / 2.767GiB,0.71%,84.1kB / 69.9kB,4.12MB / 250kB
2026-06-13 01:06:34,iot-kafka,1.40%,906MiB / 2.767GiB,31.98%,528MB / 15.7MB,96.4MB / 352MB
2026-06-13 01:06:40,iot-postgres,0.00%,28.78MiB / 2.767GiB,1.02%,141kB / 126B,17.3MB / 233kB
2026-06-13 01:06:40,iot-mosquitto,0.06%,20.16MiB / 2.767GiB,0.71%,84.1kB / 69.9kB,4.12MB / 250kB
2026-06-13 01:06:40,iot-kafka,1.59%,906.8MiB / 2.767GiB,32.00%,528MB / 15.7MB,96.4MB / 352MB
2026-06-13 01:06:46,iot-postgres,0.01%,28.52MiB / 2.767GiB,1.01%,141kB / 126B,17.3MB / 233kB
2026-06-13 01:06:46,iot-mosquitto,0.05%,20.16MiB / 2.767GiB,0.71%,84.1kB / 69.9kB,4.12MB / 250kB
2026-06-13 01:06:46,iot-kafka,1.37%,905.2MiB / 2.767GiB,31.95%,528MB / 15.7MB,96.4MB / 352MB
2026-06-13 01:06:53,iot-postgres,0.00%,28.53MiB / 2.767GiB,1.01%,141kB / 126B,17.3MB / 233kB
2026-06-13 01:06:53,iot-mosquitto,0.07%,20.16MiB / 2.767GiB,0.71%,84.1kB / 69.9kB,4.12MB / 250kB
2026-06-13 01:06:53,iot-kafka,1.46%,905.6MiB / 2.767GiB,31.96%,528MB / 15.7MB,96.4MB / 352MB
2026-06-13 01:06:59,iot-postgres,0.00%,28.52MiB / 2.767GiB,1.01%,141kB / 126B,17.3MB / 233kB
2026-06-13 01:06:59,iot-mosquitto,0.11%,20.16MiB / 2.767GiB,0.71%,84.1kB / 69.9kB,4.12MB / 254kB
2026-06-13 01:06:59,iot-kafka,1.58%,905.6MiB / 2.767GiB,31.96%,528MB / 15.7MB,96.4MB / 352MB
2026-06-13 01:07:05,iot-postgres,0.00%,28.52MiB / 2.767GiB,1.01%,141kB / 126B,17.3MB / 233kB
2026-06-13 01:07:05,iot-mosquitto,0.06%,20.18MiB / 2.767GiB,0.71%,84.1kB / 69.9kB,4.12MB / 258kB
2026-06-13 01:07:05,iot-kafka,2.34%,905.6MiB / 2.767GiB,31.96%,528MB / 15.7MB,96.4MB / 352MB
2026-06-13 01:07:11,iot-postgres,0.00%,28.53MiB / 2.767GiB,1.01%,141kB / 126B,17.3MB / 233kB
2026-06-13 01:07:11,iot-mosquitto,0.07%,20.17MiB / 2.767GiB,0.71%,84.1kB / 69.9kB,4.12MB / 258kB
2026-06-13 01:07:11,iot-kafka,74.57%,926.6MiB / 2.767GiB,32.70%,528MB / 15.7MB,96.5MB / 352MB
2026-06-13 01:07:17,iot-postgres,0.00%,28.52MiB / 2.767GiB,1.01%,141kB / 126B,17.3MB / 233kB
2026-06-13 01:07:17,iot-mosquitto,2.72%,20.17MiB / 2.767GiB,0.71%,84.1kB / 69.9kB,4.12MB / 258kB
2026-06-13 01:07:17,iot-kafka,2.71%,905.6MiB / 2.767GiB,31.96%,528MB / 15.7MB,96.5MB / 352MB
2026-06-13 01:07:23,iot-postgres,0.00%,28.53MiB / 2.767GiB,1.01%,141kB / 126B,17.3MB / 233kB
2026-06-13 01:07:23,iot-mosquitto,0.05%,20.16MiB / 2.767GiB,0.71%,84.1kB / 69.9kB,4.12MB / 258kB
2026-06-13 01:07:23,iot-kafka,1.85%,905.8MiB / 2.767GiB,31.97%,528MB / 15.7MB,96.5MB / 352MB
2026-06-13 01:07:30,iot-postgres,3.12%,28.76MiB / 2.767GiB,1.02%,141kB / 126B,17.3MB / 233kB
2026-06-13 01:07:30,iot-mosquitto,0.13%,20.41MiB / 2.767GiB,0.72%,84.1kB / 69.9kB,4.12MB / 262kB
2026-06-13 01:07:30,iot-kafka,3.87%,905.8MiB / 2.767GiB,31.97%,528MB / 15.7MB,96.5MB / 352MB
2026-06-13 01:07:36,iot-postgres,0.77%,28.74MiB / 2.767GiB,1.01%,141kB / 126B,17.3MB / 233kB
2026-06-13 01:07:36,iot-mosquitto,0.06%,20.17MiB / 2.767GiB,0.71%,84.1kB / 69.9kB,4.12MB / 270kB
2026-06-13 01:07:36,iot-kafka,3.68%,905.4MiB / 2.767GiB,31.96%,528MB / 15.7MB,96.5MB / 352MB
2026-06-13 01:07:42,iot-postgres,0.01%,28.52MiB / 2.767GiB,1.01%,141kB / 126B,17.3MB / 233kB
2026-06-13 01:07:42,iot-mosquitto,0.05%,20.17MiB / 2.767GiB,0.71%,84.1kB / 69.9kB,4.12MB / 270kB
2026-06-13 01:07:42,iot-kafka,5.46%,905.6MiB / 2.767GiB,31.96%,528MB / 15.7MB,96.5MB / 352MB
2026-06-13 01:07:48,iot-postgres,0.00%,28.52MiB / 2.767GiB,1.01%,141kB / 126B,17.3MB / 233kB
2026-06-13 01:07:48,iot-mosquitto,2.51%,20.17MiB / 2.767GiB,0.71%,84.1kB / 69.9kB,4.12MB / 274kB
2026-06-13 01:07:48,iot-kafka,1.78%,906.7MiB / 2.767GiB,32.00%,528MB / 15.7MB,96.5MB / 352MB
2026-06-13 01:07:54,iot-postgres,0.00%,28.52MiB / 2.767GiB,1.01%,141kB / 126B,17.3MB / 233kB
2026-06-13 01:07:54,iot-mosquitto,0.05%,20.16MiB / 2.767GiB,0.71%,84.1kB / 69.9kB,4.12MB / 274kB
2026-06-13 01:07:54,iot-kafka,2.26%,906MiB / 2.767GiB,31.98%,528MB / 15.7MB,96.5MB / 352MB
2026-06-13 01:08:00,iot-postgres,0.00%,28.71MiB / 2.767GiB,1.01%,141kB / 126B,17.3MB / 233kB
2026-06-13 01:08:00,iot-mosquitto,0.22%,20.41MiB / 2.767GiB,0.72%,84.1kB / 69.9kB,4.12MB / 279kB
2026-06-13 01:08:00,iot-kafka,1.44%,905.3MiB / 2.767GiB,31.95%,528MB / 15.7MB,96.5MB / 353MB
2026-06-13 01:08:07,iot-postgres,0.00%,28.52MiB / 2.767GiB,1.01%,141kB / 126B,17.3MB / 233kB
2026-06-13 01:08:07,iot-mosquitto,0.06%,20.17MiB / 2.767GiB,0.71%,84.1kB / 69.9kB,4.12MB / 283kB
2026-06-13 01:08:07,iot-kafka,2.97%,905.3MiB / 2.767GiB,31.95%,528MB / 15.7MB,96.5MB / 353MB
2026-06-13 01:08:13,iot-postgres,0.02%,28.52MiB / 2.767GiB,1.01%,141kB / 126B,17.3MB / 233kB
2026-06-13 01:08:13,iot-mosquitto,0.06%,20.17MiB / 2.767GiB,0.71%,84.1kB / 69.9kB,4.12MB / 283kB
2026-06-13 01:08:13,iot-kafka,1.62%,906MiB / 2.767GiB,31.98%,528MB / 15.7MB,96.5MB / 353MB
2026-06-13 01:08:19,iot-postgres,0.00%,28.52MiB / 2.767GiB,1.01%,141kB / 126B,17.3MB / 233kB
2026-06-13 01:08:19,iot-mosquitto,0.06%,20.17MiB / 2.767GiB,0.71%,84.1kB / 69.9kB,4.12MB / 287kB
2026-06-13 01:08:19,iot-kafka,1.91%,905.7MiB / 2.767GiB,31.97%,528MB / 15.7MB,96.5MB / 353MB
2026-06-13 01:08:25,iot-postgres,0.00%,28.52MiB / 2.767GiB,1.01%,141kB / 126B,17.3MB / 233kB
2026-06-13 01:08:25,iot-mosquitto,0.08%,20.17MiB / 2.767GiB,0.71%,84.1kB / 69.9kB,4.12MB / 287kB
2026-06-13 01:08:25,iot-kafka,3.53%,906.4MiB / 2.767GiB,31.99%,528MB / 15.7MB,96.5MB / 353MB
2026-06-13 01:08:31,iot-postgres,0.01%,28.52MiB / 2.767GiB,1.01%,141kB / 126B,17.3MB / 233kB
2026-06-13 01:08:31,iot-mosquitto,0.14%,20.41MiB / 2.767GiB,0.72%,84.1kB / 69.9kB,4.12MB / 291kB
2026-06-13 01:08:31,iot-kafka,3.08%,907.3MiB / 2.767GiB,32.02%,528MB / 15.7MB,96.5MB / 353MB
2026-06-13 01:08:37,iot-postgres,0.00%,28.52MiB / 2.767GiB,1.01%,141kB / 126B,17.3MB / 233kB
2026-06-13 01:08:37,iot-mosquitto,0.08%,20.16MiB / 2.767GiB,0.71%,84.1kB / 69.9kB,4.12MB / 295kB
2026-06-13 01:08:37,iot-kafka,6.38%,906.9MiB / 2.767GiB,32.01%,528MB / 15.7MB,96.5MB / 353MB
2026-06-13 01:08:44,iot-postgres,0.01%,28.68MiB / 2.767GiB,1.01%,141kB / 126B,17.3MB / 233kB
2026-06-13 01:08:44,iot-mosquitto,0.08%,20.16MiB / 2.767GiB,0.71%,84.1kB / 69.9kB,4.12MB / 295kB
2026-06-13 01:08:44,iot-kafka,3.84%,906.3MiB / 2.767GiB,31.99%,528MB / 15.7MB,96.5MB / 353MB
2026-06-13 01:08:50,iot-postgres,2.30%,29.8MiB / 2.767GiB,1.05%,141kB / 126B,17.3MB / 233kB
2026-06-13 01:08:50,iot-mosquitto,0.09%,20.16MiB / 2.767GiB,0.71%,84.1kB / 69.9kB,4.12MB / 299kB
2026-06-13 01:08:50,iot-kafka,3.03%,905.9MiB / 2.767GiB,31.97%,528MB / 15.7MB,96.5MB / 353MB
2026-06-13 01:08:56,iot-postgres,0.00%,28.52MiB / 2.767GiB,1.01%,141kB / 126B,17.3MB / 233kB
2026-06-13 01:08:56,iot-mosquitto,0.08%,20.16MiB / 2.767GiB,0.71%,84.1kB / 69.9kB,4.12MB / 299kB
2026-06-13 01:08:56,iot-kafka,3.12%,905.9MiB / 2.767GiB,31.98%,528MB / 15.7MB,96.5MB / 353MB
2026-06-13 01:09:02,iot-postgres,0.00%,28.53MiB / 2.767GiB,1.01%,141kB / 126B,17.3MB / 233kB
2026-06-13 01:09:02,iot-mosquitto,0.36%,20.17MiB / 2.767GiB,0.71%,84.1kB / 69.9kB,4.12MB / 303kB
2026-06-13 01:09:02,iot-kafka,4.92%,905.6MiB / 2.767GiB,31.96%,528MB / 15.7MB,96.5MB / 353MB
2026-06-13 01:09:08,iot-postgres,0.00%,28.52MiB / 2.767GiB,1.01%,141kB / 126B,17.3MB / 233kB
2026-06-13 01:09:08,iot-mosquitto,0.08%,20.17MiB / 2.767GiB,0.71%,84.1kB / 69.9kB,4.12MB / 307kB
2026-06-13 01:09:08,iot-kafka,3.93%,906.4MiB / 2.767GiB,31.99%,528MB / 15.7MB,96.5MB / 353MB
2026-06-13 01:09:14,iot-postgres,0.01%,28.52MiB / 2.767GiB,1.01%,141kB / 126B,17.3MB / 233kB
2026-06-13 01:09:14,iot-mosquitto,0.09%,20.17MiB / 2.767GiB,0.71%,84.1kB / 69.9kB,4.12MB / 307kB
2026-06-13 01:09:14,iot-kafka,6.84%,906.3MiB / 2.767GiB,31.99%,528MB / 15.7MB,96.5MB / 353MB
2026-06-13 01:09:21,iot-postgres,3.42%,29.17MiB / 2.767GiB,1.03%,141kB / 126B,17.3MB / 233kB
2026-06-13 01:09:21,iot-mosquitto,0.05%,20.16MiB / 2.767GiB,0.71%,84.1kB / 69.9kB,4.12MB / 311kB
2026-06-13 01:09:21,iot-kafka,3.22%,905.5MiB / 2.767GiB,31.96%,528MB / 15.7MB,96.5MB / 353MB
2026-06-13 01:09:27,iot-postgres,0.00%,28.52MiB / 2.767GiB,1.01%,141kB / 126B,17.3MB / 233kB
2026-06-13 01:09:27,iot-mosquitto,0.09%,20.16MiB / 2.767GiB,0.71%,84.1kB / 69.9kB,4.12MB / 311kB
2026-06-13 01:09:27,iot-kafka,3.16%,905.5MiB / 2.767GiB,31.96%,528MB / 15.7MB,96.5MB / 353MB
2026-06-13 01:09:33,iot-postgres,0.00%,28.52MiB / 2.767GiB,1.01%,141kB / 126B,17.3MB / 233kB
2026-06-13 01:09:33,iot-mosquitto,0.10%,20.16MiB / 2.767GiB,0.71%,84.1kB / 69.9kB,4.12MB / 315kB
2026-06-13 01:09:33,iot-kafka,4.68%,905.8MiB / 2.767GiB,31.97%,528MB / 15.7MB,96.5MB / 353MB
2026-06-13 01:09:39,iot-postgres,0.00%,28.52MiB / 2.767GiB,1.01%,141kB / 126B,17.3MB / 233kB
2026-06-13 01:09:39,iot-mosquitto,0.06%,20.17MiB / 2.767GiB,0.71%,84.1kB / 69.9kB,4.12MB / 319kB
2026-06-13 01:09:39,iot-kafka,2.26%,907.1MiB / 2.767GiB,32.02%,528MB / 15.7MB,96.5MB / 354MB
2026-06-13 01:09:45,iot-postgres,0.00%,28.53MiB / 2.767GiB,1.01%,141kB / 126B,17.3MB / 233kB
2026-06-13 01:09:45,iot-mosquitto,0.05%,20.17MiB / 2.767GiB,0.71%,84.1kB / 69.9kB,4.12MB / 319kB
2026-06-13 01:09:45,iot-kafka,2.12%,906.8MiB / 2.767GiB,32.01%,528MB / 15.7MB,96.5MB / 354MB
2026-06-13 01:09:51,iot-postgres,0.01%,28.59MiB / 2.767GiB,1.01%,141kB / 126B,17.3MB / 233kB
2026-06-13 01:09:51,iot-mosquitto,0.08%,20.16MiB / 2.767GiB,0.71%,84.1kB / 69.9kB,4.12MB / 324kB
2026-06-13 01:09:51,iot-kafka,4.02%,905.8MiB / 2.767GiB,31.97%,528MB / 15.7MB,96.5MB / 354MB
2026-06-13 01:09:58,iot-postgres,0.00%,28.52MiB / 2.767GiB,1.01%,141kB / 126B,17.3MB / 233kB
2026-06-13 01:09:58,iot-mosquitto,0.08%,20.16MiB / 2.767GiB,0.71%,84.1kB / 69.9kB,4.12MB / 324kB
2026-06-13 01:09:58,iot-kafka,2.39%,906MiB / 2.767GiB,31.98%,528MB / 15.7MB,96.5MB / 354MB
2026-06-13 01:10:04,iot-postgres,0.00%,28.52MiB / 2.767GiB,1.01%,141kB / 126B,17.3MB / 233kB
2026-06-13 01:10:04,iot-mosquitto,2.83%,20.69MiB / 2.767GiB,0.73%,84.1kB / 69.9kB,4.12MB / 328kB
2026-06-13 01:10:04,iot-kafka,5.33%,906.4MiB / 2.767GiB,31.99%,528MB / 15.7MB,96.5MB / 354MB
2026-06-13 01:10:10,iot-postgres,0.00%,28.52MiB / 2.767GiB,1.01%,141kB / 126B,17.3MB / 233kB
2026-06-13 01:10:10,iot-mosquitto,0.10%,20.17MiB / 2.767GiB,0.71%,84.1kB / 69.9kB,4.12MB / 332kB
2026-06-13 01:10:10,iot-kafka,2.19%,906.6MiB / 2.767GiB,32.00%,528MB / 15.7MB,96.5MB / 354MB
2026-06-13 01:10:16,iot-postgres,0.00%,28.54MiB / 2.767GiB,1.01%,141kB / 126B,17.3MB / 233kB
2026-06-13 01:10:16,iot-mosquitto,0.08%,20.17MiB / 2.767GiB,0.71%,84.1kB / 69.9kB,4.12MB / 332kB
2026-06-13 01:10:16,iot-kafka,2.10%,905.8MiB / 2.767GiB,31.97%,528MB / 15.7MB,96.5MB / 354MB
2026-06-13 01:10:22,iot-postgres,0.00%,28.59MiB / 2.767GiB,1.01%,141kB / 126B,17.3MB / 233kB
2026-06-13 01:10:22,iot-mosquitto,0.09%,20.18MiB / 2.767GiB,0.71%,84.1kB / 69.9kB,4.12MB / 336kB
2026-06-13 01:10:22,iot-kafka,3.17%,907.1MiB / 2.767GiB,32.02%,528MB / 15.7MB,96.5MB / 354MB
2026-06-13 01:10:28,iot-postgres,0.00%,28.53MiB / 2.767GiB,1.01%,141kB / 126B,17.3MB / 233kB
2026-06-13 01:10:28,iot-mosquitto,0.08%,20.18MiB / 2.767GiB,0.71%,84.1kB / 69.9kB,4.12MB / 336kB
2026-06-13 01:10:28,iot-kafka,3.10%,905.8MiB / 2.767GiB,31.97%,528MB / 15.7MB,96.5MB / 354MB
2026-06-13 01:10:35,iot-postgres,0.00%,28.52MiB / 2.767GiB,1.01%,141kB / 126B,17.3MB / 233kB
2026-06-13 01:10:35,iot-mosquitto,0.06%,20.18MiB / 2.767GiB,0.71%,84.1kB / 69.9kB,4.12MB / 336kB
2026-06-13 01:10:35,iot-kafka,2.81%,906.1MiB / 2.767GiB,31.98%,528MB / 15.7MB,96.5MB / 354MB
2026-06-13 01:10:41,iot-postgres,3.38%,29.2MiB / 2.767GiB,1.03%,141kB / 126B,17.3MB / 233kB
2026-06-13 01:10:41,iot-mosquitto,0.08%,20.17MiB / 2.767GiB,0.71%,84.1kB / 69.9kB,4.12MB / 340kB
2026-06-13 01:10:41,iot-kafka,1.62%,906.3MiB / 2.767GiB,31.99%,528MB / 15.7MB,96.5MB / 354MB
2026-06-13 01:10:47,iot-postgres,0.00%,28.52MiB / 2.767GiB,1.01%,141kB / 126B,17.3MB / 233kB
2026-06-13 01:10:47,iot-mosquitto,0.08%,20.17MiB / 2.767GiB,0.71%,84.1kB / 69.9kB,4.12MB / 340kB
2026-06-13 01:10:47,iot-kafka,2.00%,905.7MiB / 2.767GiB,31.97%,528MB / 15.7MB,96.5MB / 354MB
2026-06-13 01:10:53,iot-postgres,0.00%,28.53MiB / 2.767GiB,1.01%,141kB / 126B,17.3MB / 233kB
2026-06-13 01:10:53,iot-mosquitto,0.09%,20.17MiB / 2.767GiB,0.71%,84.1kB / 69.9kB,4.12MB / 348kB
2026-06-13 01:10:53,iot-kafka,6.05%,905.7MiB / 2.767GiB,31.97%,528MB / 15.7MB,96.5MB / 354MB
2026-06-13 01:10:59,iot-postgres,0.00%,28.52MiB / 2.767GiB,1.01%,141kB / 126B,17.3MB / 233kB
2026-06-13 01:10:59,iot-mosquitto,0.06%,20.17MiB / 2.767GiB,0.71%,84.1kB / 69.9kB,4.12MB / 348kB
2026-06-13 01:10:59,iot-kafka,3.55%,907MiB / 2.767GiB,32.01%,528MB / 15.7MB,96.5MB / 354MB
2026-06-13 01:11:05,iot-postgres,0.00%,28.53MiB / 2.767GiB,1.01%,141kB / 126B,17.3MB / 233kB
2026-06-13 01:11:05,iot-mosquitto,0.08%,20.17MiB / 2.767GiB,0.71%,84.1kB / 69.9kB,4.12MB / 348kB
2026-06-13 01:11:05,iot-kafka,1.71%,905.9MiB / 2.767GiB,31.97%,528MB / 15.7MB,96.5MB / 354MB
2026-06-13 01:11:12,iot-postgres,3.28%,28.64MiB / 2.767GiB,1.01%,141kB / 126B,17.3MB / 233kB
2026-06-13 01:11:12,iot-mosquitto,0.08%,20.17MiB / 2.767GiB,0.71%,84.1kB / 69.9kB,4.12MB / 352kB
2026-06-13 01:11:12,iot-kafka,3.32%,906.2MiB / 2.767GiB,31.99%,528MB / 15.7MB,96.5MB / 355MB
2026-06-13 01:11:18,iot-postgres,0.00%,28.53MiB / 2.767GiB,1.01%,141kB / 126B,17.3MB / 233kB
2026-06-13 01:11:18,iot-mosquitto,0.08%,20.17MiB / 2.767GiB,0.71%,84.1kB / 69.9kB,4.12MB / 352kB
2026-06-13 01:11:18,iot-kafka,1.89%,905.9MiB / 2.767GiB,31.97%,528MB / 15.7MB,96.5MB / 355MB
2026-06-13 01:11:24,iot-postgres,0.00%,28.53MiB / 2.767GiB,1.01%,141kB / 126B,17.3MB / 233kB
2026-06-13 01:11:24,iot-mosquitto,0.06%,20.17MiB / 2.767GiB,0.71%,84.1kB / 69.9kB,4.12MB / 356kB
2026-06-13 01:11:24,iot-kafka,7.21%,907.3MiB / 2.767GiB,32.02%,528MB / 15.7MB,96.6MB / 355MB
2026-06-13 01:11:30,iot-postgres,0.00%,18.28MiB / 2.767GiB,0.65%,141kB / 126B,17.3MB / 233kB
2026-06-13 01:11:30,iot-mosquitto,0.05%,17.71MiB / 2.767GiB,0.62%,84.1kB / 69.9kB,4.12MB / 356kB
2026-06-13 01:11:30,iot-kafka,1.77%,889.2MiB / 2.767GiB,31.39%,528MB / 15.7MB,96.6MB / 355MB
2026-06-13 01:11:36,iot-postgres,1.36%,23.5MiB / 2.767GiB,0.83%,141kB / 126B,28.8MB / 233kB
2026-06-13 01:11:36,iot-mosquitto,0.09%,18.07MiB / 2.767GiB,0.64%,84.1kB / 69.9kB,6.31MB / 356kB
2026-06-13 01:11:36,iot-kafka,1.66%,889.5MiB / 2.767GiB,31.39%,528MB / 15.7MB,97.3MB / 355MB
2026-06-13 01:11:42,iot-postgres,3.58%,25.46MiB / 2.767GiB,0.90%,141kB / 126B,28.8MB / 233kB
2026-06-13 01:11:42,iot-mosquitto,0.07%,18.07MiB / 2.767GiB,0.64%,84.1kB / 69.9kB,6.32MB / 360kB
2026-06-13 01:11:42,iot-kafka,1.47%,889.7MiB / 2.767GiB,31.40%,528MB / 15.7MB,97.3MB / 355MB
2026-06-13 01:11:49,iot-postgres,0.00%,25.26MiB / 2.767GiB,0.89%,141kB / 126B,28.8MB / 233kB
2026-06-13 01:11:49,iot-mosquitto,0.05%,18.07MiB / 2.767GiB,0.64%,84.1kB / 69.9kB,6.32MB / 360kB
2026-06-13 01:11:49,iot-kafka,1.42%,889.3MiB / 2.767GiB,31.39%,528MB / 15.7MB,97.3MB / 355MB
2026-06-13 01:11:55,iot-postgres,0.00%,25.43MiB / 2.767GiB,0.90%,141kB / 126B,28.8MB / 233kB
2026-06-13 01:11:55,iot-mosquitto,0.07%,18.92MiB / 2.767GiB,0.67%,84.1kB / 69.9kB,6.32MB / 365kB
2026-06-13 01:11:55,iot-kafka,1.97%,890MiB / 2.767GiB,31.41%,528MB / 15.7MB,97.3MB / 355MB
2026-06-13 01:12:01,iot-postgres,0.00%,25.29MiB / 2.767GiB,0.89%,141kB / 126B,28.8MB / 233kB
2026-06-13 01:12:01,iot-mosquitto,0.08%,18.92MiB / 2.767GiB,0.67%,84.1kB / 69.9kB,6.32MB / 365kB
2026-06-13 01:12:01,iot-kafka,1.33%,889.4MiB / 2.767GiB,31.39%,528MB / 15.7MB,97.3MB / 355MB
2026-06-13 01:12:07,iot-postgres,0.01%,25.41MiB / 2.767GiB,0.90%,141kB / 126B,28.8MB / 233kB
2026-06-13 01:12:07,iot-mosquitto,0.08%,19MiB / 2.767GiB,0.67%,84.1kB / 69.9kB,6.32MB / 369kB
2026-06-13 01:12:07,iot-kafka,3.32%,889.8MiB / 2.767GiB,31.41%,528MB / 15.7MB,97.3MB / 355MB
2026-06-13 01:12:13,iot-postgres,0.00%,25.69MiB / 2.767GiB,0.91%,141kB / 126B,28.8MB / 233kB
2026-06-13 01:12:13,iot-mosquitto,0.07%,19MiB / 2.767GiB,0.67%,84.1kB / 69.9kB,6.32MB / 373kB
2026-06-13 01:12:13,iot-kafka,2.12%,890.1MiB / 2.767GiB,31.42%,528MB / 15.7MB,97.3MB / 355MB
2026-06-13 01:12:19,iot-postgres,0.00%,25.44MiB / 2.767GiB,0.90%,141kB / 126B,28.8MB / 233kB
2026-06-13 01:12:19,iot-mosquitto,3.30%,19.55MiB / 2.767GiB,0.69%,84.1kB / 69.9kB,6.32MB / 377kB
2026-06-13 01:12:19,iot-kafka,2.20%,889.9MiB / 2.767GiB,31.41%,528MB / 15.7MB,97.3MB / 355MB
2026-06-13 01:12:26,iot-postgres,0.00%,25.46MiB / 2.767GiB,0.90%,141kB / 126B,28.8MB / 233kB
2026-06-13 01:12:26,iot-mosquitto,0.07%,19.04MiB / 2.767GiB,0.67%,84.1kB / 69.9kB,6.32MB / 377kB
2026-06-13 01:12:26,iot-kafka,2.15%,890.4MiB / 2.767GiB,31.43%,528MB / 15.7MB,97.3MB / 355MB
2026-06-13 01:12:32,iot-postgres,0.01%,25.46MiB / 2.767GiB,0.90%,141kB / 126B,28.8MB / 233kB
2026-06-13 01:12:32,iot-mosquitto,0.07%,19.04MiB / 2.767GiB,0.67%,84.1kB / 69.9kB,6.32MB / 377kB
2026-06-13 01:12:32,iot-kafka,1.74%,890.2MiB / 2.767GiB,31.42%,528MB / 15.7MB,97.3MB / 355MB
2026-06-13 01:12:38,iot-postgres,0.01%,25.5MiB / 2.767GiB,0.90%,141kB / 126B,28.8MB / 233kB
2026-06-13 01:12:38,iot-mosquitto,0.06%,19.07MiB / 2.767GiB,0.67%,84.1kB / 69.9kB,6.32MB / 381kB
2026-06-13 01:12:38,iot-kafka,7.03%,890.3MiB / 2.767GiB,31.42%,528MB / 15.7MB,97.3MB / 355MB
2026-06-13 01:12:44,iot-postgres,0.00%,25.56MiB / 2.767GiB,0.90%,141kB / 126B,28.8MB / 233kB
2026-06-13 01:12:44,iot-mosquitto,0.07%,19.07MiB / 2.767GiB,0.67%,84.1kB / 69.9kB,6.32MB / 385kB
2026-06-13 01:12:44,iot-kafka,15.64%,891.9MiB / 2.767GiB,31.48%,528MB / 15.7MB,97.3MB / 355MB
2026-06-13 01:12:50,iot-postgres,0.00%,25.54MiB / 2.767GiB,0.90%,141kB / 126B,28.8MB / 233kB
2026-06-13 01:12:50,iot-mosquitto,2.61%,19.08MiB / 2.767GiB,0.67%,84.1kB / 69.9kB,6.32MB / 389kB
2026-06-13 01:12:50,iot-kafka,2.92%,890.1MiB / 2.767GiB,31.42%,528MB / 15.7MB,97.3MB / 356MB
2026-06-13 01:12:56,iot-postgres,0.00%,25.53MiB / 2.767GiB,0.90%,141kB / 126B,28.8MB / 233kB
2026-06-13 01:12:56,iot-mosquitto,0.05%,17.71MiB / 2.767GiB,0.62%,84.1kB / 69.9kB,6.32MB / 389kB
2026-06-13 01:12:56,iot-kafka,1.76%,889.3MiB / 2.767GiB,31.39%,528MB / 15.7MB,97.3MB / 356MB
2026-06-13 01:13:03,iot-postgres,7.43%,19.62MiB / 2.767GiB,0.69%,141kB / 126B,40.2MB / 233kB
2026-06-13 01:13:03,iot-mosquitto,0.05%,17.71MiB / 2.767GiB,0.62%,84.1kB / 69.9kB,6.32MB / 389kB
2026-06-13 01:13:03,iot-kafka,1.57%,889.2MiB / 2.767GiB,31.38%,528MB / 15.7MB,97.3MB / 356MB
2026-06-13 01:13:09,iot-postgres,0.01%,18.88MiB / 2.767GiB,0.67%,141kB / 126B,40.2MB / 233kB
2026-06-13 01:13:09,iot-mosquitto,0.06%,18.07MiB / 2.767GiB,0.64%,84.1kB / 69.9kB,8.51MB / 393kB
2026-06-13 01:13:09,iot-kafka,1.50%,889.5MiB / 2.767GiB,31.40%,528MB / 15.7MB,98.1MB / 356MB
2026-06-13 01:13:15,iot-postgres,0.00%,25.2MiB / 2.767GiB,0.89%,141kB / 126B,40.2MB / 233kB
2026-06-13 01:13:15,iot-mosquitto,0.06%,18.08MiB / 2.767GiB,0.64%,84.1kB / 69.9kB,8.51MB / 397kB
2026-06-13 01:13:15,iot-kafka,1.36%,891.2MiB / 2.767GiB,31.46%,528MB / 15.7MB,98.1MB / 356MB
2026-06-13 01:13:21,iot-postgres,0.00%,24.95MiB / 2.767GiB,0.88%,141kB / 126B,40.2MB / 233kB
2026-06-13 01:13:21,iot-mosquitto,0.07%,18.89MiB / 2.767GiB,0.67%,84.1kB / 69.9kB,8.51MB / 401kB
2026-06-13 01:13:21,iot-kafka,1.93%,889.5MiB / 2.767GiB,31.40%,528MB / 15.7MB,98.1MB / 356MB
2026-06-13 01:13:27,iot-postgres,0.00%,25.36MiB / 2.767GiB,0.90%,141kB / 126B,40.2MB / 233kB
2026-06-13 01:13:27,iot-mosquitto,0.06%,18.89MiB / 2.767GiB,0.67%,84.1kB / 69.9kB,8.51MB / 401kB
2026-06-13 01:13:27,iot-kafka,1.58%,890.1MiB / 2.767GiB,31.42%,528MB / 15.7MB,98.1MB / 356MB
2026-06-13 01:13:33,iot-postgres,3.01%,25.66MiB / 2.767GiB,0.91%,141kB / 126B,40.2MB / 233kB
2026-06-13 01:13:33,iot-mosquitto,0.06%,18.89MiB / 2.767GiB,0.67%,84.1kB / 69.9kB,8.51MB / 401kB
2026-06-13 01:13:33,iot-kafka,1.80%,889.8MiB / 2.767GiB,31.41%,528MB / 15.7MB,98.1MB / 356MB
2026-06-13 01:13:40,iot-postgres,0.01%,25.43MiB / 2.767GiB,0.90%,141kB / 126B,40.3MB / 233kB
2026-06-13 01:13:40,iot-mosquitto,0.06%,18.99MiB / 2.767GiB,0.67%,84.1kB / 69.9kB,8.51MB / 401kB
2026-06-13 01:13:40,iot-kafka,2.54%,890.2MiB / 2.767GiB,31.42%,528MB / 15.7MB,98.1MB / 356MB
2026-06-13 01:13:46,iot-postgres,0.00%,25.46MiB / 2.767GiB,0.90%,141kB / 126B,40.3MB / 233kB
2026-06-13 01:13:46,iot-mosquitto,0.07%,18.99MiB / 2.767GiB,0.67%,84.1kB / 69.9kB,8.51MB / 406kB
2026-06-13 01:13:46,iot-kafka,1.75%,890.3MiB / 2.767GiB,31.42%,528MB / 15.7MB,98.1MB / 356MB
2026-06-13 01:13:52,iot-postgres,0.01%,25.46MiB / 2.767GiB,0.90%,141kB / 126B,40.3MB / 233kB
2026-06-13 01:13:52,iot-mosquitto,0.06%,19.32MiB / 2.767GiB,0.68%,84.1kB / 69.9kB,8.51MB / 414kB
2026-06-13 01:13:52,iot-kafka,3.64%,890MiB / 2.767GiB,31.41%,528MB / 15.7MB,98.1MB / 356MB
2026-06-13 01:13:58,iot-postgres,0.00%,25.5MiB / 2.767GiB,0.90%,141kB / 126B,40.3MB / 233kB
2026-06-13 01:13:58,iot-mosquitto,0.09%,19.11MiB / 2.767GiB,0.67%,84.1kB / 69.9kB,8.51MB / 414kB
2026-06-13 01:13:58,iot-kafka,4.48%,890.1MiB / 2.767GiB,31.42%,528MB / 15.7MB,98.1MB / 356MB
2026-06-13 01:14:04,iot-postgres,0.00%,25.66MiB / 2.767GiB,0.91%,141kB / 126B,40.3MB / 233kB
2026-06-13 01:14:04,iot-mosquitto,0.06%,19.11MiB / 2.767GiB,0.67%,84.1kB / 69.9kB,8.51MB / 414kB
2026-06-13 01:14:04,iot-kafka,5.53%,890.2MiB / 2.767GiB,31.42%,528MB / 15.7MB,98.1MB / 356MB
2026-06-13 01:14:10,iot-postgres,0.01%,25.5MiB / 2.767GiB,0.90%,141kB / 126B,40.3MB / 233kB
2026-06-13 01:14:10,iot-mosquitto,0.07%,19.14MiB / 2.767GiB,0.68%,84.1kB / 69.9kB,8.51MB / 414kB
2026-06-13 01:14:10,iot-kafka,4.97%,890.2MiB / 2.767GiB,31.42%,528MB / 15.7MB,98.1MB / 356MB
2026-06-13 01:14:17,iot-postgres,0.00%,25.54MiB / 2.767GiB,0.90%,141kB / 126B,40.3MB / 233kB
2026-06-13 01:14:17,iot-mosquitto,0.07%,19.13MiB / 2.767GiB,0.68%,84.1kB / 69.9kB,8.51MB / 418kB
2026-06-13 01:14:17,iot-kafka,1.32%,890.2MiB / 2.767GiB,31.42%,528MB / 15.7MB,98.1MB / 356MB
2026-06-13 01:14:23,iot-postgres,0.00%,25.52MiB / 2.767GiB,0.90%,141kB / 126B,40.3MB / 233kB
2026-06-13 01:14:23,iot-mosquitto,0.07%,19.14MiB / 2.767GiB,0.68%,84.1kB / 69.9kB,8.51MB / 422kB
2026-06-13 01:14:23,iot-kafka,1.66%,890MiB / 2.767GiB,31.41%,528MB / 15.7MB,98.1MB / 357MB
2026-06-13 01:14:29,iot-postgres,0.00%,25.54MiB / 2.767GiB,0.90%,141kB / 126B,40.3MB / 233kB
2026-06-13 01:14:29,iot-mosquitto,0.07%,19.14MiB / 2.767GiB,0.68%,84.1kB / 69.9kB,8.51MB / 422kB
2026-06-13 01:14:29,iot-kafka,1.88%,890.6MiB / 2.767GiB,31.43%,528MB / 15.7MB,98.1MB / 357MB
2026-06-13 01:14:35,iot-postgres,0.00%,25.69MiB / 2.767GiB,0.91%,141kB / 126B,40.3MB / 233kB
2026-06-13 01:14:35,iot-mosquitto,0.07%,19.14MiB / 2.767GiB,0.68%,84.1kB / 69.9kB,8.51MB / 422kB
2026-06-13 01:14:35,iot-kafka,7.26%,890.3MiB / 2.767GiB,31.42%,528MB / 15.7MB,98.1MB / 357MB
2026-06-13 01:14:41,iot-postgres,0.00%,25.57MiB / 2.767GiB,0.90%,141kB / 126B,40.3MB / 233kB
2026-06-13 01:14:41,iot-mosquitto,0.08%,19.14MiB / 2.767GiB,0.68%,84.1kB / 69.9kB,8.51MB / 422kB
2026-06-13 01:14:41,iot-kafka,1.62%,890.2MiB / 2.767GiB,31.42%,528MB / 15.7MB,98.1MB / 357MB
2026-06-13 01:14:47,iot-postgres,0.00%,25.57MiB / 2.767GiB,0.90%,141kB / 126B,40.3MB / 233kB
2026-06-13 01:14:47,iot-mosquitto,0.06%,19.39MiB / 2.767GiB,0.68%,84.1kB / 69.9kB,8.51MB / 426kB
2026-06-13 01:14:47,iot-kafka,3.17%,890.5MiB / 2.767GiB,31.43%,528MB / 15.7MB,98.1MB / 357MB
2026-06-13 01:14:54,iot-postgres,3.06%,25.87MiB / 2.767GiB,0.91%,141kB / 126B,40.3MB / 233kB
2026-06-13 01:14:54,iot-mosquitto,0.06%,19.16MiB / 2.767GiB,0.68%,84.1kB / 69.9kB,8.51MB / 430kB
2026-06-13 01:14:54,iot-kafka,4.46%,890.3MiB / 2.767GiB,31.42%,528MB / 15.7MB,98.1MB / 357MB
2026-06-13 01:15:00,iot-postgres,0.00%,25.58MiB / 2.767GiB,0.90%,141kB / 126B,40.3MB / 233kB
2026-06-13 01:15:00,iot-mosquitto,0.07%,19.16MiB / 2.767GiB,0.68%,84.1kB / 69.9kB,8.51MB / 430kB
2026-06-13 01:15:00,iot-kafka,1.57%,889.9MiB / 2.767GiB,31.41%,528MB / 15.7MB,98.1MB / 357MB
2026-06-13 01:15:06,iot-postgres,0.00%,25.58MiB / 2.767GiB,0.90%,141kB / 126B,40.3MB / 233kB
2026-06-13 01:15:06,iot-mosquitto,2.99%,20.04MiB / 2.767GiB,0.71%,84.1kB / 69.9kB,8.51MB / 430kB
2026-06-13 01:15:06,iot-kafka,1.54%,890MiB / 2.767GiB,31.41%,528MB / 15.7MB,98.1MB / 357MB
2026-06-13 01:15:12,iot-postgres,0.01%,25.58MiB / 2.767GiB,0.90%,141kB / 126B,40.3MB / 233kB
2026-06-13 01:15:12,iot-mosquitto,0.08%,19.16MiB / 2.767GiB,0.68%,84.1kB / 69.9kB,8.51MB / 430kB
2026-06-13 01:15:12,iot-kafka,3.25%,890MiB / 2.767GiB,31.41%,528MB / 15.7MB,98.1MB / 357MB
2026-06-13 01:15:18,iot-postgres,0.00%,25.58MiB / 2.767GiB,0.90%,141kB / 126B,40.3MB / 233kB
2026-06-13 01:15:18,iot-mosquitto,0.07%,19.16MiB / 2.767GiB,0.68%,84.1kB / 69.9kB,8.51MB / 434kB
2026-06-13 01:15:18,iot-kafka,1.96%,890.1MiB / 2.767GiB,31.42%,528MB / 15.7MB,98.1MB / 357MB
2026-06-13 01:15:24,iot-postgres,3.38%,25.59MiB / 2.767GiB,0.90%,141kB / 126B,40.3MB / 233kB
2026-06-13 01:15:24,iot-mosquitto,0.08%,19.18MiB / 2.767GiB,0.68%,84.1kB / 69.9kB,8.51MB / 438kB
2026-06-13 01:15:24,iot-kafka,1.84%,890.3MiB / 2.767GiB,31.42%,528MB / 15.7MB,98.1MB / 357MB
2026-06-13 01:15:31,iot-postgres,0.00%,25.59MiB / 2.767GiB,0.90%,141kB / 126B,40.3MB / 233kB
2026-06-13 01:15:31,iot-mosquitto,0.07%,19.18MiB / 2.767GiB,0.68%,84.1kB / 69.9kB,8.51MB / 438kB
2026-06-13 01:15:31,iot-kafka,4.36%,889.8MiB / 2.767GiB,31.41%,528MB / 15.7MB,98.1MB / 357MB
2026-06-13 01:15:37,iot-postgres,0.77%,25.59MiB / 2.767GiB,0.90%,141kB / 126B,40.3MB / 233kB
2026-06-13 01:15:37,iot-mosquitto,2.49%,19.19MiB / 2.767GiB,0.68%,84.1kB / 69.9kB,8.51MB / 442kB
2026-06-13 01:15:37,iot-kafka,1.75%,890.3MiB / 2.767GiB,31.43%,528MB / 15.7MB,98.1MB / 357MB
2026-06-13 01:15:43,iot-postgres,0.00%,25.59MiB / 2.767GiB,0.90%,141kB / 126B,40.3MB / 233kB
2026-06-13 01:15:43,iot-mosquitto,0.07%,19.17MiB / 2.767GiB,0.68%,84.1kB / 69.9kB,8.51MB / 442kB
2026-06-13 01:15:43,iot-kafka,3.06%,890.1MiB / 2.767GiB,31.42%,528MB / 15.7MB,98.1MB / 357MB
2026-06-13 01:15:49,iot-postgres,0.00%,25.59MiB / 2.767GiB,0.90%,141kB / 126B,40.3MB / 233kB
2026-06-13 01:15:49,iot-mosquitto,0.06%,19.17MiB / 2.767GiB,0.68%,84.1kB / 69.9kB,8.51MB / 446kB
2026-06-13 01:15:49,iot-kafka,2.90%,889.8MiB / 2.767GiB,31.41%,528MB / 15.7MB,98.1MB / 357MB
2026-06-13 01:15:55,iot-postgres,0.00%,25.73MiB / 2.767GiB,0.91%,141kB / 126B,40.3MB / 233kB
2026-06-13 01:15:55,iot-mosquitto,0.07%,19.18MiB / 2.767GiB,0.68%,84.1kB / 69.9kB,8.51MB / 451kB
2026-06-13 01:15:55,iot-kafka,4.99%,891.2MiB / 2.767GiB,31.46%,528MB / 15.7MB,98.1MB / 357MB
2026-06-13 01:16:01,iot-postgres,0.00%,25.59MiB / 2.767GiB,0.90%,141kB / 126B,40.3MB / 233kB
2026-06-13 01:16:01,iot-mosquitto,0.06%,19.18MiB / 2.767GiB,0.68%,84.1kB / 69.9kB,8.51MB / 451kB
2026-06-13 01:16:01,iot-kafka,2.03%,890.1MiB / 2.767GiB,31.42%,528MB / 15.7MB,98.2MB / 358MB
2026-06-13 01:16:08,iot-postgres,0.00%,25.6MiB / 2.767GiB,0.90%,141kB / 126B,40.3MB / 233kB
2026-06-13 01:16:08,iot-mosquitto,0.07%,19.19MiB / 2.767GiB,0.68%,84.1kB / 69.9kB,8.51MB / 455kB
2026-06-13 01:16:08,iot-kafka,3.12%,890.7MiB / 2.767GiB,31.44%,528MB / 15.7MB,98.2MB / 358MB
2026-06-13 01:16:14,iot-postgres,0.00%,25.59MiB / 2.767GiB,0.90%,141kB / 126B,40.3MB / 233kB
2026-06-13 01:16:14,iot-mosquitto,0.05%,19.18MiB / 2.767GiB,0.68%,84.1kB / 69.9kB,8.51MB / 455kB
2026-06-13 01:16:14,iot-kafka,1.57%,890.1MiB / 2.767GiB,31.42%,528MB / 15.7MB,98.2MB / 358MB
2026-06-13 01:16:20,iot-postgres,0.00%,25.59MiB / 2.767GiB,0.90%,141kB / 126B,40.3MB / 233kB
2026-06-13 01:16:20,iot-mosquitto,0.07%,19.18MiB / 2.767GiB,0.68%,84.1kB / 69.9kB,8.51MB / 459kB
2026-06-13 01:16:20,iot-kafka,1.47%,890.1MiB / 2.767GiB,31.42%,528MB / 15.7MB,98.2MB / 358MB
2026-06-13 01:16:26,iot-postgres,0.00%,25.59MiB / 2.767GiB,0.90%,141kB / 126B,40.3MB / 233kB
2026-06-13 01:16:26,iot-mosquitto,0.11%,19.18MiB / 2.767GiB,0.68%,84.1kB / 69.9kB,8.51MB / 463kB
2026-06-13 01:16:26,iot-kafka,5.69%,891MiB / 2.767GiB,31.45%,528MB / 15.7MB,98.2MB / 358MB
2026-06-13 01:16:32,iot-postgres,0.01%,25.59MiB / 2.767GiB,0.90%,141kB / 126B,40.3MB / 233kB
2026-06-13 01:16:32,iot-mosquitto,0.07%,19.18MiB / 2.767GiB,0.68%,84.1kB / 69.9kB,8.51MB / 463kB
2026-06-13 01:16:32,iot-kafka,8.19%,894.2MiB / 2.767GiB,31.56%,528MB / 15.7MB,98.2MB / 358MB
2026-06-13 01:16:38,iot-postgres,0.00%,25.59MiB / 2.767GiB,0.90%,141kB / 126B,40.3MB / 233kB
2026-06-13 01:16:38,iot-mosquitto,0.08%,19.2MiB / 2.767GiB,0.68%,84.1kB / 69.9kB,8.51MB / 467kB
2026-06-13 01:16:38,iot-kafka,1.46%,898.8MiB / 2.767GiB,31.72%,528MB / 15.7MB,98.2MB / 358MB
2026-06-13 01:16:45,iot-postgres,2.99%,25.78MiB / 2.767GiB,0.91%,141kB / 126B,40.3MB / 233kB
2026-06-13 01:16:45,iot-mosquitto,0.06%,19.2MiB / 2.767GiB,0.68%,84.1kB / 69.9kB,8.51MB / 467kB
2026-06-13 01:16:45,iot-kafka,3.45%,890.4MiB / 2.767GiB,31.43%,528MB / 15.7MB,98.2MB / 358MB
2026-06-13 01:16:51,iot-postgres,0.00%,25.6MiB / 2.767GiB,0.90%,141kB / 126B,40.3MB / 233kB
2026-06-13 01:16:51,iot-mosquitto,0.06%,19.2MiB / 2.767GiB,0.68%,84.1kB / 69.9kB,8.51MB / 471kB
2026-06-13 01:16:51,iot-kafka,1.47%,889.9MiB / 2.767GiB,31.41%,528MB / 15.7MB,98.2MB / 358MB
2026-06-13 01:16:57,iot-postgres,0.01%,25.6MiB / 2.767GiB,0.90%,141kB / 126B,40.3MB / 233kB
2026-06-13 01:16:57,iot-mosquitto,0.07%,19.21MiB / 2.767GiB,0.68%,84.1kB / 69.9kB,8.51MB / 475kB
2026-06-13 01:16:57,iot-kafka,1.72%,890.7MiB / 2.767GiB,31.44%,528MB / 15.7MB,98.2MB / 358MB
2026-06-13 01:17:03,iot-postgres,0.01%,25.59MiB / 2.767GiB,0.90%,141kB / 126B,40.3MB / 233kB
2026-06-13 01:17:03,iot-mosquitto,0.07%,19.21MiB / 2.767GiB,0.68%,84.1kB / 69.9kB,8.51MB / 475kB
2026-06-13 01:17:03,iot-kafka,3.13%,891.3MiB / 2.767GiB,31.46%,528MB / 15.7MB,98.3MB / 358MB
2026-06-13 01:17:09,iot-postgres,0.00%,25.6MiB / 2.767GiB,0.90%,141kB / 126B,40.3MB / 233kB
2026-06-13 01:17:09,iot-mosquitto,0.06%,19.22MiB / 2.767GiB,0.68%,84.1kB / 69.9kB,8.51MB / 479kB
2026-06-13 01:17:09,iot-kafka,4.07%,890.8MiB / 2.767GiB,31.44%,528MB / 15.7MB,98.3MB / 358MB
2026-06-13 01:17:16,iot-postgres,0.00%,25.86MiB / 2.767GiB,0.91%,141kB / 126B,40.3MB / 233kB
2026-06-13 01:17:16,iot-mosquitto,0.07%,19.22MiB / 2.767GiB,0.68%,84.1kB / 69.9kB,8.51MB / 479kB
2026-06-13 01:17:16,iot-kafka,1.69%,890MiB / 2.767GiB,31.41%,528MB / 15.7MB,98.3MB / 358MB
2026-06-13 01:17:22,iot-postgres,0.00%,25.59MiB / 2.767GiB,0.90%,141kB / 126B,40.3MB / 233kB
2026-06-13 01:17:22,iot-mosquitto,0.13%,19.97MiB / 2.767GiB,0.70%,84.1kB / 69.9kB,8.51MB / 483kB
2026-06-13 01:17:22,iot-kafka,4.47%,890.2MiB / 2.767GiB,31.42%,528MB / 15.7MB,98.3MB / 358MB
2026-06-13 01:17:28,iot-postgres,0.00%,25.75MiB / 2.767GiB,0.91%,141kB / 126B,40.3MB / 233kB
2026-06-13 01:17:28,iot-mosquitto,0.06%,19.23MiB / 2.767GiB,0.68%,84.1kB / 69.9kB,8.51MB / 492kB
2026-06-13 01:17:28,iot-kafka,2.03%,890.8MiB / 2.767GiB,31.44%,528MB / 15.7MB,98.3MB / 358MB
2026-06-13 01:17:34,iot-postgres,0.02%,25.6MiB / 2.767GiB,0.90%,141kB / 126B,40.3MB / 233kB
2026-06-13 01:17:34,iot-mosquitto,0.09%,19.23MiB / 2.767GiB,0.68%,84.1kB / 69.9kB,8.51MB / 492kB
2026-06-13 01:17:34,iot-kafka,3.73%,890.5MiB / 2.767GiB,31.43%,528MB / 15.7MB,98.3MB / 358MB
2026-06-13 01:17:40,iot-postgres,0.00%,25.6MiB / 2.767GiB,0.90%,141kB / 126B,40.3MB / 233kB
2026-06-13 01:17:40,iot-mosquitto,0.06%,19.23MiB / 2.767GiB,0.68%,84.1kB / 69.9kB,8.51MB / 492kB
2026-06-13 01:17:40,iot-kafka,3.23%,890.5MiB / 2.767GiB,31.43%,528MB / 15.7MB,98.3MB / 359MB
2026-06-13 01:17:46,iot-postgres,0.00%,25.73MiB / 2.767GiB,0.91%,141kB / 126B,40.3MB / 233kB
2026-06-13 01:17:46,iot-mosquitto,0.07%,19.23MiB / 2.767GiB,0.68%,84.1kB / 69.9kB,8.51MB / 492kB
2026-06-13 01:17:46,iot-kafka,5.81%,890.2MiB / 2.767GiB,31.42%,528MB / 15.7MB,98.3MB / 359MB
2026-06-13 01:17:53,iot-postgres,0.01%,25.6MiB / 2.767GiB,0.90%,141kB / 126B,40.3MB / 233kB
2026-06-13 01:17:53,iot-mosquitto,2.89%,19.69MiB / 2.767GiB,0.69%,84.1kB / 69.9kB,8.51MB / 500kB
2026-06-13 01:17:53,iot-kafka,1.89%,890.5MiB / 2.767GiB,31.43%,528MB / 15.7MB,98.3MB / 359MB
2026-06-13 01:17:59,iot-postgres,0.00%,18.28MiB / 2.767GiB,0.65%,141kB / 126B,40.3MB / 233kB
2026-06-13 01:17:59,iot-mosquitto,0.07%,17.71MiB / 2.767GiB,0.62%,84.1kB / 69.9kB,8.51MB / 500kB
2026-06-13 01:17:59,iot-kafka,1.95%,889.9MiB / 2.767GiB,31.41%,528MB / 15.7MB,99MB / 359MB
2026-06-13 01:18:05,iot-postgres,5.13%,20.66MiB / 2.767GiB,0.73%,141kB / 126B,49.9MB / 233kB
2026-06-13 01:18:05,iot-mosquitto,0.13%,17.71MiB / 2.767GiB,0.63%,84.1kB / 69.9kB,8.51MB / 500kB
2026-06-13 01:18:05,iot-kafka,1.87%,890.1MiB / 2.767GiB,31.42%,528MB / 15.7MB,99MB / 359MB
2026-06-13 01:18:11,iot-postgres,0.00%,18.83MiB / 2.767GiB,0.66%,141kB / 126B,51.6MB / 233kB
2026-06-13 01:18:11,iot-mosquitto,0.08%,18.01MiB / 2.767GiB,0.64%,84.1kB / 69.9kB,10.7MB / 500kB
2026-06-13 01:18:11,iot-kafka,2.57%,890.2MiB / 2.767GiB,31.42%,528MB / 15.7MB,99MB / 359MB
2026-06-13 01:18:17,iot-postgres,0.01%,25.03MiB / 2.767GiB,0.88%,141kB / 126B,51.6MB / 233kB
2026-06-13 01:18:17,iot-mosquitto,0.08%,18.02MiB / 2.767GiB,0.64%,84.1kB / 69.9kB,10.7MB / 500kB
2026-06-13 01:18:17,iot-kafka,4.05%,890MiB / 2.767GiB,31.41%,528MB / 15.7MB,99MB / 359MB
2026-06-13 01:18:23,iot-postgres,0.00%,25.03MiB / 2.767GiB,0.88%,141kB / 126B,51.6MB / 233kB
2026-06-13 01:18:23,iot-mosquitto,0.05%,18.85MiB / 2.767GiB,0.67%,84.1kB / 69.9kB,10.7MB / 508kB
2026-06-13 01:18:23,iot-kafka,1.53%,889.8MiB / 2.767GiB,31.41%,528MB / 15.7MB,99MB / 359MB
2026-06-13 01:18:30,iot-postgres,0.00%,25.34MiB / 2.767GiB,0.89%,141kB / 126B,51.6MB / 233kB
2026-06-13 01:18:30,iot-mosquitto,0.05%,18.84MiB / 2.767GiB,0.66%,84.1kB / 69.9kB,10.7MB / 508kB
2026-06-13 01:18:30,iot-kafka,1.47%,890.9MiB / 2.767GiB,31.44%,528MB / 15.7MB,99MB / 359MB
2026-06-13 01:18:36,iot-postgres,3.43%,25.67MiB / 2.767GiB,0.91%,141kB / 126B,51.6MB / 233kB
2026-06-13 01:18:36,iot-mosquitto,0.07%,18.84MiB / 2.767GiB,0.66%,84.1kB / 69.9kB,10.7MB / 508kB
2026-06-13 01:18:36,iot-kafka,1.41%,889.8MiB / 2.767GiB,31.41%,528MB / 15.7MB,99MB / 359MB
2026-06-13 01:18:42,iot-postgres,0.00%,25.38MiB / 2.767GiB,0.90%,141kB / 126B,51.7MB / 233kB
2026-06-13 01:18:42,iot-mosquitto,0.08%,19.03MiB / 2.767GiB,0.67%,84.1kB / 69.9kB,10.7MB / 512kB
2026-06-13 01:18:42,iot-kafka,1.58%,890.1MiB / 2.767GiB,31.42%,528MB / 15.7MB,99MB / 359MB
2026-06-13 01:18:48,iot-postgres,0.00%,25.41MiB / 2.767GiB,0.90%,141kB / 126B,51.7MB / 233kB
2026-06-13 01:18:48,iot-mosquitto,0.08%,18.98MiB / 2.767GiB,0.67%,84.1kB / 69.9kB,10.7MB / 512kB
2026-06-13 01:18:48,iot-kafka,1.82%,890.1MiB / 2.767GiB,31.42%,528MB / 15.7MB,99MB / 359MB
2026-06-13 01:18:54,iot-postgres,0.00%,25.41MiB / 2.767GiB,0.90%,141kB / 126B,51.7MB / 233kB
2026-06-13 01:18:54,iot-mosquitto,0.05%,19.08MiB / 2.767GiB,0.67%,84.1kB / 69.9kB,10.7MB / 520kB
2026-06-13 01:18:54,iot-kafka,11.41%,895.1MiB / 2.767GiB,31.59%,528MB / 15.7MB,99MB / 359MB
2026-06-13 01:19:00,iot-postgres,0.00%,25.45MiB / 2.767GiB,0.90%,141kB / 126B,51.7MB / 233kB
2026-06-13 01:19:00,iot-mosquitto,0.06%,19.08MiB / 2.767GiB,0.67%,84.1kB / 69.9kB,10.7MB / 520kB
2026-06-13 01:19:00,iot-kafka,1.77%,890.4MiB / 2.767GiB,31.43%,528MB / 15.7MB,99MB / 359MB
2026-06-13 01:19:07,iot-postgres,0.00%,25.48MiB / 2.767GiB,0.90%,141kB / 126B,51.9MB / 233kB
2026-06-13 01:19:07,iot-mosquitto,0.05%,19.08MiB / 2.767GiB,0.67%,84.1kB / 69.9kB,10.7MB / 520kB
2026-06-13 01:19:07,iot-kafka,3.83%,890.2MiB / 2.767GiB,31.42%,528MB / 15.7MB,99MB / 359MB
2026-06-13 01:19:13,iot-postgres,0.00%,25.46MiB / 2.767GiB,0.90%,141kB / 126B,51.9MB / 233kB
2026-06-13 01:19:13,iot-mosquitto,0.10%,19.09MiB / 2.767GiB,0.67%,84.1kB / 69.9kB,10.7MB / 524kB
2026-06-13 01:19:13,iot-kafka,2.55%,890.6MiB / 2.767GiB,31.43%,528MB / 15.7MB,99MB / 359MB
2026-06-13 01:19:19,iot-postgres,0.00%,25.46MiB / 2.767GiB,0.90%,141kB / 126B,51.9MB / 233kB
2026-06-13 01:19:19,iot-mosquitto,0.06%,19.09MiB / 2.767GiB,0.67%,84.1kB / 69.9kB,10.7MB / 524kB
2026-06-13 01:19:19,iot-kafka,3.79%,891.2MiB / 2.767GiB,31.45%,528MB / 15.7MB,99MB / 360MB
2026-06-13 01:19:25,iot-postgres,0.00%,25.46MiB / 2.767GiB,0.90%,141kB / 126B,51.9MB / 233kB
2026-06-13 01:19:25,iot-mosquitto,0.07%,19.11MiB / 2.767GiB,0.67%,84.1kB / 69.9kB,10.7MB / 532kB
2026-06-13 01:19:25,iot-kafka,1.38%,890.4MiB / 2.767GiB,31.43%,528MB / 15.7MB,99MB / 360MB
2026-06-13 01:19:31,iot-postgres,0.00%,25.47MiB / 2.767GiB,0.90%,141kB / 126B,51.9MB / 233kB
2026-06-13 01:19:31,iot-mosquitto,0.06%,19.11MiB / 2.767GiB,0.67%,84.1kB / 69.9kB,10.7MB / 532kB
2026-06-13 01:19:31,iot-kafka,1.36%,890.6MiB / 2.767GiB,31.44%,528MB / 15.7MB,99MB / 360MB
2026-06-13 01:19:37,iot-postgres,0.01%,25.66MiB / 2.767GiB,0.91%,141kB / 126B,51.9MB / 233kB
2026-06-13 01:19:37,iot-mosquitto,0.07%,19.11MiB / 2.767GiB,0.67%,84.1kB / 69.9kB,10.7MB / 532kB
2026-06-13 01:19:37,iot-kafka,4.54%,890.8MiB / 2.767GiB,31.44%,528MB / 15.7MB,99MB / 360MB
2026-06-13 01:19:43,iot-postgres,0.00%,25.52MiB / 2.767GiB,0.90%,141kB / 126B,51.9MB / 233kB
2026-06-13 01:19:43,iot-mosquitto,0.06%,19.13MiB / 2.767GiB,0.68%,84.1kB / 69.9kB,10.7MB / 537kB
2026-06-13 01:19:43,iot-kafka,2.72%,889.9MiB / 2.767GiB,31.41%,528MB / 15.7MB,99MB / 360MB
2026-06-13 01:19:50,iot-postgres,0.00%,25.59MiB / 2.767GiB,0.90%,141kB / 126B,51.9MB / 233kB
2026-06-13 01:19:50,iot-mosquitto,0.08%,19.13MiB / 2.767GiB,0.68%,84.1kB / 69.9kB,10.7MB / 537kB
2026-06-13 01:19:50,iot-kafka,3.00%,890.2MiB / 2.767GiB,31.42%,528MB / 15.7MB,99MB / 360MB
2026-06-13 01:19:56,iot-postgres,3.08%,25.89MiB / 2.767GiB,0.91%,141kB / 126B,51.9MB / 233kB
2026-06-13 01:19:56,iot-mosquitto,0.07%,19.16MiB / 2.767GiB,0.68%,84.1kB / 69.9kB,10.7MB / 545kB
2026-06-13 01:19:56,iot-kafka,1.64%,890.8MiB / 2.767GiB,31.44%,528MB / 15.7MB,99MB / 360MB
2026-06-13 01:20:02,iot-postgres,0.00%,25.53MiB / 2.767GiB,0.90%,141kB / 126B,51.9MB / 233kB
2026-06-13 01:20:02,iot-mosquitto,0.08%,19.16MiB / 2.767GiB,0.68%,84.1kB / 69.9kB,10.7MB / 545kB
2026-06-13 01:20:02,iot-kafka,1.67%,890.2MiB / 2.767GiB,31.42%,528MB / 15.7MB,99MB / 360MB
2026-06-13 01:20:08,iot-postgres,0.00%,25.74MiB / 2.767GiB,0.91%,141kB / 126B,51.9MB / 233kB
2026-06-13 01:20:08,iot-mosquitto,3.28%,19.7MiB / 2.767GiB,0.70%,84.1kB / 69.9kB,10.7MB / 549kB
2026-06-13 01:20:08,iot-kafka,2.06%,890.5MiB / 2.767GiB,31.43%,528MB / 15.7MB,99MB / 360MB
2026-06-13 01:20:14,iot-postgres,0.00%,25.53MiB / 2.767GiB,0.90%,141kB / 126B,51.9MB / 233kB
2026-06-13 01:20:14,iot-mosquitto,0.05%,19.17MiB / 2.767GiB,0.68%,84.1kB / 69.9kB,10.7MB / 549kB
2026-06-13 01:20:14,iot-kafka,4.21%,891MiB / 2.767GiB,31.45%,528MB / 15.7MB,99MB / 360MB
2026-06-13 01:20:20,iot-postgres,0.00%,25.59MiB / 2.767GiB,0.90%,141kB / 126B,51.9MB / 233kB
2026-06-13 01:20:20,iot-mosquitto,0.06%,19.17MiB / 2.767GiB,0.68%,84.1kB / 69.9kB,10.7MB / 549kB
2026-06-13 01:20:20,iot-kafka,1.63%,890MiB / 2.767GiB,31.41%,528MB / 15.7MB,99MB / 360MB
2026-06-13 01:20:27,iot-postgres,3.29%,25.71MiB / 2.767GiB,0.91%,141kB / 126B,51.9MB / 233kB
2026-06-13 01:20:27,iot-mosquitto,0.05%,19.18MiB / 2.767GiB,0.68%,84.1kB / 69.9kB,10.7MB / 561kB
2026-06-13 01:20:27,iot-kafka,2.66%,891MiB / 2.767GiB,31.45%,528MB / 15.7MB,99MB / 360MB
2026-06-13 01:20:33,iot-postgres,0.00%,25.55MiB / 2.767GiB,0.90%,141kB / 126B,51.9MB / 233kB
2026-06-13 01:20:33,iot-mosquitto,0.05%,19.18MiB / 2.767GiB,0.68%,84.1kB / 69.9kB,10.7MB / 561kB
2026-06-13 01:20:33,iot-kafka,1.89%,890MiB / 2.767GiB,31.41%,528MB / 15.7MB,99MB / 360MB
2026-06-13 01:20:39,iot-postgres,0.00%,25.58MiB / 2.767GiB,0.90%,141kB / 126B,51.9MB / 233kB
2026-06-13 01:20:39,iot-mosquitto,3.11%,19.22MiB / 2.767GiB,0.68%,84.1kB / 69.9kB,10.7MB / 561kB
2026-06-13 01:20:39,iot-kafka,2.94%,890.4MiB / 2.767GiB,31.43%,528MB / 15.7MB,99MB / 360MB
2026-06-13 01:20:45,iot-postgres,0.00%,25.56MiB / 2.767GiB,0.90%,141kB / 126B,51.9MB / 233kB
2026-06-13 01:20:45,iot-mosquitto,0.07%,19.19MiB / 2.767GiB,0.68%,84.1kB / 69.9kB,10.7MB / 565kB
2026-06-13 01:20:45,iot-kafka,1.30%,891MiB / 2.767GiB,31.45%,528MB / 15.7MB,99MB / 360MB
2026-06-13 01:20:51,iot-postgres,0.00%,25.56MiB / 2.767GiB,0.90%,141kB / 126B,51.9MB / 233kB
2026-06-13 01:20:51,iot-mosquitto,0.07%,19.19MiB / 2.767GiB,0.68%,84.1kB / 69.9kB,10.7MB / 565kB
2026-06-13 01:20:51,iot-kafka,1.08%,892.1MiB / 2.767GiB,31.49%,528MB / 15.7MB,99MB / 360MB
2026-06-13 01:20:58,iot-postgres,0.00%,25.79MiB / 2.767GiB,0.91%,141kB / 126B,51.9MB / 233kB
2026-06-13 01:20:58,iot-mosquitto,0.06%,19.19MiB / 2.767GiB,0.68%,84.1kB / 69.9kB,10.7MB / 569kB
2026-06-13 01:20:58,iot-kafka,5.23%,891MiB / 2.767GiB,31.45%,528MB / 15.7MB,99MB / 361MB
2026-06-13 01:21:04,iot-postgres,0.00%,25.56MiB / 2.767GiB,0.90%,141kB / 126B,51.9MB / 233kB
2026-06-13 01:21:04,iot-mosquitto,0.06%,19.19MiB / 2.767GiB,0.68%,84.1kB / 69.9kB,10.7MB / 569kB
2026-06-13 01:21:04,iot-kafka,1.32%,890MiB / 2.767GiB,31.41%,528MB / 15.7MB,99MB / 361MB
2026-06-13 01:21:10,iot-postgres,0.00%,25.61MiB / 2.767GiB,0.90%,141kB / 126B,51.9MB / 233kB
2026-06-13 01:21:10,iot-mosquitto,0.06%,19.2MiB / 2.767GiB,0.68%,84.1kB / 69.9kB,10.7MB / 573kB
2026-06-13 01:21:10,iot-kafka,1.75%,891.8MiB / 2.767GiB,31.48%,528MB / 15.7MB,99MB / 361MB
2026-06-13 01:21:16,iot-postgres,0.00%,25.56MiB / 2.767GiB,0.90%,141kB / 126B,51.9MB / 233kB
2026-06-13 01:21:16,iot-mosquitto,0.08%,19.2MiB / 2.767GiB,0.68%,84.1kB / 69.9kB,10.7MB / 573kB
2026-06-13 01:21:16,iot-kafka,2.64%,890.6MiB / 2.767GiB,31.43%,528MB / 15.7MB,99MB / 361MB
2026-06-13 01:21:22,iot-postgres,0.00%,25.57MiB / 2.767GiB,0.90%,141kB / 126B,51.9MB / 233kB
2026-06-13 01:21:22,iot-mosquitto,0.07%,19.2MiB / 2.767GiB,0.68%,84.1kB / 69.9kB,10.7MB / 573kB
2026-06-13 01:21:22,iot-kafka,2.78%,890.3MiB / 2.767GiB,31.43%,528MB / 15.7MB,99MB / 361MB
2026-06-13 01:21:29,iot-postgres,0.01%,25.57MiB / 2.767GiB,0.90%,141kB / 126B,51.9MB / 233kB
2026-06-13 01:21:29,iot-mosquitto,0.07%,19.2MiB / 2.767GiB,0.68%,84.1kB / 69.9kB,10.7MB / 578kB
2026-06-13 01:21:29,iot-kafka,2.76%,891.3MiB / 2.767GiB,31.46%,528MB / 15.7MB,99MB / 361MB
2026-06-13 01:21:35,iot-postgres,0.00%,25.57MiB / 2.767GiB,0.90%,141kB / 126B,51.9MB / 233kB
2026-06-13 01:21:35,iot-mosquitto,0.07%,19.2MiB / 2.767GiB,0.68%,84.1kB / 69.9kB,10.7MB / 578kB
2026-06-13 01:21:35,iot-kafka,2.16%,890.6MiB / 2.767GiB,31.43%,528MB / 15.7MB,99MB / 361MB
2026-06-13 01:21:41,iot-postgres,0.00%,25.57MiB / 2.767GiB,0.90%,141kB / 126B,51.9MB / 233kB
2026-06-13 01:21:41,iot-mosquitto,0.06%,19.21MiB / 2.767GiB,0.68%,84.1kB / 69.9kB,10.7MB / 582kB
2026-06-13 01:21:41,iot-kafka,2.30%,890.3MiB / 2.767GiB,31.43%,528MB / 15.7MB,99MB / 361MB
2026-06-13 01:21:47,iot-postgres,3.55%,25.99MiB / 2.767GiB,0.92%,141kB / 126B,51.9MB / 233kB
2026-06-13 01:21:47,iot-mosquitto,0.06%,19.2MiB / 2.767GiB,0.68%,84.1kB / 69.9kB,10.7MB / 582kB
2026-06-13 01:21:47,iot-kafka,2.85%,890.3MiB / 2.767GiB,31.43%,528MB / 15.7MB,99MB / 361MB
2026-06-13 01:21:53,iot-postgres,0.00%,25.57MiB / 2.767GiB,0.90%,141kB / 126B,51.9MB / 233kB
2026-06-13 01:21:53,iot-mosquitto,0.07%,19.2MiB / 2.767GiB,0.68%,84.1kB / 69.9kB,10.7MB / 582kB
2026-06-13 01:21:53,iot-kafka,2.38%,890.1MiB / 2.767GiB,31.42%,528MB / 15.7MB,99MB / 361MB
2026-06-13 01:21:59,iot-postgres,0.01%,18.28MiB / 2.767GiB,0.65%,141kB / 126B,51.9MB / 233kB
2026-06-13 01:21:59,iot-mosquitto,0.06%,17.98MiB / 2.767GiB,0.63%,84.1kB / 69.9kB,11MB / 590kB
2026-06-13 01:21:59,iot-kafka,1.66%,890.5MiB / 2.767GiB,31.43%,528MB / 15.7MB,99.7MB / 361MB
2026-06-13 01:22:06,iot-postgres,0.00%,18.28MiB / 2.767GiB,0.65%,141kB / 126B,51.9MB / 233kB
2026-06-13 01:22:06,iot-mosquitto,0.06%,17.98MiB / 2.767GiB,0.63%,84.1kB / 69.9kB,11MB / 590kB
2026-06-13 01:22:06,iot-kafka,1.39%,890.6MiB / 2.767GiB,31.43%,528MB / 15.7MB,99.7MB / 361MB
2026-06-13 01:22:12,iot-postgres,0.00%,18.83MiB / 2.767GiB,0.66%,141kB / 126B,63.3MB / 233kB
2026-06-13 01:22:12,iot-mosquitto,0.06%,18.35MiB / 2.767GiB,0.65%,84.1kB / 69.9kB,13.2MB / 594kB
2026-06-13 01:22:12,iot-kafka,1.37%,890.6MiB / 2.767GiB,31.43%,528MB / 15.7MB,99.7MB / 361MB
2026-06-13 01:22:18,iot-postgres,0.00%,25.38MiB / 2.767GiB,0.90%,141kB / 126B,63.3MB / 233kB
2026-06-13 01:22:18,iot-mosquitto,0.08%,18.35MiB / 2.767GiB,0.65%,84.1kB / 69.9kB,13.2MB / 594kB
2026-06-13 01:22:18,iot-kafka,2.02%,890.2MiB / 2.767GiB,31.42%,528MB / 15.7MB,99.7MB / 361MB
2026-06-13 01:22:24,iot-postgres,0.00%,25.03MiB / 2.767GiB,0.88%,141kB / 126B,63.3MB / 233kB
2026-06-13 01:22:24,iot-mosquitto,0.06%,18.35MiB / 2.767GiB,0.65%,84.1kB / 69.9kB,13.2MB / 594kB
2026-06-13 01:22:24,iot-kafka,1.92%,890.7MiB / 2.767GiB,31.44%,528MB / 15.7MB,99.7MB / 361MB
2026-06-13 01:22:30,iot-postgres,0.01%,25.3MiB / 2.767GiB,0.89%,141kB / 126B,63.3MB / 233kB
2026-06-13 01:22:30,iot-mosquitto,0.08%,19.22MiB / 2.767GiB,0.68%,84.1kB / 69.9kB,13.2MB / 602kB
2026-06-13 01:22:30,iot-kafka,1.44%,890.6MiB / 2.767GiB,31.43%,528MB / 15.7MB,99.7MB / 362MB
2026-06-13 01:22:36,iot-postgres,0.79%,25.45MiB / 2.767GiB,0.90%,141kB / 126B,63.4MB / 233kB
2026-06-13 01:22:36,iot-mosquitto,0.07%,19.22MiB / 2.767GiB,0.68%,84.1kB / 69.9kB,13.2MB / 602kB
2026-06-13 01:22:36,iot-kafka,2.07%,890.5MiB / 2.767GiB,31.43%,528MB / 15.7MB,99.7MB / 362MB
2026-06-13 01:22:43,iot-postgres,0.01%,25.45MiB / 2.767GiB,0.90%,141kB / 126B,63.4MB / 233kB
2026-06-13 01:22:43,iot-mosquitto,0.09%,19.28MiB / 2.767GiB,0.68%,84.1kB / 69.9kB,13.2MB / 606kB
2026-06-13 01:22:43,iot-kafka,2.34%,890.8MiB / 2.767GiB,31.44%,528MB / 15.7MB,99.7MB / 362MB
2026-06-13 01:22:49,iot-postgres,0.00%,25.5MiB / 2.767GiB,0.90%,141kB / 126B,63.4MB / 233kB
2026-06-13 01:22:49,iot-mosquitto,0.07%,19.28MiB / 2.767GiB,0.68%,84.1kB / 69.9kB,13.2MB / 606kB
2026-06-13 01:22:49,iot-kafka,4.41%,890.3MiB / 2.767GiB,31.42%,528MB / 15.7MB,99.7MB / 362MB
2026-06-13 01:22:55,iot-postgres,0.00%,25.49MiB / 2.767GiB,0.90%,141kB / 126B,63.4MB / 233kB
2026-06-13 01:22:55,iot-mosquitto,2.90%,19.87MiB / 2.767GiB,0.70%,84.1kB / 69.9kB,13.2MB / 610kB
2026-06-13 01:22:55,iot-kafka,3.66%,890.8MiB / 2.767GiB,31.44%,528MB / 15.7MB,99.7MB / 362MB
2026-06-13 01:23:01,iot-postgres,0.01%,25.52MiB / 2.767GiB,0.90%,141kB / 126B,63.4MB / 233kB
2026-06-13 01:23:01,iot-mosquitto,0.07%,19.36MiB / 2.767GiB,0.68%,84.1kB / 69.9kB,13.2MB / 614kB
2026-06-13 01:23:01,iot-kafka,1.45%,890.6MiB / 2.767GiB,31.43%,528MB / 15.7MB,99.7MB / 362MB
2026-06-13 01:23:07,iot-postgres,0.01%,25.52MiB / 2.767GiB,0.90%,141kB / 126B,63.4MB / 233kB
2026-06-13 01:23:07,iot-mosquitto,0.06%,19.36MiB / 2.767GiB,0.68%,84.1kB / 69.9kB,13.2MB / 614kB
2026-06-13 01:23:07,iot-kafka,1.67%,890.6MiB / 2.767GiB,31.43%,528MB / 15.7MB,99.7MB / 362MB
2026-06-13 01:23:13,iot-postgres,0.00%,25.52MiB / 2.767GiB,0.90%,141kB / 126B,63.4MB / 233kB
2026-06-13 01:23:13,iot-mosquitto,0.06%,19.45MiB / 2.767GiB,0.69%,84.1kB / 69.9kB,13.2MB / 618kB
2026-06-13 01:23:13,iot-kafka,1.30%,890.1MiB / 2.767GiB,31.42%,528MB / 15.7MB,99.7MB / 362MB
2026-06-13 01:23:20,iot-postgres,0.00%,25.52MiB / 2.767GiB,0.90%,141kB / 126B,63.4MB / 233kB
2026-06-13 01:23:20,iot-mosquitto,0.07%,19.45MiB / 2.767GiB,0.69%,84.1kB / 69.9kB,13.2MB / 618kB
2026-06-13 01:23:20,iot-kafka,2.37%,890.9MiB / 2.767GiB,31.44%,528MB / 15.7MB,99.7MB / 362MB
2026-06-13 01:23:26,iot-postgres,0.00%,25.52MiB / 2.767GiB,0.90%,141kB / 126B,63.4MB / 233kB
2026-06-13 01:23:26,iot-mosquitto,0.07%,19.46MiB / 2.767GiB,0.69%,84.1kB / 69.9kB,13.2MB / 623kB
2026-06-13 01:23:26,iot-kafka,1.55%,890.9MiB / 2.767GiB,31.44%,528MB / 15.7MB,99.7MB / 362MB
2026-06-13 01:23:32,iot-postgres,0.02%,25.53MiB / 2.767GiB,0.90%,141kB / 126B,63.4MB / 233kB
2026-06-13 01:23:32,iot-mosquitto,0.07%,19.46MiB / 2.767GiB,0.69%,84.1kB / 69.9kB,13.2MB / 627kB
2026-06-13 01:23:32,iot-kafka,1.34%,891MiB / 2.767GiB,31.45%,528MB / 15.7MB,99.7MB / 362MB
2026-06-13 01:23:38,iot-postgres,2.95%,25.98MiB / 2.767GiB,0.92%,141kB / 126B,63.4MB / 233kB
2026-06-13 01:23:38,iot-mosquitto,0.08%,19.46MiB / 2.767GiB,0.69%,84.1kB / 69.9kB,13.2MB / 627kB
2026-06-13 01:23:38,iot-kafka,2.24%,890.4MiB / 2.767GiB,31.43%,528MB / 15.7MB,99.7MB / 362MB
2026-06-13 01:23:44,iot-postgres,0.00%,25.56MiB / 2.767GiB,0.90%,141kB / 126B,63.4MB / 233kB
2026-06-13 01:23:44,iot-mosquitto,0.07%,19.46MiB / 2.767GiB,0.69%,84.1kB / 69.9kB,13.2MB / 631kB
2026-06-13 01:23:44,iot-kafka,1.79%,890.9MiB / 2.767GiB,31.44%,528MB / 15.7MB,99.7MB / 362MB
2026-06-13 01:23:50,iot-postgres,0.00%,25.97MiB / 2.767GiB,0.92%,141kB / 126B,63.4MB / 233kB
2026-06-13 01:23:50,iot-mosquitto,0.10%,19.46MiB / 2.767GiB,0.69%,84.1kB / 69.9kB,13.2MB / 631kB
2026-06-13 01:23:50,iot-kafka,1.51%,891.2MiB / 2.767GiB,31.46%,528MB / 15.7MB,99.7MB / 362MB
2026-06-13 01:23:56,iot-postgres,0.00%,25.57MiB / 2.767GiB,0.90%,141kB / 126B,63.4MB / 233kB
2026-06-13 01:23:56,iot-mosquitto,0.06%,17.71MiB / 2.767GiB,0.63%,84.1kB / 69.9kB,13.2MB / 639kB
2026-06-13 01:23:56,iot-kafka,2.04%,891MiB / 2.767GiB,31.45%,528MB / 15.7MB,99.8MB / 362MB
2026-06-13 01:24:03,iot-postgres,0.01%,18.29MiB / 2.767GiB,0.65%,141kB / 126B,63.4MB / 233kB
2026-06-13 01:24:03,iot-mosquitto,0.07%,17.72MiB / 2.767GiB,0.63%,84.1kB / 69.9kB,13.2MB / 643kB
2026-06-13 01:24:03,iot-kafka,1.83%,890.3MiB / 2.767GiB,31.42%,528MB / 15.7MB,101MB / 362MB
2026-06-13 01:24:09,iot-postgres,0.00%,19.11MiB / 2.767GiB,0.67%,141kB / 126B,74.7MB / 233kB
2026-06-13 01:24:09,iot-mosquitto,0.06%,17.73MiB / 2.767GiB,0.63%,84.1kB / 69.9kB,13.2MB / 643kB
2026-06-13 01:24:09,iot-kafka,1.73%,890.3MiB / 2.767GiB,31.42%,528MB / 15.7MB,101MB / 363MB
2026-06-13 01:24:15,iot-postgres,0.00%,18.87MiB / 2.767GiB,0.67%,141kB / 126B,74.7MB / 233kB
2026-06-13 01:24:15,iot-mosquitto,0.07%,18.08MiB / 2.767GiB,0.64%,84.1kB / 69.9kB,15.3MB / 647kB
2026-06-13 01:24:15,iot-kafka,1.71%,890MiB / 2.767GiB,31.41%,528MB / 15.7MB,101MB / 363MB
2026-06-13 01:24:21,iot-postgres,0.00%,25.12MiB / 2.767GiB,0.89%,141kB / 126B,74.7MB / 233kB
2026-06-13 01:24:21,iot-mosquitto,0.07%,18.08MiB / 2.767GiB,0.64%,84.1kB / 69.9kB,15.3MB / 647kB
2026-06-13 01:24:21,iot-kafka,1.86%,890MiB / 2.767GiB,31.41%,528MB / 15.7MB,101MB / 363MB
2026-06-13 01:24:27,iot-postgres,0.00%,25.08MiB / 2.767GiB,0.89%,141kB / 126B,74.7MB / 233kB
2026-06-13 01:24:27,iot-mosquitto,0.07%,19MiB / 2.767GiB,0.67%,84.1kB / 69.9kB,15.3MB / 651kB
2026-06-13 01:24:27,iot-kafka,1.62%,890.4MiB / 2.767GiB,31.43%,528MB / 15.7MB,101MB / 363MB
2026-06-13 01:24:33,iot-postgres,0.00%,25.34MiB / 2.767GiB,0.89%,141kB / 126B,74.7MB / 233kB
2026-06-13 01:24:33,iot-mosquitto,0.07%,19.25MiB / 2.767GiB,0.68%,84.1kB / 69.9kB,15.3MB / 655kB
2026-06-13 01:24:33,iot-kafka,1.31%,890.4MiB / 2.767GiB,31.43%,528MB / 15.7MB,101MB / 363MB
2026-06-13 01:24:40,iot-postgres,0.00%,25.48MiB / 2.767GiB,0.90%,141kB / 126B,74.8MB / 233kB
2026-06-13 01:24:40,iot-mosquitto,0.09%,19MiB / 2.767GiB,0.67%,84.1kB / 69.9kB,15.3MB / 655kB
2026-06-13 01:24:40,iot-kafka,6.26%,890.3MiB / 2.767GiB,31.42%,528MB / 15.7MB,101MB / 363MB
2026-06-13 01:24:46,iot-postgres,0.00%,25.39MiB / 2.767GiB,0.90%,141kB / 126B,74.8MB / 233kB
2026-06-13 01:24:46,iot-mosquitto,0.08%,19.06MiB / 2.767GiB,0.67%,84.1kB / 69.9kB,15.3MB / 655kB
2026-06-13 01:24:46,iot-kafka,1.52%,890.5MiB / 2.767GiB,31.43%,528MB / 15.7MB,101MB / 363MB
2026-06-13 01:24:52,iot-postgres,0.00%,25.41MiB / 2.767GiB,0.90%,141kB / 126B,74.8MB / 233kB
2026-06-13 01:24:52,iot-mosquitto,0.06%,19.05MiB / 2.767GiB,0.67%,84.1kB / 69.9kB,15.3MB / 659kB
2026-06-13 01:24:52,iot-kafka,1.90%,890.7MiB / 2.767GiB,31.44%,528MB / 15.7MB,101MB / 363MB
2026-06-13 01:24:58,iot-postgres,0.00%,25.4MiB / 2.767GiB,0.90%,141kB / 126B,74.8MB / 233kB
2026-06-13 01:24:58,iot-mosquitto,0.08%,19.12MiB / 2.767GiB,0.68%,84.1kB / 69.9kB,15.3MB / 659kB
2026-06-13 01:24:58,iot-kafka,1.99%,890.4MiB / 2.767GiB,31.43%,528MB / 15.7MB,101MB / 363MB
2026-06-13 01:25:04,iot-postgres,0.00%,25.41MiB / 2.767GiB,0.90%,141kB / 126B,74.8MB / 233kB
2026-06-13 01:25:04,iot-mosquitto,0.08%,19.37MiB / 2.767GiB,0.68%,84.1kB / 69.9kB,15.3MB / 664kB
2026-06-13 01:25:04,iot-kafka,1.39%,890.1MiB / 2.767GiB,31.42%,528MB / 15.7MB,101MB / 363MB
2026-06-13 01:25:10,iot-postgres,0.00%,25.45MiB / 2.767GiB,0.90%,141kB / 126B,74.8MB / 233kB
2026-06-13 01:25:10,iot-mosquitto,0.09%,19.12MiB / 2.767GiB,0.68%,84.1kB / 69.9kB,15.3MB / 664kB
2026-06-13 01:25:10,iot-kafka,1.94%,890.7MiB / 2.767GiB,31.44%,528MB / 15.7MB,101MB / 363MB
2026-06-13 01:25:17,iot-postgres,0.00%,25.42MiB / 2.767GiB,0.90%,141kB / 126B,74.8MB / 233kB
2026-06-13 01:25:17,iot-mosquitto,0.07%,19.18MiB / 2.767GiB,0.68%,84.1kB / 69.9kB,15.3MB / 668kB
2026-06-13 01:25:17,iot-kafka,2.21%,890.4MiB / 2.767GiB,31.43%,528MB / 15.7MB,101MB / 363MB
2026-06-13 01:25:23,iot-postgres,0.01%,25.44MiB / 2.767GiB,0.90%,141kB / 126B,74.8MB / 233kB
2026-06-13 01:25:23,iot-mosquitto,0.08%,19.18MiB / 2.767GiB,0.68%,84.1kB / 69.9kB,15.3MB / 668kB
2026-06-13 01:25:23,iot-kafka,3.03%,890.4MiB / 2.767GiB,31.43%,528MB / 15.7MB,101MB / 363MB
2026-06-13 01:25:29,iot-postgres,3.14%,25.89MiB / 2.767GiB,0.91%,141kB / 126B,74.8MB / 233kB
2026-06-13 01:25:29,iot-mosquitto,0.06%,19.18MiB / 2.767GiB,0.68%,84.1kB / 69.9kB,15.3MB / 668kB
2026-06-13 01:25:29,iot-kafka,3.45%,890.9MiB / 2.767GiB,31.45%,528MB / 15.7MB,101MB / 363MB
2026-06-13 01:25:35,iot-postgres,0.00%,25.48MiB / 2.767GiB,0.90%,141kB / 126B,74.8MB / 233kB
2026-06-13 01:25:35,iot-mosquitto,0.06%,19.18MiB / 2.767GiB,0.68%,84.1kB / 69.9kB,15.3MB / 672kB
2026-06-13 01:25:35,iot-kafka,1.35%,890.7MiB / 2.767GiB,31.44%,528MB / 15.7MB,101MB / 363MB
2026-06-13 01:25:41,iot-postgres,0.00%,25.54MiB / 2.767GiB,0.90%,141kB / 126B,74.8MB / 233kB
2026-06-13 01:25:41,iot-mosquitto,2.89%,19.43MiB / 2.767GiB,0.69%,84.1kB / 69.9kB,15.3MB / 676kB
2026-06-13 01:25:41,iot-kafka,1.91%,890.6MiB / 2.767GiB,31.43%,528MB / 15.7MB,101MB / 363MB
2026-06-13 01:25:47,iot-postgres,0.00%,25.53MiB / 2.767GiB,0.90%,141kB / 126B,74.8MB / 233kB
2026-06-13 01:25:47,iot-mosquitto,0.08%,19.21MiB / 2.767GiB,0.68%,84.1kB / 69.9kB,15.3MB / 676kB
2026-06-13 01:25:47,iot-kafka,2.05%,890.5MiB / 2.767GiB,31.43%,528MB / 15.7MB,101MB / 364MB
2026-06-13 01:25:54,iot-postgres,0.00%,25.54MiB / 2.767GiB,0.90%,141kB / 126B,74.8MB / 233kB
2026-06-13 01:25:54,iot-mosquitto,0.06%,19.21MiB / 2.767GiB,0.68%,84.1kB / 69.9kB,15.3MB / 676kB
2026-06-13 01:25:54,iot-kafka,1.16%,890.7MiB / 2.767GiB,31.44%,528MB / 15.7MB,101MB / 364MB
2026-06-13 01:26:00,iot-postgres,0.00%,25.73MiB / 2.767GiB,0.91%,141kB / 126B,74.8MB / 233kB
2026-06-13 01:26:00,iot-mosquitto,0.08%,19.23MiB / 2.767GiB,0.68%,84.1kB / 69.9kB,15.3MB / 680kB
2026-06-13 01:26:00,iot-kafka,3.50%,890.7MiB / 2.767GiB,31.44%,528MB / 15.7MB,101MB / 364MB
2026-06-13 01:26:06,iot-postgres,0.00%,25.55MiB / 2.767GiB,0.90%,141kB / 126B,74.8MB / 233kB
2026-06-13 01:26:06,iot-mosquitto,0.17%,19.46MiB / 2.767GiB,0.69%,84.1kB / 69.9kB,15.3MB / 684kB
2026-06-13 01:26:06,iot-kafka,1.31%,890.2MiB / 2.767GiB,31.42%,528MB / 15.7MB,101MB / 364MB
2026-06-13 01:26:12,iot-postgres,0.00%,25.6MiB / 2.767GiB,0.90%,141kB / 126B,74.8MB / 233kB
2026-06-13 01:26:12,iot-mosquitto,0.06%,19.25MiB / 2.767GiB,0.68%,84.1kB / 69.9kB,15.3MB / 688kB
2026-06-13 01:26:12,iot-kafka,1.38%,890.5MiB / 2.767GiB,31.43%,528MB / 15.7MB,101MB / 364MB
2026-06-13 01:26:18,iot-postgres,0.00%,25.59MiB / 2.767GiB,0.90%,141kB / 126B,74.8MB / 233kB
2026-06-13 01:26:18,iot-mosquitto,0.06%,19.24MiB / 2.767GiB,0.68%,84.1kB / 69.9kB,15.3MB / 688kB
2026-06-13 01:26:18,iot-kafka,1.69%,890.5MiB / 2.767GiB,31.43%,528MB / 15.7MB,101MB / 364MB
2026-06-13 01:26:24,iot-postgres,0.00%,25.55MiB / 2.767GiB,0.90%,141kB / 126B,74.8MB / 233kB
2026-06-13 01:26:24,iot-mosquitto,0.07%,19.24MiB / 2.767GiB,0.68%,84.1kB / 69.9kB,15.3MB / 688kB
2026-06-13 01:26:24,iot-kafka,3.29%,890.3MiB / 2.767GiB,31.42%,528MB / 15.7MB,101MB / 364MB
2026-06-13 01:26:31,iot-postgres,0.00%,25.57MiB / 2.767GiB,0.90%,141kB / 126B,74.8MB / 233kB
2026-06-13 01:26:31,iot-mosquitto,0.08%,19.25MiB / 2.767GiB,0.68%,84.1kB / 69.9kB,15.3MB / 692kB
2026-06-13 01:26:31,iot-kafka,3.72%,890.4MiB / 2.767GiB,31.43%,528MB / 15.7MB,101MB / 364MB
2026-06-13 01:26:37,iot-postgres,0.92%,25.71MiB / 2.767GiB,0.91%,141kB / 126B,74.8MB / 233kB
2026-06-13 01:26:37,iot-mosquitto,0.16%,19.48MiB / 2.767GiB,0.69%,84.1kB / 69.9kB,15.3MB / 696kB
2026-06-13 01:26:37,iot-kafka,3.16%,891.6MiB / 2.767GiB,31.47%,528MB / 15.7MB,101MB / 364MB
2026-06-13 01:26:43,iot-postgres,0.00%,25.61MiB / 2.767GiB,0.90%,141kB / 126B,74.8MB / 233kB
2026-06-13 01:26:43,iot-mosquitto,0.06%,19.25MiB / 2.767GiB,0.68%,84.1kB / 69.9kB,15.3MB / 700kB
2026-06-13 01:26:43,iot-kafka,1.48%,890.9MiB / 2.767GiB,31.45%,528MB / 15.7MB,101MB / 364MB
2026-06-13 01:26:49,iot-postgres,0.00%,25.57MiB / 2.767GiB,0.90%,141kB / 126B,74.8MB / 233kB
2026-06-13 01:26:49,iot-mosquitto,0.08%,19.25MiB / 2.767GiB,0.68%,84.1kB / 69.9kB,15.3MB / 700kB
2026-06-13 01:26:49,iot-kafka,1.46%,890.5MiB / 2.767GiB,31.43%,528MB / 15.7MB,101MB / 365MB
2026-06-13 01:26:55,iot-postgres,0.01%,25.57MiB / 2.767GiB,0.90%,141kB / 126B,74.8MB / 233kB
2026-06-13 01:26:55,iot-mosquitto,0.06%,19.25MiB / 2.767GiB,0.68%,84.1kB / 69.9kB,15.3MB / 700kB
2026-06-13 01:26:55,iot-kafka,1.22%,890.6MiB / 2.767GiB,31.43%,528MB / 15.7MB,101MB / 365MB
2026-06-13 01:27:01,iot-postgres,0.00%,25.72MiB / 2.767GiB,0.91%,141kB / 126B,74.8MB / 233kB
2026-06-13 01:27:01,iot-mosquitto,0.08%,19.25MiB / 2.767GiB,0.68%,84.1kB / 69.9kB,15.3MB / 705kB
2026-06-13 01:27:01,iot-kafka,3.34%,890.7MiB / 2.767GiB,31.44%,528MB / 15.7MB,101MB / 365MB
2026-06-13 01:27:07,iot-postgres,0.00%,25.58MiB / 2.767GiB,0.90%,141kB / 126B,74.8MB / 233kB
2026-06-13 01:27:07,iot-mosquitto,0.18%,19.25MiB / 2.767GiB,0.68%,84.1kB / 69.9kB,15.3MB / 709kB
2026-06-13 01:27:07,iot-kafka,3.73%,890.5MiB / 2.767GiB,31.43%,528MB / 15.7MB,101MB / 365MB
2026-06-13 01:27:14,iot-postgres,0.00%,25.59MiB / 2.767GiB,0.90%,141kB / 126B,74.8MB / 233kB
2026-06-13 01:27:14,iot-mosquitto,0.11%,19.25MiB / 2.767GiB,0.68%,84.1kB / 69.9kB,15.3MB / 717kB
2026-06-13 01:27:14,iot-kafka,1.68%,890.9MiB / 2.767GiB,31.44%,528MB / 15.7MB,101MB / 365MB
2026-06-13 01:27:20,iot-postgres,3.66%,25.93MiB / 2.767GiB,0.92%,141kB / 126B,74.8MB / 233kB
2026-06-13 01:27:20,iot-mosquitto,0.06%,19.25MiB / 2.767GiB,0.68%,84.1kB / 69.9kB,15.3MB / 717kB
2026-06-13 01:27:20,iot-kafka,35.72%,906.7MiB / 2.767GiB,32.00%,528MB / 15.7MB,101MB / 365MB
2026-06-13 01:27:26,iot-postgres,0.01%,25.59MiB / 2.767GiB,0.90%,141kB / 126B,74.8MB / 233kB
2026-06-13 01:27:26,iot-mosquitto,0.07%,19.25MiB / 2.767GiB,0.68%,84.1kB / 69.9kB,15.3MB / 717kB
2026-06-13 01:27:26,iot-kafka,1.56%,890.3MiB / 2.767GiB,31.42%,528MB / 15.7MB,101MB / 365MB
2026-06-13 01:27:32,iot-postgres,0.01%,25.62MiB / 2.767GiB,0.90%,141kB / 126B,74.8MB / 233kB
2026-06-13 01:27:32,iot-mosquitto,0.05%,19.25MiB / 2.767GiB,0.68%,84.1kB / 69.9kB,15.3MB / 721kB
2026-06-13 01:27:32,iot-kafka,1.51%,890.8MiB / 2.767GiB,31.44%,528MB / 15.7MB,101MB / 365MB
2026-06-13 01:27:38,iot-postgres,0.00%,25.73MiB / 2.767GiB,0.91%,141kB / 126B,74.8MB / 233kB
2026-06-13 01:27:38,iot-mosquitto,0.12%,19.49MiB / 2.767GiB,0.69%,84.1kB / 69.9kB,15.3MB / 725kB
2026-06-13 01:27:38,iot-kafka,1.85%,891.1MiB / 2.767GiB,31.45%,528MB / 15.7MB,101MB / 365MB
2026-06-13 01:27:44,iot-postgres,0.00%,25.58MiB / 2.767GiB,0.90%,141kB / 126B,74.8MB / 233kB
2026-06-13 01:27:44,iot-mosquitto,0.07%,19.25MiB / 2.767GiB,0.68%,84.1kB / 69.9kB,15.3MB / 729kB
2026-06-13 01:27:44,iot-kafka,1.73%,890.9MiB / 2.767GiB,31.45%,528MB / 15.7MB,101MB / 365MB
2026-06-13 01:27:51,iot-postgres,0.00%,25.91MiB / 2.767GiB,0.91%,141kB / 126B,74.8MB / 233kB
2026-06-13 01:27:51,iot-mosquitto,0.09%,19.25MiB / 2.767GiB,0.68%,84.1kB / 69.9kB,15.3MB / 729kB
2026-06-13 01:27:51,iot-kafka,3.89%,890.9MiB / 2.767GiB,31.45%,528MB / 15.7MB,101MB / 365MB
2026-06-13 01:27:57,iot-postgres,0.01%,25.59MiB / 2.767GiB,0.90%,141kB / 126B,74.8MB / 233kB
2026-06-13 01:27:57,iot-mosquitto,2.66%,20.45MiB / 2.767GiB,0.72%,84.1kB / 69.9kB,15.3MB / 729kB
2026-06-13 01:27:57,iot-kafka,1.77%,890.6MiB / 2.767GiB,31.43%,528MB / 15.7MB,101MB / 366MB
2026-06-13 01:28:03,iot-postgres,0.01%,25.6MiB / 2.767GiB,0.90%,141kB / 126B,74.8MB / 233kB
2026-06-13 01:28:03,iot-mosquitto,0.07%,19.25MiB / 2.767GiB,0.68%,84.1kB / 69.9kB,15.3MB / 733kB
2026-06-13 01:28:03,iot-kafka,2.94%,890.4MiB / 2.767GiB,31.43%,528MB / 15.7MB,101MB / 366MB
2026-06-13 01:28:09,iot-postgres,0.00%,25.59MiB / 2.767GiB,0.90%,141kB / 126B,74.8MB / 233kB
2026-06-13 01:28:09,iot-mosquitto,0.11%,19.49MiB / 2.767GiB,0.69%,84.1kB / 69.9kB,15.3MB / 737kB
2026-06-13 01:28:09,iot-kafka,3.52%,891.1MiB / 2.767GiB,31.45%,528MB / 15.7MB,101MB / 366MB
2026-06-13 01:28:15,iot-postgres,0.00%,25.6MiB / 2.767GiB,0.90%,141kB / 126B,74.8MB / 233kB
2026-06-13 01:28:15,iot-mosquitto,0.09%,19.25MiB / 2.767GiB,0.68%,84.1kB / 69.9kB,15.3MB / 737kB
2026-06-13 01:28:15,iot-kafka,3.18%,890.8MiB / 2.767GiB,31.44%,528MB / 15.7MB,101MB / 366MB
2026-06-13 01:28:21,iot-postgres,0.00%,25.61MiB / 2.767GiB,0.90%,141kB / 126B,74.8MB / 233kB
2026-06-13 01:28:21,iot-mosquitto,0.06%,19.25MiB / 2.767GiB,0.68%,84.1kB / 69.9kB,15.3MB / 737kB
2026-06-13 01:28:21,iot-kafka,3.87%,890.5MiB / 2.767GiB,31.43%,528MB / 15.7MB,101MB / 366MB
2026-06-13 01:28:28,iot-postgres,0.01%,25.6MiB / 2.767GiB,0.90%,141kB / 126B,74.8MB / 233kB
2026-06-13 01:28:28,iot-mosquitto,2.45%,19.61MiB / 2.767GiB,0.69%,84.1kB / 69.9kB,15.3MB / 741kB
2026-06-13 01:28:28,iot-kafka,1.94%,890.4MiB / 2.767GiB,31.43%,528MB / 15.7MB,101MB / 366MB
2026-06-13 01:28:34,iot-postgres,0.00%,25.61MiB / 2.767GiB,0.90%,141kB / 126B,74.8MB / 233kB
2026-06-13 01:28:34,iot-mosquitto,0.06%,19.25MiB / 2.767GiB,0.68%,84.1kB / 69.9kB,15.3MB / 741kB
2026-06-13 01:28:34,iot-kafka,1.78%,891.1MiB / 2.767GiB,31.45%,528MB / 15.7MB,101MB / 366MB
2026-06-13 01:28:40,iot-postgres,0.00%,25.59MiB / 2.767GiB,0.90%,141kB / 126B,74.8MB / 233kB
2026-06-13 01:28:40,iot-mosquitto,0.08%,19.25MiB / 2.767GiB,0.68%,84.1kB / 69.9kB,15.3MB / 741kB
2026-06-13 01:28:40,iot-kafka,1.58%,891.1MiB / 2.767GiB,31.45%,528MB / 15.7MB,101MB / 366MB
2026-06-13 01:28:46,iot-postgres,0.00%,25.61MiB / 2.767GiB,0.90%,141kB / 126B,74.8MB / 233kB
2026-06-13 01:28:46,iot-mosquitto,0.06%,19.26MiB / 2.767GiB,0.68%,84.1kB / 69.9kB,15.3MB / 750kB
2026-06-13 01:28:46,iot-kafka,1.51%,890.4MiB / 2.767GiB,31.43%,528MB / 15.7MB,101MB / 366MB
2026-06-13 01:28:52,iot-postgres,0.01%,25.62MiB / 2.767GiB,0.90%,141kB / 126B,74.8MB / 233kB
2026-06-13 01:28:52,iot-mosquitto,0.06%,19.26MiB / 2.767GiB,0.68%,84.1kB / 69.9kB,15.3MB / 750kB
2026-06-13 01:28:52,iot-kafka,1.49%,890.8MiB / 2.767GiB,31.44%,528MB / 15.7MB,101MB / 366MB
2026-06-13 01:28:58,iot-postgres,0.01%,25.61MiB / 2.767GiB,0.90%,141kB / 126B,74.8MB / 233kB
2026-06-13 01:28:58,iot-mosquitto,0.08%,19.26MiB / 2.767GiB,0.68%,84.1kB / 69.9kB,15.3MB / 750kB
2026-06-13 01:28:58,iot-kafka,1.96%,890.7MiB / 2.767GiB,31.44%,528MB / 15.7MB,101MB / 366MB
2026-06-13 01:29:05,iot-postgres,0.00%,25.61MiB / 2.767GiB,0.90%,141kB / 126B,74.8MB / 233kB
2026-06-13 01:29:05,iot-mosquitto,0.06%,19.25MiB / 2.767GiB,0.68%,84.1kB / 69.9kB,15.3MB / 750kB
2026-06-13 01:29:05,iot-kafka,1.94%,890.6MiB / 2.767GiB,31.44%,528MB / 15.7MB,101MB / 367MB
2026-06-13 01:29:11,iot-postgres,3.34%,26.07MiB / 2.767GiB,0.92%,141kB / 126B,74.8MB / 233kB
2026-06-13 01:29:11,iot-mosquitto,0.07%,19.25MiB / 2.767GiB,0.68%,84.1kB / 69.9kB,15.3MB / 750kB
2026-06-13 01:29:11,iot-kafka,1.55%,890.4MiB / 2.767GiB,31.43%,528MB / 15.7MB,101MB / 367MB
2026-06-13 01:29:17,iot-postgres,0.00%,25.61MiB / 2.767GiB,0.90%,141kB / 126B,74.8MB / 233kB
2026-06-13 01:29:17,iot-mosquitto,0.06%,19.26MiB / 2.767GiB,0.68%,84.1kB / 69.9kB,15.3MB / 758kB
2026-06-13 01:29:17,iot-kafka,1.54%,890.6MiB / 2.767GiB,31.43%,528MB / 15.7MB,101MB / 367MB
2026-06-13 01:29:23,iot-postgres,0.00%,25.68MiB / 2.767GiB,0.91%,141kB / 126B,74.8MB / 233kB
2026-06-13 01:29:23,iot-mosquitto,0.06%,19.26MiB / 2.767GiB,0.68%,84.1kB / 69.9kB,15.3MB / 758kB
2026-06-13 01:29:23,iot-kafka,3.35%,891.1MiB / 2.767GiB,31.45%,528MB / 15.7MB,101MB / 367MB
2026-06-13 01:29:29,iot-postgres,0.01%,25.61MiB / 2.767GiB,0.90%,141kB / 126B,74.8MB / 233kB
2026-06-13 01:29:29,iot-mosquitto,0.07%,19.26MiB / 2.767GiB,0.68%,84.1kB / 69.9kB,15.3MB / 762kB
2026-06-13 01:29:29,iot-kafka,1.62%,890.9MiB / 2.767GiB,31.44%,528MB / 15.7MB,101MB / 367MB
2026-06-13 01:29:35,iot-postgres,0.00%,25.61MiB / 2.767GiB,0.90%,141kB / 126B,74.8MB / 233kB
2026-06-13 01:29:35,iot-mosquitto,0.06%,19.26MiB / 2.767GiB,0.68%,84.1kB / 69.9kB,15.3MB / 762kB
2026-06-13 01:29:35,iot-kafka,4.23%,890.9MiB / 2.767GiB,31.44%,528MB / 15.7MB,101MB / 367MB
2026-06-13 01:29:42,iot-postgres,0.00%,25.6MiB / 2.767GiB,0.90%,141kB / 126B,74.8MB / 233kB
2026-06-13 01:29:42,iot-mosquitto,0.07%,19.26MiB / 2.767GiB,0.68%,84.1kB / 69.9kB,15.3MB / 762kB
2026-06-13 01:29:42,iot-kafka,3.87%,890.5MiB / 2.767GiB,31.43%,528MB / 15.7MB,101MB / 367MB
2026-06-13 01:29:48,iot-postgres,0.00%,25.6MiB / 2.767GiB,0.90%,141kB / 126B,74.8MB / 233kB
2026-06-13 01:29:48,iot-mosquitto,0.09%,19.26MiB / 2.767GiB,0.68%,84.1kB / 69.9kB,15.3MB / 770kB
2026-06-13 01:29:48,iot-kafka,1.75%,890.4MiB / 2.767GiB,31.43%,528MB / 15.7MB,101MB / 367MB
2026-06-13 01:29:54,iot-postgres,0.00%,25.62MiB / 2.767GiB,0.90%,141kB / 126B,74.8MB / 233kB
2026-06-13 01:29:54,iot-mosquitto,0.06%,19.26MiB / 2.767GiB,0.68%,84.1kB / 69.9kB,15.3MB / 770kB
2026-06-13 01:29:54,iot-kafka,1.64%,891.1MiB / 2.767GiB,31.45%,528MB / 15.7MB,101MB / 367MB
2026-06-13 01:30:00,iot-postgres,0.00%,25.61MiB / 2.767GiB,0.90%,141kB / 126B,74.8MB / 233kB
2026-06-13 01:30:00,iot-mosquitto,0.07%,19.27MiB / 2.767GiB,0.68%,84.1kB / 69.9kB,15.3MB / 774kB
2026-06-13 01:30:00,iot-kafka,1.35%,891.8MiB / 2.767GiB,31.48%,528MB / 15.7MB,101MB / 367MB
2026-06-13 01:30:06,iot-postgres,0.00%,25.61MiB / 2.767GiB,0.90%,141kB / 126B,74.8MB / 233kB
2026-06-13 01:30:06,iot-mosquitto,0.08%,19.27MiB / 2.767GiB,0.68%,84.1kB / 69.9kB,15.3MB / 774kB
2026-06-13 01:30:06,iot-kafka,1.44%,891.4MiB / 2.767GiB,31.46%,528MB / 15.7MB,101MB / 368MB
2026-06-13 01:30:12,iot-postgres,0.01%,25.61MiB / 2.767GiB,0.90%,141kB / 126B,74.8MB / 233kB
2026-06-13 01:30:12,iot-mosquitto,0.07%,19.27MiB / 2.767GiB,0.68%,84.1kB / 69.9kB,15.3MB / 774kB
2026-06-13 01:30:12,iot-kafka,4.08%,892.1MiB / 2.767GiB,31.49%,528MB / 15.7MB,101MB / 368MB
2026-06-13 01:30:19,iot-postgres,0.00%,25.61MiB / 2.767GiB,0.90%,141kB / 126B,74.8MB / 233kB
2026-06-13 01:30:19,iot-mosquitto,0.06%,19.27MiB / 2.767GiB,0.68%,84.1kB / 69.9kB,15.3MB / 782kB
2026-06-13 01:30:19,iot-kafka,3.03%,890.6MiB / 2.767GiB,31.44%,528MB / 15.7MB,101MB / 368MB
2026-06-13 01:30:25,iot-postgres,0.00%,25.61MiB / 2.767GiB,0.90%,141kB / 126B,74.8MB / 233kB
2026-06-13 01:30:25,iot-mosquitto,0.06%,19.26MiB / 2.767GiB,0.68%,84.1kB / 69.9kB,15.3MB / 782kB
2026-06-13 01:30:25,iot-kafka,1.33%,891.1MiB / 2.767GiB,31.45%,528MB / 15.7MB,101MB / 368MB
2026-06-13 01:30:31,iot-postgres,3.06%,25.98MiB / 2.767GiB,0.92%,141kB / 126B,74.8MB / 233kB
2026-06-13 01:30:31,iot-mosquitto,0.07%,19.27MiB / 2.767GiB,0.68%,84.1kB / 69.9kB,15.3MB / 791kB
2026-06-13 01:30:31,iot-kafka,1.24%,890.6MiB / 2.767GiB,31.44%,528MB / 15.7MB,101MB / 368MB
2026-06-13 01:30:37,iot-postgres,0.98%,25.83MiB / 2.767GiB,0.91%,141kB / 126B,74.8MB / 233kB
2026-06-13 01:30:37,iot-mosquitto,0.06%,19.27MiB / 2.767GiB,0.68%,84.1kB / 69.9kB,15.3MB / 791kB
2026-06-13 01:30:37,iot-kafka,5.82%,890.5MiB / 2.767GiB,31.43%,528MB / 15.7MB,101MB / 368MB
2026-06-13 01:30:43,iot-postgres,0.00%,25.75MiB / 2.767GiB,0.91%,141kB / 126B,74.8MB / 233kB
2026-06-13 01:30:43,iot-mosquitto,2.65%,19.72MiB / 2.767GiB,0.70%,84.1kB / 69.9kB,15.3MB / 795kB
2026-06-13 01:30:43,iot-kafka,1.50%,890.9MiB / 2.767GiB,31.45%,528MB / 15.7MB,101MB / 368MB
2026-06-13 01:30:49,iot-postgres,0.00%,25.61MiB / 2.767GiB,0.90%,141kB / 126B,74.8MB / 233kB
2026-06-13 01:30:49,iot-mosquitto,0.07%,19.27MiB / 2.767GiB,0.68%,84.1kB / 69.9kB,15.3MB / 799kB
2026-06-13 01:30:49,iot-kafka,2.84%,890.7MiB / 2.767GiB,31.44%,528MB / 15.7MB,101MB / 368MB
2026-06-13 01:30:56,iot-postgres,0.00%,25.61MiB / 2.767GiB,0.90%,141kB / 126B,74.8MB / 233kB
2026-06-13 01:30:56,iot-mosquitto,0.06%,19.27MiB / 2.767GiB,0.68%,84.1kB / 69.9kB,15.3MB / 799kB
2026-06-13 01:30:56,iot-kafka,2.81%,891.1MiB / 2.767GiB,31.45%,528MB / 15.7MB,101MB / 368MB
2026-06-13 01:31:02,iot-postgres,3.28%,25.89MiB / 2.767GiB,0.91%,141kB / 126B,74.8MB / 233kB
2026-06-13 01:31:02,iot-mosquitto,0.09%,19.27MiB / 2.767GiB,0.68%,84.1kB / 69.9kB,15.3MB / 799kB
2026-06-13 01:31:02,iot-kafka,1.52%,891.3MiB / 2.767GiB,31.46%,528MB / 15.7MB,101MB / 368MB
2026-06-13 01:31:08,iot-postgres,0.01%,25.61MiB / 2.767GiB,0.90%,141kB / 126B,74.8MB / 233kB
2026-06-13 01:31:08,iot-mosquitto,0.07%,19.27MiB / 2.767GiB,0.68%,84.1kB / 69.9kB,15.3MB / 799kB
2026-06-13 01:31:08,iot-kafka,1.71%,890.9MiB / 2.767GiB,31.45%,528MB / 15.7MB,101MB / 368MB
2026-06-13 01:31:14,iot-postgres,0.00%,25.61MiB / 2.767GiB,0.90%,141kB / 126B,74.8MB / 233kB
2026-06-13 01:31:14,iot-mosquitto,2.75%,19.3MiB / 2.767GiB,0.68%,84.1kB / 69.9kB,15.3MB / 803kB
2026-06-13 01:31:14,iot-kafka,1.52%,891.4MiB / 2.767GiB,31.46%,528MB / 15.7MB,101MB / 369MB
2026-06-13 01:31:20,iot-postgres,0.00%,25.61MiB / 2.767GiB,0.90%,141kB / 126B,74.8MB / 233kB
2026-06-13 01:31:20,iot-mosquitto,0.06%,19.27MiB / 2.767GiB,0.68%,84.1kB / 69.9kB,15.3MB / 807kB
2026-06-13 01:31:20,iot-kafka,1.13%,890.9MiB / 2.767GiB,31.45%,528MB / 15.7MB,101MB / 369MB
2026-06-13 01:31:26,iot-postgres,0.00%,25.61MiB / 2.767GiB,0.90%,141kB / 126B,74.8MB / 233kB
2026-06-13 01:31:26,iot-mosquitto,0.06%,19.27MiB / 2.767GiB,0.68%,84.1kB / 69.9kB,15.3MB / 807kB
2026-06-13 01:31:26,iot-kafka,1.29%,890.5MiB / 2.767GiB,31.43%,528MB / 15.7MB,101MB / 369MB
2026-06-13 01:31:33,iot-postgres,0.00%,25.75MiB / 2.767GiB,0.91%,141kB / 126B,74.8MB / 233kB
2026-06-13 01:31:33,iot-mosquitto,0.07%,19.27MiB / 2.767GiB,0.68%,84.1kB / 69.9kB,15.3MB / 807kB
2026-06-13 01:31:33,iot-kafka,4.08%,891.1MiB / 2.767GiB,31.45%,528MB / 15.7MB,101MB / 369MB
2026-06-13 01:31:39,iot-postgres,0.00%,25.74MiB / 2.767GiB,0.91%,141kB / 126B,74.8MB / 233kB
2026-06-13 01:31:39,iot-mosquitto,0.07%,19.27MiB / 2.767GiB,0.68%,84.1kB / 69.9kB,15.3MB / 807kB
2026-06-13 01:31:39,iot-kafka,1.83%,890.9MiB / 2.767GiB,31.45%,528MB / 15.7MB,101MB / 369MB
2026-06-13 01:31:45,iot-postgres,0.00%,25.61MiB / 2.767GiB,0.90%,141kB / 126B,74.8MB / 233kB
2026-06-13 01:31:45,iot-mosquitto,0.06%,19.3MiB / 2.767GiB,0.68%,84.1kB / 69.9kB,15.3MB / 811kB
2026-06-13 01:31:45,iot-kafka,1.60%,891.1MiB / 2.767GiB,31.45%,528MB / 15.7MB,101MB / 369MB
2026-06-13 01:31:51,iot-postgres,0.00%,25.61MiB / 2.767GiB,0.90%,141kB / 126B,74.8MB / 233kB
2026-06-13 01:31:51,iot-mosquitto,0.14%,19.27MiB / 2.767GiB,0.68%,84.1kB / 69.9kB,15.3MB / 815kB
2026-06-13 01:31:51,iot-kafka,2.16%,891.2MiB / 2.767GiB,31.46%,528MB / 15.7MB,101MB / 369MB
2026-06-13 01:31:57,iot-postgres,0.00%,25.61MiB / 2.767GiB,0.90%,141kB / 126B,74.8MB / 233kB
2026-06-13 01:31:57,iot-mosquitto,0.05%,19.27MiB / 2.767GiB,0.68%,84.1kB / 69.9kB,15.3MB / 815kB
2026-06-13 01:31:57,iot-kafka,1.46%,890.4MiB / 2.767GiB,31.43%,528MB / 15.7MB,101MB / 369MB
2026-06-13 01:32:03,iot-postgres,0.00%,25.62MiB / 2.767GiB,0.90%,141kB / 126B,74.8MB / 233kB
2026-06-13 01:32:03,iot-mosquitto,0.07%,19.27MiB / 2.767GiB,0.68%,84.1kB / 69.9kB,15.3MB / 815kB
2026-06-13 01:32:03,iot-kafka,3.04%,891.3MiB / 2.767GiB,31.46%,528MB / 15.7MB,101MB / 369MB
2026-06-13 01:32:10,iot-postgres,0.00%,25.61MiB / 2.767GiB,0.90%,141kB / 126B,74.8MB / 233kB
2026-06-13 01:32:10,iot-mosquitto,0.06%,19.27MiB / 2.767GiB,0.68%,84.1kB / 69.9kB,15.3MB / 815kB
2026-06-13 01:32:10,iot-kafka,3.64%,891.2MiB / 2.767GiB,31.46%,528MB / 15.7MB,101MB / 369MB
2026-06-13 01:32:16,iot-postgres,0.00%,25.61MiB / 2.767GiB,0.90%,141kB / 126B,74.8MB / 233kB
2026-06-13 01:32:16,iot-mosquitto,0.07%,19.3MiB / 2.767GiB,0.68%,84.1kB / 69.9kB,15.3MB / 819kB
2026-06-13 01:32:16,iot-kafka,1.33%,890.5MiB / 2.767GiB,31.43%,528MB / 15.7MB,101MB / 370MB
2026-06-13 01:32:22,iot-postgres,3.38%,26.18MiB / 2.767GiB,0.92%,141kB / 126B,74.8MB / 233kB
2026-06-13 01:32:22,iot-mosquitto,0.06%,19.27MiB / 2.767GiB,0.68%,84.1kB / 69.9kB,15.3MB / 823kB
2026-06-13 01:32:22,iot-kafka,1.34%,890.7MiB / 2.767GiB,31.44%,528MB / 15.7MB,101MB / 370MB
2026-06-13 01:32:28,iot-postgres,0.01%,25.61MiB / 2.767GiB,0.90%,141kB / 126B,74.8MB / 233kB
2026-06-13 01:32:28,iot-mosquitto,0.07%,19.27MiB / 2.767GiB,0.68%,84.1kB / 69.9kB,15.3MB / 823kB
2026-06-13 01:32:28,iot-kafka,1.59%,890.4MiB / 2.767GiB,31.43%,528MB / 15.7MB,101MB / 370MB
2026-06-13 01:32:34,iot-postgres,0.00%,25.64MiB / 2.767GiB,0.90%,141kB / 126B,74.8MB / 233kB
2026-06-13 01:32:34,iot-mosquitto,0.05%,19.27MiB / 2.767GiB,0.68%,84.1kB / 69.9kB,15.3MB / 823kB
2026-06-13 01:32:34,iot-kafka,1.51%,891.2MiB / 2.767GiB,31.45%,528MB / 15.7MB,101MB / 370MB
2026-06-13 01:32:40,iot-postgres,0.00%,25.61MiB / 2.767GiB,0.90%,141kB / 126B,74.8MB / 233kB
2026-06-13 01:32:40,iot-mosquitto,0.07%,19.27MiB / 2.767GiB,0.68%,84.1kB / 69.9kB,15.3MB / 823kB
2026-06-13 01:32:40,iot-kafka,1.44%,891.1MiB / 2.767GiB,31.45%,528MB / 15.7MB,101MB / 370MB
2026-06-13 01:32:47,iot-postgres,0.00%,25.61MiB / 2.767GiB,0.90%,141kB / 126B,74.8MB / 233kB
2026-06-13 01:32:47,iot-mosquitto,0.06%,19.27MiB / 2.767GiB,0.68%,84.1kB / 69.9kB,15.3MB / 827kB
2026-06-13 01:32:47,iot-kafka,1.53%,891MiB / 2.767GiB,31.45%,528MB / 15.7MB,101MB / 370MB
2026-06-13 01:32:53,iot-postgres,3.45%,25.65MiB / 2.767GiB,0.91%,141kB / 126B,74.8MB / 233kB
2026-06-13 01:32:53,iot-mosquitto,0.06%,19.27MiB / 2.767GiB,0.68%,84.1kB / 69.9kB,15.3MB / 831kB
2026-06-13 01:32:53,iot-kafka,1.69%,890.7MiB / 2.767GiB,31.44%,528MB / 15.7MB,101MB / 370MB
2026-06-13 01:32:59,iot-postgres,0.00%,25.61MiB / 2.767GiB,0.90%,141kB / 126B,74.8MB / 233kB
2026-06-13 01:32:59,iot-mosquitto,0.06%,19.27MiB / 2.767GiB,0.68%,84.1kB / 69.9kB,15.3MB / 831kB
2026-06-13 01:32:59,iot-kafka,1.51%,890.9MiB / 2.767GiB,31.45%,528MB / 15.7MB,101MB / 370MB
2026-06-13 01:33:05,iot-postgres,0.00%,25.75MiB / 2.767GiB,0.91%,141kB / 126B,74.8MB / 233kB
2026-06-13 01:33:05,iot-mosquitto,0.07%,19.27MiB / 2.767GiB,0.68%,84.1kB / 69.9kB,15.3MB / 831kB
2026-06-13 01:33:05,iot-kafka,1.57%,890.7MiB / 2.767GiB,31.44%,528MB / 15.7MB,101MB / 370MB
2026-06-13 01:33:11,iot-postgres,0.00%,25.61MiB / 2.767GiB,0.90%,141kB / 126B,74.8MB / 233kB
2026-06-13 01:33:11,iot-mosquitto,0.06%,19.27MiB / 2.767GiB,0.68%,84.1kB / 69.9kB,15.3MB / 831kB
2026-06-13 01:33:11,iot-kafka,1.53%,891MiB / 2.767GiB,31.45%,528MB / 15.7MB,101MB / 370MB
2026-06-13 01:33:17,iot-postgres,0.00%,25.61MiB / 2.767GiB,0.90%,141kB / 126B,74.8MB / 233kB
2026-06-13 01:33:17,iot-mosquitto,0.07%,19.28MiB / 2.767GiB,0.68%,84.1kB / 69.9kB,15.3MB / 836kB
2026-06-13 01:33:17,iot-kafka,1.49%,890.8MiB / 2.767GiB,31.44%,528MB / 15.7MB,101MB / 370MB
2026-06-13 01:33:24,iot-postgres,0.01%,25.61MiB / 2.767GiB,0.90%,141kB / 126B,74.8MB / 233kB
2026-06-13 01:33:24,iot-mosquitto,0.06%,19.27MiB / 2.767GiB,0.68%,84.1kB / 69.9kB,15.3MB / 840kB
2026-06-13 01:33:24,iot-kafka,6.95%,892MiB / 2.767GiB,31.48%,528MB / 15.7MB,101MB / 370MB
2026-06-13 01:33:30,iot-postgres,0.00%,25.61MiB / 2.767GiB,0.90%,141kB / 126B,74.8MB / 233kB
2026-06-13 01:33:30,iot-mosquitto,4.66%,19.8MiB / 2.767GiB,0.70%,84.1kB / 69.9kB,15.3MB / 840kB
2026-06-13 01:33:30,iot-kafka,3.71%,891.2MiB / 2.767GiB,31.45%,528MB / 15.7MB,101MB / 371MB
2026-06-13 01:33:36,iot-postgres,0.10%,25.61MiB / 2.767GiB,0.90%,141kB / 126B,74.8MB / 233kB
2026-06-13 01:33:36,iot-mosquitto,0.06%,19.28MiB / 2.767GiB,0.68%,84.1kB / 69.9kB,15.3MB / 840kB
2026-06-13 01:33:36,iot-kafka,1.33%,892.1MiB / 2.767GiB,31.49%,528MB / 15.7MB,101MB / 371MB
2026-06-13 01:33:42,iot-postgres,0.00%,25.61MiB / 2.767GiB,0.90%,141kB / 126B,74.8MB / 233kB
2026-06-13 01:33:42,iot-mosquitto,0.06%,19.28MiB / 2.767GiB,0.68%,84.1kB / 69.9kB,15.3MB / 840kB
2026-06-13 01:33:42,iot-kafka,5.23%,893.1MiB / 2.767GiB,31.52%,528MB / 15.7MB,101MB / 371MB
2026-06-13 01:33:48,iot-postgres,0.00%,25.61MiB / 2.767GiB,0.90%,141kB / 126B,74.8MB / 233kB
2026-06-13 01:33:48,iot-mosquitto,0.05%,19.28MiB / 2.767GiB,0.68%,84.1kB / 69.9kB,15.3MB / 848kB
2026-06-13 01:33:48,iot-kafka,2.65%,891.5MiB / 2.767GiB,31.47%,528MB / 15.7MB,101MB / 371MB
2026-06-13 01:33:54,iot-postgres,0.01%,25.62MiB / 2.767GiB,0.90%,141kB / 126B,74.8MB / 233kB
2026-06-13 01:33:54,iot-mosquitto,0.05%,19.28MiB / 2.767GiB,0.68%,84.1kB / 69.9kB,15.3MB / 852kB
2026-06-13 01:33:54,iot-kafka,2.58%,891MiB / 2.767GiB,31.45%,528MB / 15.7MB,101MB / 371MB
2026-06-13 01:34:01,iot-postgres,0.00%,18.28MiB / 2.767GiB,0.65%,141kB / 126B,74.8MB / 233kB
2026-06-13 01:34:01,iot-mosquitto,3.51%,18.03MiB / 2.767GiB,0.64%,84.1kB / 69.9kB,17.6MB / 852kB
2026-06-13 01:34:01,iot-kafka,1.14%,890.2MiB / 2.767GiB,31.42%,528MB / 15.7MB,101MB / 371MB
2026-06-13 01:34:07,iot-postgres,0.00%,18.87MiB / 2.767GiB,0.67%,141kB / 126B,86.2MB / 233kB
2026-06-13 01:34:07,iot-mosquitto,0.07%,18.07MiB / 2.767GiB,0.64%,84.1kB / 69.9kB,17.6MB / 852kB
2026-06-13 01:34:07,iot-kafka,1.29%,890.9MiB / 2.767GiB,31.44%,528MB / 15.7MB,101MB / 371MB
2026-06-13 01:34:13,iot-postgres,3.07%,25.11MiB / 2.767GiB,0.89%,141kB / 126B,86.2MB / 233kB
2026-06-13 01:34:13,iot-mosquitto,0.06%,18.07MiB / 2.767GiB,0.64%,84.1kB / 69.9kB,17.6MB / 852kB
2026-06-13 01:34:13,iot-kafka,3.17%,890.5MiB / 2.767GiB,31.43%,528MB / 15.7MB,101MB / 371MB
2026-06-13 01:34:19,iot-postgres,0.00%,25.05MiB / 2.767GiB,0.88%,141kB / 126B,86.2MB / 233kB
2026-06-13 01:34:19,iot-mosquitto,0.07%,18.96MiB / 2.767GiB,0.67%,84.1kB / 69.9kB,17.6MB / 852kB
2026-06-13 01:34:19,iot-kafka,1.47%,890.8MiB / 2.767GiB,31.44%,528MB / 15.7MB,101MB / 371MB
2026-06-13 01:34:25,iot-postgres,0.01%,25.36MiB / 2.767GiB,0.90%,141kB / 126B,86.2MB / 233kB
2026-06-13 01:34:25,iot-mosquitto,0.07%,18.96MiB / 2.767GiB,0.67%,84.1kB / 69.9kB,17.6MB / 856kB
2026-06-13 01:34:25,iot-kafka,1.57%,891.8MiB / 2.767GiB,31.48%,528MB / 15.7MB,101MB / 371MB
2026-06-13 01:34:31,iot-postgres,0.00%,25.36MiB / 2.767GiB,0.90%,141kB / 126B,86.2MB / 233kB
2026-06-13 01:34:31,iot-mosquitto,0.07%,19.08MiB / 2.767GiB,0.67%,84.1kB / 69.9kB,17.6MB / 860kB
2026-06-13 01:34:31,iot-kafka,2.80%,891.2MiB / 2.767GiB,31.45%,528MB / 15.7MB,101MB / 372MB
2026-06-13 01:34:38,iot-postgres,0.98%,25.64MiB / 2.767GiB,0.91%,141kB / 126B,86.3MB / 233kB
2026-06-13 01:34:38,iot-mosquitto,0.07%,19.08MiB / 2.767GiB,0.67%,84.1kB / 69.9kB,17.6MB / 860kB
2026-06-13 01:34:38,iot-kafka,6.06%,891.5MiB / 2.767GiB,31.46%,528MB / 15.7MB,101MB / 372MB
2026-06-13 01:34:44,iot-postgres,3.32%,25.54MiB / 2.767GiB,0.90%,141kB / 126B,86.3MB / 233kB
2026-06-13 01:34:44,iot-mosquitto,0.07%,19.08MiB / 2.767GiB,0.67%,84.1kB / 69.9kB,17.6MB / 860kB
2026-06-13 01:34:44,iot-kafka,6.32%,891.5MiB / 2.767GiB,31.47%,528MB / 15.7MB,101MB / 372MB
2026-06-13 01:34:50,iot-postgres,0.00%,25.39MiB / 2.767GiB,0.90%,141kB / 126B,86.3MB / 233kB
2026-06-13 01:34:50,iot-mosquitto,0.06%,19.16MiB / 2.767GiB,0.68%,84.1kB / 69.9kB,17.6MB / 860kB
2026-06-13 01:34:50,iot-kafka,1.87%,890.8MiB / 2.767GiB,31.44%,528MB / 15.7MB,101MB / 372MB
2026-06-13 01:34:56,iot-postgres,0.00%,25.62MiB / 2.767GiB,0.90%,141kB / 126B,86.3MB / 233kB
2026-06-13 01:34:56,iot-mosquitto,0.06%,19.14MiB / 2.767GiB,0.68%,84.1kB / 69.9kB,17.6MB / 864kB
2026-06-13 01:34:56,iot-kafka,2.50%,891MiB / 2.767GiB,31.45%,528MB / 15.7MB,101MB / 372MB
2026-06-13 01:35:02,iot-postgres,0.00%,25.44MiB / 2.767GiB,0.90%,141kB / 126B,86.3MB / 233kB
2026-06-13 01:35:02,iot-mosquitto,0.07%,19.17MiB / 2.767GiB,0.68%,84.1kB / 69.9kB,17.6MB / 864kB
2026-06-13 01:35:02,iot-kafka,1.28%,891MiB / 2.767GiB,31.45%,528MB / 15.7MB,101MB / 372MB
2026-06-13 01:35:08,iot-postgres,0.01%,25.52MiB / 2.767GiB,0.90%,141kB / 126B,86.3MB / 233kB
2026-06-13 01:35:08,iot-mosquitto,0.07%,19.17MiB / 2.767GiB,0.68%,84.1kB / 69.9kB,17.6MB / 864kB
2026-06-13 01:35:08,iot-kafka,1.04%,890.8MiB / 2.767GiB,31.44%,528MB / 15.7MB,101MB / 372MB
2026-06-13 01:35:15,iot-postgres,0.00%,25.58MiB / 2.767GiB,0.90%,141kB / 126B,86.3MB / 233kB
2026-06-13 01:35:15,iot-mosquitto,0.07%,19.17MiB / 2.767GiB,0.68%,84.1kB / 69.9kB,17.6MB / 864kB
2026-06-13 01:35:15,iot-kafka,6.36%,891.3MiB / 2.767GiB,31.46%,528MB / 15.7MB,101MB / 372MB
2026-06-13 01:35:21,iot-postgres,0.00%,25.5MiB / 2.767GiB,0.90%,141kB / 126B,86.3MB / 233kB
2026-06-13 01:35:21,iot-mosquitto,0.08%,19.17MiB / 2.767GiB,0.68%,84.1kB / 69.9kB,17.6MB / 868kB
2026-06-13 01:35:21,iot-kafka,1.70%,890.8MiB / 2.767GiB,31.44%,528MB / 15.7MB,101MB / 372MB
2026-06-13 01:35:27,iot-postgres,0.00%,25.51MiB / 2.767GiB,0.90%,141kB / 126B,86.3MB / 233kB
2026-06-13 01:35:27,iot-mosquitto,0.05%,19.16MiB / 2.767GiB,0.68%,84.1kB / 69.9kB,17.6MB / 872kB
2026-06-13 01:35:27,iot-kafka,3.09%,891.3MiB / 2.767GiB,31.46%,528MB / 15.7MB,101MB / 372MB
2026-06-13 01:35:33,iot-postgres,0.00%,25.51MiB / 2.767GiB,0.90%,141kB / 126B,86.3MB / 233kB
2026-06-13 01:35:33,iot-mosquitto,0.07%,19.2MiB / 2.767GiB,0.68%,84.1kB / 69.9kB,17.6MB / 872kB
2026-06-13 01:35:33,iot-kafka,2.04%,891.1MiB / 2.767GiB,31.45%,528MB / 15.7MB,101MB / 373MB
2026-06-13 01:35:39,iot-postgres,0.00%,25.55MiB / 2.767GiB,0.90%,141kB / 126B,86.3MB / 233kB
2026-06-13 01:35:39,iot-mosquitto,0.09%,19.2MiB / 2.767GiB,0.68%,84.1kB / 69.9kB,17.6MB / 872kB
2026-06-13 01:35:39,iot-kafka,2.39%,891.2MiB / 2.767GiB,31.46%,528MB / 15.7MB,101MB / 373MB
2026-06-13 01:35:45,iot-postgres,0.00%,25.56MiB / 2.767GiB,0.90%,141kB / 126B,86.3MB / 233kB
2026-06-13 01:35:45,iot-mosquitto,0.09%,19.2MiB / 2.767GiB,0.68%,84.1kB / 69.9kB,17.6MB / 872kB
2026-06-13 01:35:45,iot-kafka,1.18%,891.3MiB / 2.767GiB,31.46%,528MB / 15.7MB,101MB / 373MB
2026-06-13 01:35:52,iot-postgres,0.00%,25.56MiB / 2.767GiB,0.90%,141kB / 126B,86.3MB / 233kB
2026-06-13 01:35:52,iot-mosquitto,0.07%,19.24MiB / 2.767GiB,0.68%,84.1kB / 69.9kB,17.6MB / 872kB
2026-06-13 01:35:52,iot-kafka,2.98%,891.8MiB / 2.767GiB,31.48%,528MB / 15.7MB,101MB / 373MB
2026-06-13 01:35:58,iot-postgres,0.01%,25.76MiB / 2.767GiB,0.91%,141kB / 126B,86.3MB / 233kB
2026-06-13 01:35:58,iot-mosquitto,0.08%,19.23MiB / 2.767GiB,0.68%,84.1kB / 69.9kB,17.6MB / 877kB
2026-06-13 01:35:58,iot-kafka,3.52%,891.2MiB / 2.767GiB,31.46%,528MB / 15.7MB,101MB / 373MB
2026-06-13 01:36:04,iot-postgres,3.55%,25.58MiB / 2.767GiB,0.90%,141kB / 126B,86.3MB / 233kB
2026-06-13 01:36:04,iot-mosquitto,0.08%,19.25MiB / 2.767GiB,0.68%,84.1kB / 69.9kB,17.6MB / 881kB
2026-06-13 01:36:04,iot-kafka,1.72%,891.3MiB / 2.767GiB,31.46%,528MB / 15.7MB,101MB / 373MB
2026-06-13 01:36:10,iot-postgres,0.00%,25.57MiB / 2.767GiB,0.90%,141kB / 126B,86.3MB / 233kB
2026-06-13 01:36:10,iot-mosquitto,0.07%,19.25MiB / 2.767GiB,0.68%,84.1kB / 69.9kB,17.6MB / 881kB
2026-06-13 01:36:10,iot-kafka,3.16%,890.9MiB / 2.767GiB,31.45%,528MB / 15.7MB,101MB / 373MB
2026-06-13 01:36:16,iot-postgres,0.00%,25.57MiB / 2.767GiB,0.90%,141kB / 126B,86.3MB / 233kB
2026-06-13 01:36:16,iot-mosquitto,2.75%,20.04MiB / 2.767GiB,0.71%,84.1kB / 69.9kB,17.6MB / 881kB
2026-06-13 01:36:16,iot-kafka,3.59%,891.7MiB / 2.767GiB,31.47%,528MB / 15.7MB,101MB / 373MB
2026-06-13 01:36:22,iot-postgres,0.00%,25.57MiB / 2.767GiB,0.90%,141kB / 126B,86.3MB / 233kB
2026-06-13 01:36:22,iot-mosquitto,0.05%,19.26MiB / 2.767GiB,0.68%,84.1kB / 69.9kB,17.6MB / 881kB
2026-06-13 01:36:22,iot-kafka,9.45%,891.4MiB / 2.767GiB,31.46%,528MB / 15.7MB,102MB / 373MB
2026-06-13 01:36:28,iot-postgres,0.00%,25.58MiB / 2.767GiB,0.90%,141kB / 126B,86.3MB / 233kB
2026-06-13 01:36:28,iot-mosquitto,0.06%,19.27MiB / 2.767GiB,0.68%,84.1kB / 69.9kB,17.6MB / 885kB
2026-06-13 01:36:28,iot-kafka,3.05%,891MiB / 2.767GiB,31.45%,528MB / 15.7MB,102MB / 373MB
2026-06-13 01:36:35,iot-postgres,3.35%,25.81MiB / 2.767GiB,0.91%,141kB / 126B,86.3MB / 233kB
2026-06-13 01:36:35,iot-mosquitto,0.07%,19.27MiB / 2.767GiB,0.68%,84.1kB / 69.9kB,17.6MB / 885kB
2026-06-13 01:36:35,iot-kafka,3.72%,893MiB / 2.767GiB,31.52%,528MB / 15.7MB,102MB / 373MB
2026-06-13 01:36:41,iot-postgres,0.00%,25.58MiB / 2.767GiB,0.90%,141kB / 126B,86.3MB / 233kB
2026-06-13 01:36:41,iot-mosquitto,0.08%,19.28MiB / 2.767GiB,0.68%,84.1kB / 69.9kB,17.6MB / 885kB
2026-06-13 01:36:41,iot-kafka,4.44%,891.3MiB / 2.767GiB,31.46%,528MB / 15.7MB,102MB / 374MB
2026-06-13 01:36:47,iot-postgres,0.00%,25.61MiB / 2.767GiB,0.90%,141kB / 126B,86.3MB / 233kB
2026-06-13 01:36:47,iot-mosquitto,4.31%,19.29MiB / 2.767GiB,0.68%,84.1kB / 69.9kB,17.6MB / 889kB
2026-06-13 01:36:47,iot-kafka,2.86%,891.3MiB / 2.767GiB,31.46%,528MB / 15.7MB,102MB / 374MB
2026-06-13 01:36:53,iot-postgres,0.01%,25.59MiB / 2.767GiB,0.90%,141kB / 126B,86.3MB / 233kB
2026-06-13 01:36:53,iot-mosquitto,0.10%,19.28MiB / 2.767GiB,0.68%,84.1kB / 69.9kB,17.6MB / 889kB
2026-06-13 01:36:53,iot-kafka,3.15%,891.2MiB / 2.767GiB,31.45%,528MB / 15.7MB,102MB / 374MB
2026-06-13 01:36:59,iot-postgres,0.00%,25.6MiB / 2.767GiB,0.90%,141kB / 126B,86.3MB / 233kB
2026-06-13 01:36:59,iot-mosquitto,0.08%,19.28MiB / 2.767GiB,0.68%,84.1kB / 69.9kB,17.6MB / 893kB
2026-06-13 01:36:59,iot-kafka,5.93%,890.9MiB / 2.767GiB,31.45%,528MB / 15.7MB,102MB / 374MB
2026-06-13 01:37:05,iot-postgres,0.00%,25.59MiB / 2.767GiB,0.90%,141kB / 126B,86.3MB / 233kB
2026-06-13 01:37:05,iot-mosquitto,0.07%,19.3MiB / 2.767GiB,0.68%,84.1kB / 69.9kB,17.6MB / 893kB
2026-06-13 01:37:05,iot-kafka,5.64%,891.2MiB / 2.767GiB,31.45%,528MB / 15.7MB,102MB / 374MB
2026-06-13 01:37:12,iot-postgres,0.00%,25.59MiB / 2.767GiB,0.90%,141kB / 126B,86.3MB / 233kB
2026-06-13 01:37:12,iot-mosquitto,0.07%,19.3MiB / 2.767GiB,0.68%,84.1kB / 69.9kB,17.6MB / 893kB
2026-06-13 01:37:12,iot-kafka,2.66%,891.5MiB / 2.767GiB,31.47%,528MB / 15.7MB,102MB / 374MB
2026-06-13 01:37:18,iot-postgres,0.00%,25.6MiB / 2.767GiB,0.90%,141kB / 126B,86.3MB / 233kB
2026-06-13 01:37:18,iot-mosquitto,0.05%,19.29MiB / 2.767GiB,0.68%,84.1kB / 69.9kB,17.6MB / 893kB
2026-06-13 01:37:18,iot-kafka,2.96%,891.7MiB / 2.767GiB,31.47%,528MB / 15.7MB,102MB / 374MB
2026-06-13 01:37:24,iot-postgres,0.00%,25.6MiB / 2.767GiB,0.90%,141kB / 126B,86.3MB / 233kB
2026-06-13 01:37:24,iot-mosquitto,0.10%,19.29MiB / 2.767GiB,0.68%,84.1kB / 69.9kB,17.6MB / 893kB
2026-06-13 01:37:24,iot-kafka,3.56%,892.1MiB / 2.767GiB,31.49%,528MB / 15.7MB,102MB / 374MB
2026-06-13 01:37:30,iot-postgres,0.00%,25.6MiB / 2.767GiB,0.90%,141kB / 126B,86.3MB / 233kB
2026-06-13 01:37:30,iot-mosquitto,0.09%,19.29MiB / 2.767GiB,0.68%,84.1kB / 69.9kB,17.6MB / 897kB
2026-06-13 01:37:30,iot-kafka,2.60%,892.9MiB / 2.767GiB,31.52%,528MB / 15.7MB,102MB / 374MB
2026-06-13 01:37:36,iot-postgres,0.00%,25.78MiB / 2.767GiB,0.91%,141kB / 126B,86.3MB / 233kB
2026-06-13 01:37:36,iot-mosquitto,0.09%,19.3MiB / 2.767GiB,0.68%,84.1kB / 69.9kB,17.6MB / 905kB
2026-06-13 01:37:36,iot-kafka,5.06%,891.4MiB / 2.767GiB,31.46%,528MB / 15.7MB,102MB / 374MB
2026-06-13 01:37:42,iot-postgres,0.00%,25.59MiB / 2.767GiB,0.90%,141kB / 126B,86.3MB / 233kB
2026-06-13 01:37:42,iot-mosquitto,0.09%,19.3MiB / 2.767GiB,0.68%,84.1kB / 69.9kB,17.6MB / 905kB
2026-06-13 01:37:42,iot-kafka,3.27%,891.4MiB / 2.767GiB,31.46%,528MB / 15.7MB,102MB / 374MB
2026-06-13 01:37:49,iot-postgres,0.01%,25.59MiB / 2.767GiB,0.90%,141kB / 126B,86.3MB / 233kB
2026-06-13 01:37:49,iot-mosquitto,0.07%,19.3MiB / 2.767GiB,0.68%,84.1kB / 69.9kB,17.6MB / 905kB
2026-06-13 01:37:49,iot-kafka,2.09%,891.5MiB / 2.767GiB,31.46%,528MB / 15.7MB,102MB / 375MB
2026-06-13 01:37:55,iot-postgres,3.37%,25.99MiB / 2.767GiB,0.92%,141kB / 126B,86.3MB / 233kB
2026-06-13 01:37:55,iot-mosquitto,0.12%,19.3MiB / 2.767GiB,0.68%,84.1kB / 69.9kB,17.6MB / 905kB
2026-06-13 01:37:55,iot-kafka,1.41%,891.4MiB / 2.767GiB,31.46%,528MB / 15.7MB,102MB / 375MB
2026-06-13 01:38:01,iot-postgres,0.00%,18.29MiB / 2.767GiB,0.65%,141kB / 126B,86.3MB / 233kB
2026-06-13 01:38:01,iot-mosquitto,0.06%,18.21MiB / 2.767GiB,0.64%,84.1kB / 69.9kB,17.9MB / 909kB
2026-06-13 01:38:01,iot-kafka,1.20%,890.9MiB / 2.767GiB,31.45%,528MB / 15.7MB,102MB / 375MB
2026-06-13 01:38:07,iot-postgres,0.00%,18.88MiB / 2.767GiB,0.67%,141kB / 126B,97.6MB / 233kB
2026-06-13 01:38:07,iot-mosquitto,0.05%,18.34MiB / 2.767GiB,0.65%,84.1kB / 69.9kB,20.1MB / 909kB
2026-06-13 01:38:07,iot-kafka,2.03%,891.8MiB / 2.767GiB,31.48%,528MB / 15.7MB,102MB / 375MB
2026-06-13 01:38:13,iot-postgres,0.01%,18.88MiB / 2.767GiB,0.67%,141kB / 126B,97.6MB / 233kB
2026-06-13 01:38:13,iot-mosquitto,0.07%,18.34MiB / 2.767GiB,0.65%,84.1kB / 69.9kB,20.1MB / 909kB
2026-06-13 01:38:13,iot-kafka,1.73%,891.7MiB / 2.767GiB,31.47%,528MB / 15.7MB,102MB / 375MB
2026-06-13 01:38:19,iot-postgres,0.01%,25.02MiB / 2.767GiB,0.88%,141kB / 126B,97.6MB / 233kB
2026-06-13 01:38:19,iot-mosquitto,0.06%,19.17MiB / 2.767GiB,0.68%,84.1kB / 69.9kB,20.1MB / 913kB
2026-06-13 01:38:19,iot-kafka,1.86%,891.9MiB / 2.767GiB,31.48%,528MB / 15.7MB,102MB / 375MB
2026-06-13 01:38:26,iot-postgres,3.44%,25.55MiB / 2.767GiB,0.90%,141kB / 126B,97.6MB / 233kB
2026-06-13 01:38:26,iot-mosquitto,0.06%,19.17MiB / 2.767GiB,0.68%,84.1kB / 69.9kB,20.1MB / 913kB
2026-06-13 01:38:26,iot-kafka,4.34%,896MiB / 2.767GiB,31.62%,528MB / 15.7MB,102MB / 375MB
2026-06-13 01:38:32,iot-postgres,0.00%,25.36MiB / 2.767GiB,0.89%,141kB / 126B,97.6MB / 233kB
2026-06-13 01:38:32,iot-mosquitto,0.06%,19.18MiB / 2.767GiB,0.68%,84.1kB / 69.9kB,20.1MB / 918kB
2026-06-13 01:38:32,iot-kafka,2.06%,891.9MiB / 2.767GiB,31.48%,528MB / 15.7MB,102MB / 375MB
2026-06-13 01:38:38,iot-postgres,0.00%,25.54MiB / 2.767GiB,0.90%,141kB / 126B,97.7MB / 233kB
2026-06-13 01:38:38,iot-mosquitto,0.05%,19.27MiB / 2.767GiB,0.68%,84.1kB / 69.9kB,20.1MB / 918kB
2026-06-13 01:38:38,iot-kafka,2.91%,891.4MiB / 2.767GiB,31.46%,528MB / 15.7MB,102MB / 375MB
2026-06-13 01:38:44,iot-postgres,0.00%,25.38MiB / 2.767GiB,0.90%,141kB / 126B,97.7MB / 233kB
2026-06-13 01:38:44,iot-mosquitto,0.06%,19.27MiB / 2.767GiB,0.68%,84.1kB / 69.9kB,20.1MB / 918kB
2026-06-13 01:38:44,iot-kafka,2.47%,892.1MiB / 2.767GiB,31.49%,528MB / 15.7MB,102MB / 375MB
2026-06-13 01:38:50,iot-postgres,0.01%,25.41MiB / 2.767GiB,0.90%,141kB / 126B,97.7MB / 233kB
2026-06-13 01:38:50,iot-mosquitto,0.05%,19.3MiB / 2.767GiB,0.68%,84.1kB / 69.9kB,20.1MB / 918kB
2026-06-13 01:38:50,iot-kafka,2.64%,891.7MiB / 2.767GiB,31.47%,528MB / 15.7MB,102MB / 376MB
2026-06-13 01:38:56,iot-postgres,0.00%,25.74MiB / 2.767GiB,0.91%,141kB / 126B,97.7MB / 233kB
2026-06-13 01:38:56,iot-mosquitto,0.08%,19.3MiB / 2.767GiB,0.68%,84.1kB / 69.9kB,20.1MB / 918kB
2026-06-13 01:38:56,iot-kafka,5.34%,891.4MiB / 2.767GiB,31.46%,528MB / 15.7MB,102MB / 376MB
2026-06-13 01:39:03,iot-postgres,0.00%,25.46MiB / 2.767GiB,0.90%,141kB / 126B,97.7MB / 233kB
2026-06-13 01:39:03,iot-mosquitto,2.82%,19.4MiB / 2.767GiB,0.68%,84.1kB / 69.9kB,20.1MB / 926kB
2026-06-13 01:39:03,iot-kafka,4.37%,891.2MiB / 2.767GiB,31.46%,528MB / 15.7MB,102MB / 376MB
2026-06-13 01:39:09,iot-postgres,0.00%,25.46MiB / 2.767GiB,0.90%,141kB / 126B,97.7MB / 233kB
2026-06-13 01:39:09,iot-mosquitto,0.07%,19.33MiB / 2.767GiB,0.68%,84.1kB / 69.9kB,20.1MB / 926kB
2026-06-13 01:39:09,iot-kafka,2.47%,892MiB / 2.767GiB,31.48%,528MB / 15.7MB,102MB / 376MB
2026-06-13 01:39:15,iot-postgres,0.00%,25.46MiB / 2.767GiB,0.90%,141kB / 126B,97.7MB / 233kB
2026-06-13 01:39:15,iot-mosquitto,0.06%,19.33MiB / 2.767GiB,0.68%,84.1kB / 69.9kB,20.1MB / 926kB
2026-06-13 01:39:15,iot-kafka,2.50%,891.4MiB / 2.767GiB,31.46%,528MB / 15.7MB,102MB / 376MB
2026-06-13 01:39:21,iot-postgres,0.01%,25.49MiB / 2.767GiB,0.90%,141kB / 126B,97.7MB / 233kB
2026-06-13 01:39:21,iot-mosquitto,0.07%,19.34MiB / 2.767GiB,0.68%,84.1kB / 69.9kB,20.1MB / 926kB
2026-06-13 01:39:21,iot-kafka,2.74%,891.2MiB / 2.767GiB,31.46%,528MB / 15.7MB,102MB / 376MB
2026-06-13 01:39:27,iot-postgres,0.00%,25.49MiB / 2.767GiB,0.90%,141kB / 126B,97.7MB / 233kB
2026-06-13 01:39:27,iot-mosquitto,0.07%,19.34MiB / 2.767GiB,0.68%,84.1kB / 69.9kB,20.1MB / 926kB
2026-06-13 01:39:27,iot-kafka,1.75%,891.9MiB / 2.767GiB,31.48%,528MB / 15.7MB,102MB / 376MB
2026-06-13 01:39:33,iot-postgres,0.01%,25.49MiB / 2.767GiB,0.90%,141kB / 126B,97.7MB / 233kB
2026-06-13 01:39:33,iot-mosquitto,2.54%,19.41MiB / 2.767GiB,0.69%,84.1kB / 69.9kB,20.1MB / 930kB
2026-06-13 01:39:33,iot-kafka,1.77%,891.5MiB / 2.767GiB,31.47%,528MB / 15.7MB,102MB / 376MB
2026-06-13 01:39:40,iot-postgres,0.00%,25.53MiB / 2.767GiB,0.90%,141kB / 126B,97.7MB / 233kB
2026-06-13 01:39:40,iot-mosquitto,0.07%,19.41MiB / 2.767GiB,0.69%,84.1kB / 69.9kB,20.1MB / 930kB
2026-06-13 01:39:40,iot-kafka,3.02%,891.6MiB / 2.767GiB,31.47%,528MB / 15.7MB,102MB / 376MB
2026-06-13 01:39:46,iot-postgres,3.25%,25.76MiB / 2.767GiB,0.91%,141kB / 126B,97.7MB / 233kB
2026-06-13 01:39:46,iot-mosquitto,0.07%,19.41MiB / 2.767GiB,0.69%,84.1kB / 69.9kB,20.1MB / 930kB
2026-06-13 01:39:46,iot-kafka,5.58%,891.3MiB / 2.767GiB,31.46%,528MB / 15.7MB,102MB / 376MB
2026-06-13 01:39:52,iot-postgres,0.01%,25.55MiB / 2.767GiB,0.90%,141kB / 126B,97.7MB / 233kB
2026-06-13 01:39:52,iot-mosquitto,0.06%,19.43MiB / 2.767GiB,0.69%,84.1kB / 69.9kB,20.1MB / 934kB
2026-06-13 01:39:52,iot-kafka,3.04%,891.3MiB / 2.767GiB,31.46%,528MB / 15.7MB,102MB / 377MB
2026-06-13 01:39:58,iot-postgres,0.01%,25.56MiB / 2.767GiB,0.90%,141kB / 126B,97.7MB / 233kB
2026-06-13 01:39:58,iot-mosquitto,0.05%,19.43MiB / 2.767GiB,0.69%,84.1kB / 69.9kB,20.1MB / 934kB
2026-06-13 01:39:58,iot-kafka,2.86%,891.6MiB / 2.767GiB,31.47%,528MB / 15.7MB,102MB / 377MB
2026-06-13 01:40:04,iot-postgres,0.00%,25.55MiB / 2.767GiB,0.90%,141kB / 126B,97.7MB / 233kB
2026-06-13 01:40:04,iot-mosquitto,0.05%,19.47MiB / 2.767GiB,0.69%,84.1kB / 69.9kB,20.1MB / 938kB
2026-06-13 01:40:04,iot-kafka,1.58%,891.5MiB / 2.767GiB,31.47%,528MB / 15.7MB,102MB / 377MB
2026-06-13 01:40:10,iot-postgres,0.00%,25.57MiB / 2.767GiB,0.90%,141kB / 126B,97.7MB / 233kB
2026-06-13 01:40:10,iot-mosquitto,0.08%,19.44MiB / 2.767GiB,0.69%,84.1kB / 69.9kB,20.1MB / 938kB
2026-06-13 01:40:10,iot-kafka,1.20%,892.2MiB / 2.767GiB,31.49%,528MB / 15.7MB,102MB / 377MB
2026-06-13 01:40:17,iot-postgres,0.00%,25.58MiB / 2.767GiB,0.90%,141kB / 126B,97.7MB / 233kB
2026-06-13 01:40:17,iot-mosquitto,0.07%,19.44MiB / 2.767GiB,0.69%,84.1kB / 69.9kB,20.1MB / 938kB
2026-06-13 01:40:17,iot-kafka,10.55%,891.4MiB / 2.767GiB,31.46%,528MB / 15.7MB,102MB / 377MB
2026-06-13 01:40:23,iot-postgres,0.00%,25.57MiB / 2.767GiB,0.90%,141kB / 126B,97.7MB / 233kB
2026-06-13 01:40:23,iot-mosquitto,0.06%,19.44MiB / 2.767GiB,0.69%,84.1kB / 69.9kB,20.1MB / 938kB
2026-06-13 01:40:23,iot-kafka,1.60%,891.3MiB / 2.767GiB,31.46%,528MB / 15.7MB,102MB / 377MB
2026-06-13 01:40:29,iot-postgres,0.00%,25.59MiB / 2.767GiB,0.90%,141kB / 126B,97.7MB / 233kB
2026-06-13 01:40:29,iot-mosquitto,0.05%,19.44MiB / 2.767GiB,0.69%,84.1kB / 69.9kB,20.1MB / 938kB
2026-06-13 01:40:29,iot-kafka,3.41%,891.8MiB / 2.767GiB,31.48%,528MB / 15.7MB,102MB / 377MB
2026-06-13 01:40:35,iot-postgres,0.00%,25.59MiB / 2.767GiB,0.90%,141kB / 126B,97.7MB / 233kB
2026-06-13 01:40:35,iot-mosquitto,0.06%,19.46MiB / 2.767GiB,0.69%,84.1kB / 69.9kB,20.1MB / 950kB
2026-06-13 01:40:35,iot-kafka,1.15%,895.5MiB / 2.767GiB,31.61%,528MB / 15.7MB,102MB / 377MB
2026-06-13 01:40:41,iot-postgres,0.00%,25.59MiB / 2.767GiB,0.90%,141kB / 126B,97.7MB / 233kB
2026-06-13 01:40:41,iot-mosquitto,0.06%,19.46MiB / 2.767GiB,0.69%,84.1kB / 69.9kB,20.1MB / 950kB
2026-06-13 01:40:41,iot-kafka,2.17%,891.7MiB / 2.767GiB,31.47%,528MB / 15.7MB,102MB / 377MB
2026-06-13 01:40:48,iot-postgres,0.00%,25.8MiB / 2.767GiB,0.91%,141kB / 126B,97.7MB / 233kB
2026-06-13 01:40:48,iot-mosquitto,0.06%,19.46MiB / 2.767GiB,0.69%,84.1kB / 69.9kB,20.1MB / 950kB
2026-06-13 01:40:48,iot-kafka,7.36%,892.4MiB / 2.767GiB,31.50%,528MB / 15.7MB,102MB / 377MB
2026-06-13 01:40:54,iot-postgres,0.00%,25.59MiB / 2.767GiB,0.90%,141kB / 126B,97.7MB / 233kB
2026-06-13 01:40:54,iot-mosquitto,0.07%,19.46MiB / 2.767GiB,0.69%,84.1kB / 69.9kB,20.1MB / 950kB
2026-06-13 01:40:54,iot-kafka,4.57%,891.8MiB / 2.767GiB,31.48%,528MB / 15.7MB,102MB / 377MB
2026-06-13 01:41:00,iot-postgres,0.00%,25.62MiB / 2.767GiB,0.90%,141kB / 126B,97.7MB / 233kB
2026-06-13 01:41:00,iot-mosquitto,0.08%,19.46MiB / 2.767GiB,0.69%,84.1kB / 69.9kB,20.1MB / 950kB
2026-06-13 01:41:00,iot-kafka,2.69%,891.6MiB / 2.767GiB,31.47%,528MB / 15.7MB,102MB / 378MB
2026-06-13 01:41:06,iot-postgres,3.21%,26.27MiB / 2.767GiB,0.93%,141kB / 126B,97.7MB / 233kB
2026-06-13 01:41:06,iot-mosquitto,0.07%,19.47MiB / 2.767GiB,0.69%,84.1kB / 69.9kB,20.1MB / 958kB
2026-06-13 01:41:06,iot-kafka,2.99%,891.6MiB / 2.767GiB,31.47%,528MB / 15.7MB,102MB / 378MB
2026-06-13 01:41:12,iot-postgres,0.00%,25.6MiB / 2.767GiB,0.90%,141kB / 126B,97.7MB / 233kB
2026-06-13 01:41:12,iot-mosquitto,0.10%,19.46MiB / 2.767GiB,0.69%,84.1kB / 69.9kB,20.1MB / 958kB
2026-06-13 01:41:12,iot-kafka,1.30%,891.4MiB / 2.767GiB,31.46%,528MB / 15.7MB,102MB / 378MB
2026-06-13 01:41:18,iot-postgres,0.00%,25.6MiB / 2.767GiB,0.90%,141kB / 126B,97.7MB / 233kB
2026-06-13 01:41:18,iot-mosquitto,0.07%,19.46MiB / 2.767GiB,0.69%,84.1kB / 69.9kB,20.1MB / 958kB
2026-06-13 01:41:18,iot-kafka,8.45%,894.2MiB / 2.767GiB,31.56%,528MB / 15.7MB,102MB / 378MB
2026-06-13 01:41:24,iot-postgres,0.00%,25.59MiB / 2.767GiB,0.90%,141kB / 126B,97.7MB / 233kB
2026-06-13 01:41:24,iot-mosquitto,0.06%,19.48MiB / 2.767GiB,0.69%,84.1kB / 69.9kB,20.1MB / 958kB
2026-06-13 01:41:24,iot-kafka,1.80%,892.1MiB / 2.767GiB,31.49%,528MB / 15.7MB,102MB / 378MB
2026-06-13 01:41:31,iot-postgres,0.00%,25.59MiB / 2.767GiB,0.90%,141kB / 126B,97.7MB / 233kB
2026-06-13 01:41:31,iot-mosquitto,0.06%,19.48MiB / 2.767GiB,0.69%,84.1kB / 69.9kB,20.1MB / 958kB
2026-06-13 01:41:31,iot-kafka,2.80%,891.9MiB / 2.767GiB,31.48%,528MB / 15.7MB,102MB / 378MB
2026-06-13 01:41:37,iot-postgres,3.53%,26MiB / 2.767GiB,0.92%,141kB / 126B,97.7MB / 233kB
2026-06-13 01:41:37,iot-mosquitto,0.07%,19.73MiB / 2.767GiB,0.70%,84.1kB / 69.9kB,20.1MB / 967kB
2026-06-13 01:41:37,iot-kafka,4.41%,891.8MiB / 2.767GiB,31.48%,528MB / 15.7MB,102MB / 378MB
2026-06-13 01:41:43,iot-postgres,0.01%,25.59MiB / 2.767GiB,0.90%,141kB / 126B,97.7MB / 233kB
2026-06-13 01:41:43,iot-mosquitto,0.07%,19.48MiB / 2.767GiB,0.69%,84.1kB / 69.9kB,20.1MB / 967kB
2026-06-13 01:41:43,iot-kafka,2.76%,891.4MiB / 2.767GiB,31.46%,528MB / 15.7MB,102MB / 378MB
2026-06-13 01:41:49,iot-postgres,0.00%,25.68MiB / 2.767GiB,0.91%,141kB / 126B,97.7MB / 233kB
2026-06-13 01:41:49,iot-mosquitto,2.47%,19.49MiB / 2.767GiB,0.69%,84.1kB / 69.9kB,20.1MB / 967kB
2026-06-13 01:41:49,iot-kafka,1.62%,891.9MiB / 2.767GiB,31.48%,528MB / 15.7MB,102MB / 378MB
2026-06-13 01:41:55,iot-postgres,0.00%,25.59MiB / 2.767GiB,0.90%,141kB / 126B,97.7MB / 233kB
2026-06-13 01:41:55,iot-mosquitto,0.07%,19.49MiB / 2.767GiB,0.69%,84.1kB / 69.9kB,20.1MB / 967kB
2026-06-13 01:41:55,iot-kafka,1.22%,891MiB / 2.767GiB,31.45%,528MB / 15.7MB,102MB / 378MB
2026-06-13 01:42:01,iot-postgres,0.00%,18.29MiB / 2.767GiB,0.65%,141kB / 126B,97.7MB / 233kB
2026-06-13 01:42:01,iot-mosquitto,0.06%,17.71MiB / 2.767GiB,0.63%,84.1kB / 69.9kB,20.1MB / 967kB
2026-06-13 01:42:01,iot-kafka,1.40%,891.4MiB / 2.767GiB,31.46%,528MB / 15.7MB,103MB / 378MB
2026-06-13 01:42:08,iot-postgres,0.00%,18.84MiB / 2.767GiB,0.67%,141kB / 126B,109MB / 233kB
2026-06-13 01:42:08,iot-mosquitto,0.11%,18.69MiB / 2.767GiB,0.66%,84.1kB / 69.9kB,22.7MB / 975kB
2026-06-13 01:42:08,iot-kafka,4.99%,891.6MiB / 2.767GiB,31.47%,528MB / 15.7MB,103MB / 379MB
2026-06-13 01:42:14,iot-postgres,0.00%,18.81MiB / 2.767GiB,0.66%,141kB / 126B,109MB / 233kB
2026-06-13 01:42:14,iot-mosquitto,0.05%,18.48MiB / 2.767GiB,0.65%,84.1kB / 69.9kB,22.7MB / 975kB
2026-06-13 01:42:14,iot-kafka,3.18%,891.8MiB / 2.767GiB,31.48%,528MB / 15.7MB,103MB / 379MB
2026-06-13 01:42:20,iot-postgres,0.00%,25.03MiB / 2.767GiB,0.88%,141kB / 126B,109MB / 233kB
2026-06-13 01:42:20,iot-mosquitto,0.06%,19.29MiB / 2.767GiB,0.68%,84.1kB / 69.9kB,22.7MB / 975kB
2026-06-13 01:42:20,iot-kafka,3.59%,892.4MiB / 2.767GiB,31.50%,528MB / 15.7MB,103MB / 379MB
2026-06-13 01:42:26,iot-postgres,0.00%,25.02MiB / 2.767GiB,0.88%,141kB / 126B,109MB / 233kB
2026-06-13 01:42:26,iot-mosquitto,0.06%,19.29MiB / 2.767GiB,0.68%,84.1kB / 69.9kB,22.7MB / 975kB
2026-06-13 01:42:26,iot-kafka,3.04%,891.8MiB / 2.767GiB,31.48%,528MB / 15.7MB,103MB / 379MB
2026-06-13 01:42:32,iot-postgres,0.00%,25.32MiB / 2.767GiB,0.89%,141kB / 126B,109MB / 233kB
2026-06-13 01:42:32,iot-mosquitto,0.07%,19.29MiB / 2.767GiB,0.68%,84.1kB / 69.9kB,22.7MB / 975kB
2026-06-13 01:42:32,iot-kafka,3.12%,891.8MiB / 2.767GiB,31.48%,528MB / 15.7MB,103MB / 379MB
2026-06-13 01:42:39,iot-postgres,0.00%,25.35MiB / 2.767GiB,0.89%,141kB / 126B,109MB / 233kB
2026-06-13 01:42:39,iot-mosquitto,0.06%,19.38MiB / 2.767GiB,0.68%,84.1kB / 69.9kB,22.7MB / 983kB
2026-06-13 01:42:39,iot-kafka,2.88%,891.8MiB / 2.767GiB,31.48%,528MB / 15.7MB,103MB / 379MB
2026-06-13 01:42:45,iot-postgres,0.00%,25.35MiB / 2.767GiB,0.89%,141kB / 126B,109MB / 233kB
2026-06-13 01:42:45,iot-mosquitto,0.07%,19.38MiB / 2.767GiB,0.68%,84.1kB / 69.9kB,22.7MB / 983kB
2026-06-13 01:42:45,iot-kafka,1.42%,891.8MiB / 2.767GiB,31.48%,528MB / 15.7MB,103MB / 379MB
2026-06-13 01:42:51,iot-postgres,0.00%,25.64MiB / 2.767GiB,0.91%,141kB / 126B,109MB / 233kB
2026-06-13 01:42:51,iot-mosquitto,0.07%,19.48MiB / 2.767GiB,0.69%,84.1kB / 69.9kB,22.7MB / 983kB
2026-06-13 01:42:51,iot-kafka,2.99%,892.1MiB / 2.767GiB,31.49%,528MB / 15.7MB,103MB / 379MB
2026-06-13 01:42:57,iot-postgres,3.21%,25.54MiB / 2.767GiB,0.90%,141kB / 126B,109MB / 233kB
2026-06-13 01:42:57,iot-mosquitto,0.08%,19.47MiB / 2.767GiB,0.69%,84.1kB / 69.9kB,22.7MB / 983kB
2026-06-13 01:42:57,iot-kafka,2.56%,891.3MiB / 2.767GiB,31.46%,528MB / 15.7MB,103MB / 379MB
2026-06-13 01:43:03,iot-postgres,0.01%,25.41MiB / 2.767GiB,0.90%,141kB / 126B,109MB / 233kB
2026-06-13 01:43:03,iot-mosquitto,0.05%,19.47MiB / 2.767GiB,0.69%,84.1kB / 69.9kB,22.7MB / 983kB
2026-06-13 01:43:03,iot-kafka,1.48%,891.3MiB / 2.767GiB,31.46%,528MB / 15.7MB,103MB / 379MB
2026-06-13 01:43:09,iot-postgres,0.00%,25.61MiB / 2.767GiB,0.90%,141kB / 126B,109MB / 233kB
2026-06-13 01:43:09,iot-mosquitto,0.10%,19.51MiB / 2.767GiB,0.69%,84.1kB / 69.9kB,22.7MB / 991kB
2026-06-13 01:43:09,iot-kafka,5.12%,892.6MiB / 2.767GiB,31.50%,528MB / 15.7MB,103MB / 379MB
2026-06-13 01:43:15,iot-postgres,0.01%,25.43MiB / 2.767GiB,0.90%,141kB / 126B,109MB / 233kB
2026-06-13 01:43:15,iot-mosquitto,0.06%,19.51MiB / 2.767GiB,0.69%,84.1kB / 69.9kB,22.7MB / 991kB
2026-06-13 01:43:15,iot-kafka,1.88%,891.9MiB / 2.767GiB,31.48%,528MB / 15.7MB,103MB / 380MB
2026-06-13 01:43:22,iot-postgres,0.00%,25.45MiB / 2.767GiB,0.90%,141kB / 126B,109MB / 233kB
2026-06-13 01:43:22,iot-mosquitto,0.06%,19.56MiB / 2.767GiB,0.69%,84.1kB / 69.9kB,22.7MB / 991kB
2026-06-13 01:43:22,iot-kafka,3.69%,891.6MiB / 2.767GiB,31.47%,528MB / 15.7MB,103MB / 380MB
2026-06-13 01:43:28,iot-postgres,7.33%,25.8MiB / 2.767GiB,0.91%,141kB / 126B,109MB / 233kB
2026-06-13 01:43:28,iot-mosquitto,0.12%,19.55MiB / 2.767GiB,0.69%,84.1kB / 69.9kB,22.7MB / 991kB
2026-06-13 01:43:28,iot-kafka,6.22%,891.8MiB / 2.767GiB,31.48%,528MB / 15.7MB,103MB / 380MB
2026-06-13 01:43:34,iot-postgres,0.00%,25.46MiB / 2.767GiB,0.90%,141kB / 126B,109MB / 233kB
2026-06-13 01:43:34,iot-mosquitto,0.07%,19.55MiB / 2.767GiB,0.69%,84.1kB / 69.9kB,22.7MB / 991kB
2026-06-13 01:43:34,iot-kafka,2.37%,892.1MiB / 2.767GiB,31.49%,528MB / 15.7MB,103MB / 380MB
2026-06-13 01:43:40,iot-postgres,0.00%,25.66MiB / 2.767GiB,0.91%,141kB / 126B,109MB / 233kB
2026-06-13 01:43:40,iot-mosquitto,0.12%,19.55MiB / 2.767GiB,0.69%,84.1kB / 69.9kB,22.7MB / 1MB
2026-06-13 01:43:40,iot-kafka,2.13%,891.9MiB / 2.767GiB,31.48%,528MB / 15.7MB,103MB / 380MB
2026-06-13 01:43:47,iot-postgres,0.02%,25.53MiB / 2.767GiB,0.90%,141kB / 126B,109MB / 233kB
2026-06-13 01:43:47,iot-mosquitto,0.13%,19.55MiB / 2.767GiB,0.69%,84.1kB / 69.9kB,22.7MB / 1MB
2026-06-13 01:43:47,iot-kafka,4.22%,891.7MiB / 2.767GiB,31.47%,528MB / 15.7MB,103MB / 380MB
2026-06-13 01:43:53,iot-postgres,0.01%,25.54MiB / 2.767GiB,0.90%,141kB / 126B,109MB / 233kB
2026-06-13 01:43:53,iot-mosquitto,0.09%,19.57MiB / 2.767GiB,0.69%,84.1kB / 69.9kB,22.7MB / 1MB
2026-06-13 01:43:53,iot-kafka,2.08%,891.7MiB / 2.767GiB,31.47%,528MB / 15.7MB,103MB / 380MB
2026-06-13 01:43:59,iot-postgres,0.00%,25.65MiB / 2.767GiB,0.91%,141kB / 126B,109MB / 233kB
2026-06-13 01:43:59,iot-mosquitto,0.10%,19.57MiB / 2.767GiB,0.69%,84.1kB / 69.9kB,22.7MB / 1MB
2026-06-13 01:43:59,iot-kafka,2.08%,891.9MiB / 2.767GiB,31.48%,528MB / 15.7MB,103MB / 380MB
2026-06-13 01:44:06,iot-postgres,0.00%,25.56MiB / 2.767GiB,0.90%,141kB / 126B,109MB / 233kB
2026-06-13 01:44:06,iot-mosquitto,0.10%,19.57MiB / 2.767GiB,0.69%,84.1kB / 69.9kB,22.7MB / 1MB
2026-06-13 01:44:06,iot-kafka,2.38%,891.7MiB / 2.767GiB,31.47%,528MB / 15.7MB,103MB / 380MB
2026-06-13 01:44:12,iot-postgres,0.00%,25.57MiB / 2.767GiB,0.90%,141kB / 126B,109MB / 233kB
2026-06-13 01:44:12,iot-mosquitto,0.09%,19.57MiB / 2.767GiB,0.69%,84.1kB / 69.9kB,22.7MB / 1.01MB
2026-06-13 01:44:12,iot-kafka,4.08%,891.9MiB / 2.767GiB,31.48%,528MB / 15.7MB,103MB / 380MB
2026-06-13 01:44:19,iot-postgres,4.71%,26.23MiB / 2.767GiB,0.93%,141kB / 126B,109MB / 233kB
2026-06-13 01:44:19,iot-mosquitto,0.12%,19.57MiB / 2.767GiB,0.69%,84.1kB / 69.9kB,22.7MB / 1.01MB
2026-06-13 01:44:19,iot-kafka,10.34%,892.1MiB / 2.767GiB,31.49%,528MB / 15.7MB,103MB / 380MB
2026-06-13 01:44:25,iot-postgres,0.00%,25.56MiB / 2.767GiB,0.90%,141kB / 126B,109MB / 233kB
2026-06-13 01:44:25,iot-mosquitto,0.12%,19.61MiB / 2.767GiB,0.69%,84.1kB / 69.9kB,22.7MB / 1.01MB
2026-06-13 01:44:25,iot-kafka,4.22%,891.4MiB / 2.767GiB,31.46%,528MB / 15.7MB,103MB / 381MB
2026-06-13 01:44:31,iot-postgres,0.00%,25.57MiB / 2.767GiB,0.90%,141kB / 126B,109MB / 233kB
2026-06-13 01:44:31,iot-mosquitto,0.12%,19.61MiB / 2.767GiB,0.69%,84.1kB / 69.9kB,22.7MB / 1.01MB
2026-06-13 01:44:31,iot-kafka,2.90%,891.7MiB / 2.767GiB,31.47%,528MB / 15.7MB,103MB / 381MB
2026-06-13 01:44:38,iot-postgres,1.53%,25.56MiB / 2.767GiB,0.90%,141kB / 126B,109MB / 233kB
2026-06-13 01:44:38,iot-mosquitto,0.12%,19.6MiB / 2.767GiB,0.69%,84.1kB / 69.9kB,22.7MB / 1.01MB
2026-06-13 01:44:38,iot-kafka,5.41%,892.4MiB / 2.767GiB,31.50%,528MB / 15.7MB,103MB / 381MB
2026-06-13 01:44:44,iot-postgres,0.00%,25.57MiB / 2.767GiB,0.90%,141kB / 126B,109MB / 233kB
2026-06-13 01:44:44,iot-mosquitto,0.10%,19.6MiB / 2.767GiB,0.69%,84.1kB / 69.9kB,22.7MB / 1.02MB
2026-06-13 01:44:44,iot-kafka,2.16%,891.4MiB / 2.767GiB,31.46%,528MB / 15.7MB,103MB / 381MB
2026-06-13 01:44:50,iot-postgres,0.00%,25.59MiB / 2.767GiB,0.90%,141kB / 126B,109MB / 233kB
2026-06-13 01:44:50,iot-mosquitto,7.70%,19.92MiB / 2.767GiB,0.70%,84.1kB / 69.9kB,22.7MB / 1.02MB
2026-06-13 01:44:50,iot-kafka,3.68%,891.9MiB / 2.767GiB,31.48%,528MB / 15.7MB,103MB / 381MB
2026-06-13 01:44:57,iot-postgres,0.00%,25.56MiB / 2.767GiB,0.90%,141kB / 126B,109MB / 233kB
2026-06-13 01:44:57,iot-mosquitto,0.12%,17.71MiB / 2.767GiB,0.63%,84.1kB / 69.9kB,22.7MB / 1.02MB
2026-06-13 01:44:57,iot-kafka,5.09%,891.5MiB / 2.767GiB,31.47%,528MB / 15.7MB,103MB / 381MB
2026-06-13 01:45:03,iot-postgres,0.01%,18.88MiB / 2.767GiB,0.67%,141kB / 126B,121MB / 233kB
2026-06-13 01:45:03,iot-mosquitto,0.13%,17.71MiB / 2.767GiB,0.63%,84.1kB / 69.9kB,22.7MB / 1.02MB
2026-06-13 01:45:03,iot-kafka,2.51%,891.4MiB / 2.767GiB,31.46%,528MB / 15.7MB,104MB / 381MB
2026-06-13 01:45:10,iot-postgres,0.25%,25.39MiB / 2.767GiB,0.90%,141kB / 126B,121MB / 233kB
2026-06-13 01:45:10,iot-mosquitto,0.12%,18.21MiB / 2.767GiB,0.64%,84.1kB / 69.9kB,25MB / 1.02MB
2026-06-13 01:45:10,iot-kafka,7.56%,892.2MiB / 2.767GiB,31.49%,528MB / 15.7MB,104MB / 381MB
2026-06-13 01:45:16,iot-postgres,0.00%,25MiB / 2.767GiB,0.88%,141kB / 126B,121MB / 233kB
2026-06-13 01:45:16,iot-mosquitto,0.10%,18.35MiB / 2.767GiB,0.65%,84.1kB / 69.9kB,25.2MB / 1.02MB
2026-06-13 01:45:16,iot-kafka,3.79%,891.6MiB / 2.767GiB,31.47%,528MB / 15.7MB,104MB / 381MB
2026-06-13 01:45:22,iot-postgres,0.00%,25.3MiB / 2.767GiB,0.89%,141kB / 126B,121MB / 233kB
2026-06-13 01:45:22,iot-mosquitto,0.09%,19.21MiB / 2.767GiB,0.68%,84.1kB / 69.9kB,25.2MB / 1.02MB
2026-06-13 01:45:22,iot-kafka,4.50%,891.6MiB / 2.767GiB,31.47%,528MB / 15.7MB,104MB / 381MB
2026-06-13 01:45:29,iot-postgres,0.02%,25.3MiB / 2.767GiB,0.89%,141kB / 126B,121MB / 233kB
2026-06-13 01:45:29,iot-mosquitto,0.12%,19.21MiB / 2.767GiB,0.68%,84.1kB / 69.9kB,25.2MB / 1.02MB
2026-06-13 01:45:29,iot-kafka,5.13%,891.4MiB / 2.767GiB,31.46%,528MB / 15.7MB,104MB / 382MB
2026-06-13 01:45:35,iot-postgres,0.00%,25.38MiB / 2.767GiB,0.90%,141kB / 126B,121MB / 233kB
2026-06-13 01:45:35,iot-mosquitto,0.12%,19.21MiB / 2.767GiB,0.68%,84.1kB / 69.9kB,25.2MB / 1.02MB
2026-06-13 01:45:35,iot-kafka,2.42%,891.4MiB / 2.767GiB,31.46%,528MB / 15.7MB,104MB / 382MB
2026-06-13 01:45:41,iot-postgres,0.00%,25.48MiB / 2.767GiB,0.90%,141kB / 126B,121MB / 233kB
2026-06-13 01:45:41,iot-mosquitto,0.13%,19.29MiB / 2.767GiB,0.68%,84.1kB / 69.9kB,25.2MB / 1.02MB
2026-06-13 01:45:41,iot-kafka,2.92%,891.7MiB / 2.767GiB,31.47%,528MB / 15.7MB,104MB / 382MB
2026-06-13 01:45:48,iot-postgres,0.00%,25.48MiB / 2.767GiB,0.90%,141kB / 126B,121MB / 233kB
2026-06-13 01:45:48,iot-mosquitto,0.14%,19.29MiB / 2.767GiB,0.68%,84.1kB / 69.9kB,25.2MB / 1.03MB
2026-06-13 01:45:48,iot-kafka,4.63%,891.7MiB / 2.767GiB,31.47%,528MB / 15.7MB,104MB / 382MB
2026-06-13 01:45:54,iot-postgres,0.00%,25.55MiB / 2.767GiB,0.90%,141kB / 126B,121MB / 233kB
2026-06-13 01:45:54,iot-mosquitto,0.10%,19.34MiB / 2.767GiB,0.68%,84.1kB / 69.9kB,25.2MB / 1.03MB
2026-06-13 01:45:54,iot-kafka,5.65%,891.7MiB / 2.767GiB,31.47%,528MB / 15.7MB,104MB / 382MB
2026-06-13 01:46:00,iot-postgres,0.00%,26.02MiB / 2.767GiB,0.92%,141kB / 126B,121MB / 233kB
2026-06-13 01:46:00,iot-mosquitto,0.10%,19.34MiB / 2.767GiB,0.68%,84.1kB / 69.9kB,25.2MB / 1.03MB
2026-06-13 01:46:00,iot-kafka,7.22%,891.9MiB / 2.767GiB,31.48%,528MB / 15.7MB,104MB / 382MB
2026-06-13 01:46:07,iot-postgres,0.00%,25.57MiB / 2.767GiB,0.90%,141kB / 126B,121MB / 233kB
2026-06-13 01:46:07,iot-mosquitto,6.86%,19.63MiB / 2.767GiB,0.69%,84.1kB / 69.9kB,25.2MB / 1.03MB
2026-06-13 01:46:07,iot-kafka,4.21%,891.7MiB / 2.767GiB,31.47%,528MB / 15.7MB,104MB / 382MB
2026-06-13 01:46:13,iot-postgres,0.01%,25.59MiB / 2.767GiB,0.90%,141kB / 126B,121MB / 233kB
2026-06-13 01:46:13,iot-mosquitto,0.13%,19.38MiB / 2.767GiB,0.68%,84.1kB / 69.9kB,25.2MB / 1.03MB
2026-06-13 01:46:13,iot-kafka,4.70%,891.7MiB / 2.767GiB,31.47%,528MB / 15.7MB,104MB / 382MB
2026-06-13 01:46:19,iot-postgres,0.02%,25.59MiB / 2.767GiB,0.90%,141kB / 126B,121MB / 233kB
2026-06-13 01:46:19,iot-mosquitto,0.12%,19.37MiB / 2.767GiB,0.68%,84.1kB / 69.9kB,25.2MB / 1.04MB
2026-06-13 01:46:19,iot-kafka,2.20%,891.4MiB / 2.767GiB,31.46%,528MB / 15.7MB,104MB / 382MB
2026-06-13 01:46:26,iot-postgres,0.00%,25.6MiB / 2.767GiB,0.90%,141kB / 126B,121MB / 233kB
2026-06-13 01:46:26,iot-mosquitto,0.10%,19.39MiB / 2.767GiB,0.68%,84.1kB / 69.9kB,25.2MB / 1.04MB
2026-06-13 01:46:26,iot-kafka,3.56%,891.5MiB / 2.767GiB,31.46%,528MB / 15.7MB,104MB / 382MB
2026-06-13 01:46:32,iot-postgres,0.00%,25.61MiB / 2.767GiB,0.90%,141kB / 126B,121MB / 233kB
2026-06-13 01:46:32,iot-mosquitto,0.11%,19.38MiB / 2.767GiB,0.68%,84.1kB / 69.9kB,25.2MB / 1.04MB
2026-06-13 01:46:32,iot-kafka,4.77%,892.1MiB / 2.767GiB,31.49%,528MB / 15.7MB,104MB / 382MB
2026-06-13 01:46:38,iot-postgres,0.01%,25.63MiB / 2.767GiB,0.90%,141kB / 126B,121MB / 233kB
2026-06-13 01:46:38,iot-mosquitto,0.11%,19.42MiB / 2.767GiB,0.69%,84.1kB / 69.9kB,25.2MB / 1.04MB
2026-06-13 01:46:38,iot-kafka,2.84%,892MiB / 2.767GiB,31.48%,528MB / 15.7MB,104MB / 383MB
2026-06-13 01:46:45,iot-postgres,0.00%,25.64MiB / 2.767GiB,0.90%,141kB / 126B,121MB / 233kB
2026-06-13 01:46:45,iot-mosquitto,0.12%,19.41MiB / 2.767GiB,0.69%,84.1kB / 69.9kB,25.2MB / 1.04MB
2026-06-13 01:46:45,iot-kafka,3.93%,891.9MiB / 2.767GiB,31.48%,528MB / 15.7MB,104MB / 383MB
2026-06-13 01:46:51,iot-postgres,0.00%,25.64MiB / 2.767GiB,0.91%,141kB / 126B,121MB / 233kB
2026-06-13 01:46:51,iot-mosquitto,0.12%,19.41MiB / 2.767GiB,0.69%,84.1kB / 69.9kB,25.2MB / 1.05MB
2026-06-13 01:46:51,iot-kafka,4.72%,892.4MiB / 2.767GiB,31.50%,528MB / 15.7MB,104MB / 383MB
2026-06-13 01:46:57,iot-postgres,0.00%,25.63MiB / 2.767GiB,0.90%,141kB / 126B,121MB / 233kB
2026-06-13 01:46:57,iot-mosquitto,0.13%,19.45MiB / 2.767GiB,0.69%,84.1kB / 69.9kB,25.2MB / 1.05MB
2026-06-13 01:46:57,iot-kafka,4.40%,891.8MiB / 2.767GiB,31.48%,528MB / 15.7MB,104MB / 383MB
2026-06-13 01:47:04,iot-postgres,0.01%,25.64MiB / 2.767GiB,0.90%,141kB / 126B,121MB / 233kB
2026-06-13 01:47:04,iot-mosquitto,0.13%,19.45MiB / 2.767GiB,0.69%,84.1kB / 69.9kB,25.2MB / 1.05MB
2026-06-13 01:47:04,iot-kafka,5.78%,892.5MiB / 2.767GiB,31.50%,528MB / 15.7MB,104MB / 383MB
2026-06-13 01:47:10,iot-postgres,1.25%,26.63MiB / 2.767GiB,0.94%,141kB / 126B,121MB / 233kB
2026-06-13 01:47:10,iot-mosquitto,0.11%,19.45MiB / 2.767GiB,0.69%,84.1kB / 69.9kB,25.2MB / 1.05MB
2026-06-13 01:47:10,iot-kafka,7.34%,892.2MiB / 2.767GiB,31.49%,528MB / 15.7MB,104MB / 383MB
2026-06-13 01:47:16,iot-postgres,0.00%,25.64MiB / 2.767GiB,0.91%,141kB / 126B,121MB / 233kB
2026-06-13 01:47:16,iot-mosquitto,0.25%,19.45MiB / 2.767GiB,0.69%,84.1kB / 69.9kB,25.2MB / 1.05MB
2026-06-13 01:47:16,iot-kafka,5.08%,891.5MiB / 2.767GiB,31.47%,528MB / 15.7MB,104MB / 383MB
2026-06-13 01:47:23,iot-postgres,0.00%,25.65MiB / 2.767GiB,0.91%,141kB / 126B,121MB / 233kB
2026-06-13 01:47:23,iot-mosquitto,5.88%,19.47MiB / 2.767GiB,0.69%,84.1kB / 69.9kB,25.2MB / 1.06MB
2026-06-13 01:47:23,iot-kafka,3.68%,891.9MiB / 2.767GiB,31.48%,528MB / 15.7MB,104MB / 383MB
2026-06-13 01:47:29,iot-postgres,0.00%,25.64MiB / 2.767GiB,0.91%,141kB / 126B,121MB / 233kB
2026-06-13 01:47:29,iot-mosquitto,0.12%,19.47MiB / 2.767GiB,0.69%,84.1kB / 69.9kB,25.2MB / 1.06MB
2026-06-13 01:47:29,iot-kafka,5.45%,892MiB / 2.767GiB,31.48%,528MB / 15.7MB,104MB / 383MB
2026-06-13 01:47:35,iot-postgres,0.00%,25.64MiB / 2.767GiB,0.91%,141kB / 126B,121MB / 233kB
2026-06-13 01:47:35,iot-mosquitto,0.12%,19.47MiB / 2.767GiB,0.69%,84.1kB / 69.9kB,25.2MB / 1.06MB
2026-06-13 01:47:35,iot-kafka,5.36%,891.5MiB / 2.767GiB,31.47%,528MB / 15.7MB,104MB / 383MB
2026-06-13 01:47:42,iot-postgres,0.00%,25.94MiB / 2.767GiB,0.92%,141kB / 126B,121MB / 233kB
2026-06-13 01:47:42,iot-mosquitto,0.14%,19.46MiB / 2.767GiB,0.69%,84.1kB / 69.9kB,25.2MB / 1.06MB
2026-06-13 01:47:42,iot-kafka,5.75%,892.3MiB / 2.767GiB,31.50%,528MB / 15.7MB,104MB / 384MB
2026-06-13 01:47:48,iot-postgres,0.01%,25.65MiB / 2.767GiB,0.91%,141kB / 126B,121MB / 233kB
2026-06-13 01:47:48,iot-mosquitto,0.16%,19.71MiB / 2.767GiB,0.70%,84.1kB / 69.9kB,25.2MB / 1.06MB
2026-06-13 01:47:48,iot-kafka,2.44%,891.8MiB / 2.767GiB,31.48%,528MB / 15.7MB,104MB / 384MB
2026-06-13 01:47:54,iot-postgres,0.00%,25.64MiB / 2.767GiB,0.91%,141kB / 126B,121MB / 233kB
2026-06-13 01:47:54,iot-mosquitto,0.11%,19.49MiB / 2.767GiB,0.69%,84.1kB / 69.9kB,25.2MB / 1.06MB
2026-06-13 01:47:54,iot-kafka,3.94%,891.9MiB / 2.767GiB,31.48%,528MB / 15.7MB,104MB / 384MB
2026-06-13 01:48:01,iot-postgres,0.00%,18.28MiB / 2.767GiB,0.65%,141kB / 126B,121MB / 233kB
2026-06-13 01:48:01,iot-mosquitto,0.14%,17.71MiB / 2.767GiB,0.63%,84.1kB / 69.9kB,25.2MB / 1.06MB
2026-06-13 01:48:01,iot-kafka,7.25%,891.1MiB / 2.767GiB,31.45%,528MB / 15.7MB,104MB / 384MB
2026-06-13 01:48:07,iot-postgres,0.00%,18.88MiB / 2.767GiB,0.67%,141kB / 126B,132MB / 233kB
2026-06-13 01:48:07,iot-mosquitto,0.14%,17.71MiB / 2.767GiB,0.63%,84.1kB / 69.9kB,25.2MB / 1.06MB
2026-06-13 01:48:07,iot-kafka,3.16%,891.2MiB / 2.767GiB,31.46%,528MB / 15.7MB,104MB / 384MB
2026-06-13 01:48:13,iot-postgres,0.01%,25.07MiB / 2.767GiB,0.89%,141kB / 126B,132MB / 233kB
2026-06-13 01:48:13,iot-mosquitto,0.13%,18.14MiB / 2.767GiB,0.64%,84.1kB / 69.9kB,27.5MB / 1.06MB
2026-06-13 01:48:13,iot-kafka,5.47%,892.1MiB / 2.767GiB,31.49%,528MB / 15.7MB,105MB / 384MB
2026-06-13 01:48:20,iot-postgres,0.00%,25.07MiB / 2.767GiB,0.88%,141kB / 126B,132MB / 233kB
2026-06-13 01:48:20,iot-mosquitto,0.11%,18.27MiB / 2.767GiB,0.64%,84.1kB / 69.9kB,27.6MB / 1.07MB
2026-06-13 01:48:20,iot-kafka,2.73%,891.8MiB / 2.767GiB,31.48%,528MB / 15.7MB,105MB / 384MB
2026-06-13 01:48:26,iot-postgres,0.00%,25.34MiB / 2.767GiB,0.89%,141kB / 126B,132MB / 233kB
2026-06-13 01:48:26,iot-mosquitto,0.07%,19.11MiB / 2.767GiB,0.67%,84.1kB / 69.9kB,27.6MB / 1.07MB
2026-06-13 01:48:26,iot-kafka,3.44%,891.8MiB / 2.767GiB,31.48%,528MB / 15.7MB,105MB / 384MB
2026-06-13 01:48:32,iot-postgres,0.01%,25.5MiB / 2.767GiB,0.90%,141kB / 126B,132MB / 233kB
2026-06-13 01:48:32,iot-mosquitto,0.16%,19.11MiB / 2.767GiB,0.67%,84.1kB / 69.9kB,27.6MB / 1.07MB
2026-06-13 01:48:32,iot-kafka,6.17%,892.5MiB / 2.767GiB,31.50%,528MB / 15.7MB,105MB / 384MB
2026-06-13 01:48:39,iot-postgres,0.01%,25.45MiB / 2.767GiB,0.90%,141kB / 126B,132MB / 233kB
2026-06-13 01:48:39,iot-mosquitto,5.26%,19.5MiB / 2.767GiB,0.69%,84.1kB / 69.9kB,27.6MB / 1.07MB
2026-06-13 01:48:39,iot-kafka,6.49%,892.4MiB / 2.767GiB,31.50%,528MB / 15.7MB,105MB / 384MB
2026-06-13 01:48:45,iot-postgres,0.00%,25.46MiB / 2.767GiB,0.90%,141kB / 126B,132MB / 233kB
2026-06-13 01:48:45,iot-mosquitto,0.13%,19.27MiB / 2.767GiB,0.68%,84.1kB / 69.9kB,27.6MB / 1.07MB
2026-06-13 01:48:45,iot-kafka,4.04%,891.9MiB / 2.767GiB,31.48%,528MB / 15.7MB,105MB / 384MB
2026-06-13 01:48:51,iot-postgres,0.78%,26.46MiB / 2.767GiB,0.93%,141kB / 126B,132MB / 233kB
2026-06-13 01:48:51,iot-mosquitto,0.12%,19.27MiB / 2.767GiB,0.68%,84.1kB / 69.9kB,27.6MB / 1.08MB
2026-06-13 01:48:51,iot-kafka,4.62%,892.3MiB / 2.767GiB,31.50%,528MB / 15.7MB,105MB / 385MB
2026-06-13 01:48:58,iot-postgres,0.00%,25.47MiB / 2.767GiB,0.90%,141kB / 126B,132MB / 233kB
2026-06-13 01:48:58,iot-mosquitto,0.09%,19.35MiB / 2.767GiB,0.68%,84.1kB / 69.9kB,27.6MB / 1.08MB
2026-06-13 01:48:58,iot-kafka,1.89%,891.6MiB / 2.767GiB,31.47%,528MB / 15.7MB,105MB / 385MB
2026-06-13 01:49:04,iot-postgres,0.00%,25.48MiB / 2.767GiB,0.90%,141kB / 126B,132MB / 233kB
2026-06-13 01:49:04,iot-mosquitto,0.11%,19.34MiB / 2.767GiB,0.68%,84.1kB / 69.9kB,27.6MB / 1.08MB
2026-06-13 01:49:04,iot-kafka,3.56%,892.4MiB / 2.767GiB,31.50%,528MB / 15.7MB,105MB / 385MB
2026-06-13 01:49:10,iot-postgres,0.00%,25.48MiB / 2.767GiB,0.90%,141kB / 126B,132MB / 233kB
2026-06-13 01:49:10,iot-mosquitto,0.12%,19.4MiB / 2.767GiB,0.68%,84.1kB / 69.9kB,27.6MB / 1.08MB
2026-06-13 01:49:10,iot-kafka,5.33%,892.7MiB / 2.767GiB,31.51%,528MB / 15.7MB,105MB / 385MB
2026-06-13 01:49:17,iot-postgres,0.00%,25.49MiB / 2.767GiB,0.90%,141kB / 126B,132MB / 233kB
2026-06-13 01:49:17,iot-mosquitto,0.13%,19.4MiB / 2.767GiB,0.68%,84.1kB / 69.9kB,27.6MB / 1.08MB
2026-06-13 01:49:17,iot-kafka,4.00%,892.3MiB / 2.767GiB,31.49%,528MB / 15.7MB,105MB / 385MB
2026-06-13 01:49:23,iot-postgres,0.04%,25.5MiB / 2.767GiB,0.90%,141kB / 126B,132MB / 233kB
2026-06-13 01:49:23,iot-mosquitto,0.11%,19.39MiB / 2.767GiB,0.68%,84.1kB / 69.9kB,27.6MB / 1.08MB
2026-06-13 01:49:23,iot-kafka,2.58%,892.5MiB / 2.767GiB,31.50%,528MB / 15.7MB,105MB / 385MB
2026-06-13 01:49:30,iot-postgres,0.00%,25.49MiB / 2.767GiB,0.90%,141kB / 126B,132MB / 233kB
2026-06-13 01:49:30,iot-mosquitto,0.12%,19.42MiB / 2.767GiB,0.69%,84.1kB / 69.9kB,27.6MB / 1.08MB
2026-06-13 01:49:30,iot-kafka,4.36%,891.9MiB / 2.767GiB,31.48%,528MB / 15.7MB,105MB / 385MB
2026-06-13 01:49:36,iot-postgres,0.00%,25.55MiB / 2.767GiB,0.90%,141kB / 126B,132MB / 233kB
2026-06-13 01:49:36,iot-mosquitto,0.10%,19.42MiB / 2.767GiB,0.69%,84.1kB / 69.9kB,27.6MB / 1.08MB
2026-06-13 01:49:36,iot-kafka,3.49%,891.7MiB / 2.767GiB,31.47%,528MB / 15.7MB,105MB / 385MB
2026-06-13 01:49:42,iot-postgres,4.94%,27.14MiB / 2.767GiB,0.96%,141kB / 126B,132MB / 233kB
2026-06-13 01:49:42,iot-mosquitto,0.13%,19.43MiB / 2.767GiB,0.69%,84.1kB / 69.9kB,27.6MB / 1.09MB
2026-06-13 01:49:42,iot-kafka,8.89%,892.2MiB / 2.767GiB,31.49%,528MB / 15.7MB,105MB / 385MB
2026-06-13 01:49:49,iot-postgres,0.01%,25.54MiB / 2.767GiB,0.90%,141kB / 126B,132MB / 233kB
2026-06-13 01:49:49,iot-mosquitto,0.12%,19.43MiB / 2.767GiB,0.69%,84.1kB / 69.9kB,27.6MB / 1.09MB
2026-06-13 01:49:49,iot-kafka,3.19%,891.7MiB / 2.767GiB,31.47%,528MB / 15.7MB,105MB / 385MB
2026-06-13 01:49:55,iot-postgres,0.00%,25.62MiB / 2.767GiB,0.90%,141kB / 126B,132MB / 233kB
2026-06-13 01:49:55,iot-mosquitto,0.10%,19.44MiB / 2.767GiB,0.69%,84.1kB / 69.9kB,27.6MB / 1.09MB
2026-06-13 01:49:55,iot-kafka,2.47%,892.2MiB / 2.767GiB,31.49%,528MB / 15.7MB,105MB / 386MB
2026-06-13 01:50:01,iot-postgres,0.00%,25.54MiB / 2.767GiB,0.90%,141kB / 126B,132MB / 233kB
2026-06-13 01:50:01,iot-mosquitto,0.12%,19.44MiB / 2.767GiB,0.69%,84.1kB / 69.9kB,27.6MB / 1.09MB
2026-06-13 01:50:01,iot-kafka,5.58%,892MiB / 2.767GiB,31.48%,528MB / 15.7MB,105MB / 386MB
2026-06-13 01:50:08,iot-postgres,0.00%,25.55MiB / 2.767GiB,0.90%,141kB / 126B,132MB / 233kB
2026-06-13 01:50:08,iot-mosquitto,0.08%,19.44MiB / 2.767GiB,0.69%,84.1kB / 69.9kB,27.6MB / 1.09MB
2026-06-13 01:50:08,iot-kafka,6.85%,892.7MiB / 2.767GiB,31.51%,528MB / 15.7MB,105MB / 386MB
2026-06-13 01:50:14,iot-postgres,0.03%,25.66MiB / 2.767GiB,0.91%,141kB / 126B,132MB / 233kB
2026-06-13 01:50:14,iot-mosquitto,0.13%,19.45MiB / 2.767GiB,0.69%,84.1kB / 69.9kB,27.6MB / 1.09MB
2026-06-13 01:50:14,iot-kafka,5.45%,892.3MiB / 2.767GiB,31.49%,528MB / 15.7MB,105MB / 386MB
2026-06-13 01:50:20,iot-postgres,0.00%,25.57MiB / 2.767GiB,0.90%,141kB / 126B,132MB / 233kB
2026-06-13 01:50:20,iot-mosquitto,0.13%,19.45MiB / 2.767GiB,0.69%,84.1kB / 69.9kB,27.6MB / 1.09MB
2026-06-13 01:50:20,iot-kafka,6.47%,891.7MiB / 2.767GiB,31.47%,528MB / 15.7MB,105MB / 386MB
2026-06-13 01:50:27,iot-postgres,0.00%,25.57MiB / 2.767GiB,0.90%,141kB / 126B,132MB / 233kB
2026-06-13 01:50:27,iot-mosquitto,0.12%,19.45MiB / 2.767GiB,0.69%,84.1kB / 69.9kB,27.6MB / 1.1MB
2026-06-13 01:50:27,iot-kafka,3.00%,892MiB / 2.767GiB,31.48%,528MB / 15.7MB,105MB / 386MB
2026-06-13 01:50:33,iot-postgres,7.14%,25.8MiB / 2.767GiB,0.91%,141kB / 126B,132MB / 233kB
2026-06-13 01:50:33,iot-mosquitto,0.13%,19.45MiB / 2.767GiB,0.69%,84.1kB / 69.9kB,27.6MB / 1.1MB
2026-06-13 01:50:33,iot-kafka,10.36%,892.2MiB / 2.767GiB,31.49%,528MB / 15.7MB,105MB / 386MB
2026-06-13 01:50:39,iot-postgres,0.00%,25.58MiB / 2.767GiB,0.90%,141kB / 126B,132MB / 233kB
2026-06-13 01:50:39,iot-mosquitto,5.77%,20.71MiB / 2.767GiB,0.73%,84.1kB / 69.9kB,27.6MB / 1.1MB
2026-06-13 01:50:39,iot-kafka,2.40%,892MiB / 2.767GiB,31.48%,528MB / 15.7MB,105MB / 386MB
2026-06-13 01:50:46,iot-postgres,0.00%,25.8MiB / 2.767GiB,0.91%,141kB / 126B,132MB / 233kB
2026-06-13 01:50:46,iot-mosquitto,0.12%,19.45MiB / 2.767GiB,0.69%,84.1kB / 69.9kB,27.6MB / 1.1MB
2026-06-13 01:50:46,iot-kafka,2.62%,892.1MiB / 2.767GiB,31.49%,528MB / 15.7MB,105MB / 386MB
2026-06-13 01:50:52,iot-postgres,0.00%,25.58MiB / 2.767GiB,0.90%,141kB / 126B,132MB / 233kB
2026-06-13 01:50:52,iot-mosquitto,0.12%,19.45MiB / 2.767GiB,0.69%,84.1kB / 69.9kB,27.6MB / 1.1MB
2026-06-13 01:50:52,iot-kafka,4.38%,892MiB / 2.767GiB,31.48%,528MB / 15.7MB,105MB / 386MB
2026-06-13 01:50:58,iot-postgres,0.01%,25.58MiB / 2.767GiB,0.90%,141kB / 126B,132MB / 233kB
2026-06-13 01:50:58,iot-mosquitto,0.10%,19.46MiB / 2.767GiB,0.69%,84.1kB / 69.9kB,27.6MB / 1.11MB
2026-06-13 01:50:58,iot-kafka,4.33%,892MiB / 2.767GiB,31.48%,528MB / 15.7MB,105MB / 386MB
2026-06-13 01:51:05,iot-postgres,0.01%,25.58MiB / 2.767GiB,0.90%,141kB / 126B,132MB / 233kB
2026-06-13 01:51:05,iot-mosquitto,0.12%,19.46MiB / 2.767GiB,0.69%,84.1kB / 69.9kB,27.6MB / 1.11MB
2026-06-13 01:51:05,iot-kafka,2.54%,892.6MiB / 2.767GiB,31.51%,528MB / 15.7MB,105MB / 386MB
2026-06-13 01:51:11,iot-postgres,0.00%,25.58MiB / 2.767GiB,0.90%,141kB / 126B,132MB / 233kB
2026-06-13 01:51:11,iot-mosquitto,0.13%,20.01MiB / 2.767GiB,0.71%,84.1kB / 69.9kB,27.6MB / 1.11MB
2026-06-13 01:51:11,iot-kafka,3.50%,892.5MiB / 2.767GiB,31.50%,528MB / 15.7MB,105MB / 387MB
2026-06-13 01:51:17,iot-postgres,0.00%,25.59MiB / 2.767GiB,0.90%,141kB / 126B,132MB / 233kB
2026-06-13 01:51:17,iot-mosquitto,0.13%,19.47MiB / 2.767GiB,0.69%,84.1kB / 69.9kB,27.6MB / 1.11MB
2026-06-13 01:51:17,iot-kafka,3.14%,892.3MiB / 2.767GiB,31.49%,528MB / 15.7MB,105MB / 387MB
2026-06-13 01:51:24,iot-postgres,7.26%,26.03MiB / 2.767GiB,0.92%,141kB / 126B,132MB / 233kB
2026-06-13 01:51:24,iot-mosquitto,0.13%,19.47MiB / 2.767GiB,0.69%,84.1kB / 69.9kB,27.6MB / 1.11MB
2026-06-13 01:51:24,iot-kafka,8.19%,892.3MiB / 2.767GiB,31.49%,528MB / 15.7MB,105MB / 387MB
2026-06-13 01:51:30,iot-postgres,0.00%,25.59MiB / 2.767GiB,0.90%,141kB / 126B,132MB / 233kB
2026-06-13 01:51:30,iot-mosquitto,0.15%,19.46MiB / 2.767GiB,0.69%,84.1kB / 69.9kB,27.6MB / 1.11MB
2026-06-13 01:51:30,iot-kafka,2.33%,891.8MiB / 2.767GiB,31.47%,528MB / 15.7MB,105MB / 387MB
2026-06-13 01:51:36,iot-postgres,0.01%,25.6MiB / 2.767GiB,0.90%,141kB / 126B,132MB / 233kB
2026-06-13 01:51:36,iot-mosquitto,0.13%,19.46MiB / 2.767GiB,0.69%,84.1kB / 69.9kB,27.6MB / 1.11MB
2026-06-13 01:51:36,iot-kafka,4.35%,892.1MiB / 2.767GiB,31.49%,528MB / 15.7MB,105MB / 387MB
2026-06-13 01:51:43,iot-postgres,0.00%,25.59MiB / 2.767GiB,0.90%,141kB / 126B,132MB / 233kB
2026-06-13 01:51:43,iot-mosquitto,0.13%,19.47MiB / 2.767GiB,0.69%,84.1kB / 69.9kB,27.6MB / 1.11MB
2026-06-13 01:51:43,iot-kafka,5.09%,892MiB / 2.767GiB,31.48%,528MB / 15.7MB,105MB / 387MB
2026-06-13 01:51:49,iot-postgres,0.01%,25.6MiB / 2.767GiB,0.90%,141kB / 126B,132MB / 233kB
2026-06-13 01:51:49,iot-mosquitto,0.09%,19.47MiB / 2.767GiB,0.69%,84.1kB / 69.9kB,27.6MB / 1.11MB
2026-06-13 01:51:49,iot-kafka,2.06%,892.3MiB / 2.767GiB,31.49%,528MB / 15.7MB,105MB / 387MB
2026-06-13 01:51:55,iot-postgres,0.00%,25.65MiB / 2.767GiB,0.91%,141kB / 126B,132MB / 233kB
2026-06-13 01:51:55,iot-mosquitto,5.70%,19.84MiB / 2.767GiB,0.70%,84.1kB / 69.9kB,27.6MB / 1.12MB
2026-06-13 01:51:55,iot-kafka,2.71%,892MiB / 2.767GiB,31.48%,528MB / 15.7MB,105MB / 387MB
2026-06-13 01:52:02,iot-postgres,0.00%,25.6MiB / 2.767GiB,0.90%,141kB / 126B,132MB / 233kB
2026-06-13 01:52:02,iot-mosquitto,0.14%,19.46MiB / 2.767GiB,0.69%,84.1kB / 69.9kB,27.6MB / 1.12MB
2026-06-13 01:52:02,iot-kafka,4.04%,892.5MiB / 2.767GiB,31.50%,528MB / 15.7MB,105MB / 387MB
2026-06-13 01:52:08,iot-postgres,0.00%,25.62MiB / 2.767GiB,0.90%,141kB / 126B,132MB / 233kB
2026-06-13 01:52:08,iot-mosquitto,0.16%,19.46MiB / 2.767GiB,0.69%,84.1kB / 69.9kB,27.6MB / 1.12MB
2026-06-13 01:52:08,iot-kafka,4.61%,892.6MiB / 2.767GiB,31.50%,528MB / 15.7MB,105MB / 388MB
2026-06-13 01:52:14,iot-postgres,8.11%,26.08MiB / 2.767GiB,0.92%,141kB / 126B,132MB / 233kB
2026-06-13 01:52:14,iot-mosquitto,0.12%,19.47MiB / 2.767GiB,0.69%,84.1kB / 69.9kB,27.6MB / 1.12MB
2026-06-13 01:52:14,iot-kafka,7.12%,892.4MiB / 2.767GiB,31.50%,528MB / 15.7MB,105MB / 388MB
2026-06-13 01:52:21,iot-postgres,0.00%,25.61MiB / 2.767GiB,0.90%,141kB / 126B,132MB / 233kB
2026-06-13 01:52:21,iot-mosquitto,0.11%,19.47MiB / 2.767GiB,0.69%,84.1kB / 69.9kB,27.6MB / 1.12MB
2026-06-13 01:52:21,iot-kafka,2.66%,891.8MiB / 2.767GiB,31.48%,528MB / 15.7MB,105MB / 388MB
2026-06-13 01:52:27,iot-postgres,0.02%,25.6MiB / 2.767GiB,0.90%,141kB / 126B,132MB / 233kB
2026-06-13 01:52:27,iot-mosquitto,0.12%,19.49MiB / 2.767GiB,0.69%,84.1kB / 69.9kB,27.6MB / 1.13MB
2026-06-13 01:52:27,iot-kafka,3.18%,892.1MiB / 2.767GiB,31.49%,528MB / 15.7MB,105MB / 388MB
2026-06-13 01:52:33,iot-postgres,0.01%,25.6MiB / 2.767GiB,0.90%,141kB / 126B,132MB / 233kB
2026-06-13 01:52:33,iot-mosquitto,0.14%,19.49MiB / 2.767GiB,0.69%,84.1kB / 69.9kB,27.6MB / 1.13MB
2026-06-13 01:52:33,iot-kafka,2.62%,892MiB / 2.767GiB,31.48%,528MB / 15.7MB,105MB / 388MB
2026-06-13 01:52:40,iot-postgres,0.00%,25.6MiB / 2.767GiB,0.90%,141kB / 126B,132MB / 233kB
2026-06-13 01:52:40,iot-mosquitto,0.13%,19.49MiB / 2.767GiB,0.69%,84.1kB / 69.9kB,27.6MB / 1.13MB
2026-06-13 01:52:40,iot-kafka,3.90%,891.8MiB / 2.767GiB,31.48%,528MB / 15.7MB,105MB / 388MB
2026-06-13 01:52:46,iot-postgres,0.00%,25.83MiB / 2.767GiB,0.91%,141kB / 126B,132MB / 233kB
2026-06-13 01:52:46,iot-mosquitto,0.13%,19.49MiB / 2.767GiB,0.69%,84.1kB / 69.9kB,27.6MB / 1.13MB
2026-06-13 01:52:46,iot-kafka,2.85%,892.5MiB / 2.767GiB,31.50%,528MB / 15.7MB,105MB / 388MB
2026-06-13 01:52:52,iot-postgres,0.00%,25.61MiB / 2.767GiB,0.90%,141kB / 126B,132MB / 233kB
2026-06-13 01:52:52,iot-mosquitto,0.13%,19.49MiB / 2.767GiB,0.69%,84.1kB / 69.9kB,27.6MB / 1.13MB
2026-06-13 01:52:52,iot-kafka,4.91%,892MiB / 2.767GiB,31.48%,528MB / 15.7MB,105MB / 388MB
2026-06-13 01:52:59,iot-postgres,0.01%,25.61MiB / 2.767GiB,0.90%,141kB / 126B,132MB / 233kB
2026-06-13 01:52:59,iot-mosquitto,0.13%,19.5MiB / 2.767GiB,0.69%,84.1kB / 69.9kB,27.6MB / 1.13MB
2026-06-13 01:52:59,iot-kafka,2.24%,892.5MiB / 2.767GiB,31.50%,528MB / 15.7MB,105MB / 388MB
2026-06-13 01:53:05,iot-postgres,8.51%,25.96MiB / 2.767GiB,0.92%,141kB / 126B,132MB / 233kB
2026-06-13 01:53:05,iot-mosquitto,0.10%,19.49MiB / 2.767GiB,0.69%,84.1kB / 69.9kB,27.6MB / 1.13MB
2026-06-13 01:53:05,iot-kafka,8.05%,892.1MiB / 2.767GiB,31.49%,528MB / 15.7MB,105MB / 388MB
2026-06-13 01:53:11,iot-postgres,0.00%,25.6MiB / 2.767GiB,0.90%,141kB / 126B,132MB / 233kB
2026-06-13 01:53:11,iot-mosquitto,5.81%,19.76MiB / 2.767GiB,0.70%,84.1kB / 69.9kB,27.6MB / 1.13MB
2026-06-13 01:53:11,iot-kafka,2.28%,891.8MiB / 2.767GiB,31.48%,528MB / 15.7MB,105MB / 388MB
2026-06-13 01:53:18,iot-postgres,0.02%,25.6MiB / 2.767GiB,0.90%,141kB / 126B,132MB / 233kB
2026-06-13 01:53:18,iot-mosquitto,0.16%,19.52MiB / 2.767GiB,0.69%,84.1kB / 69.9kB,27.6MB / 1.13MB
2026-06-13 01:53:18,iot-kafka,3.32%,892.1MiB / 2.767GiB,31.49%,528MB / 15.7MB,105MB / 389MB
2026-06-13 01:53:24,iot-postgres,0.01%,25.6MiB / 2.767GiB,0.90%,141kB / 126B,132MB / 233kB
2026-06-13 01:53:24,iot-mosquitto,0.14%,19.52MiB / 2.767GiB,0.69%,84.1kB / 69.9kB,27.6MB / 1.14MB
2026-06-13 01:53:24,iot-kafka,2.48%,891.8MiB / 2.767GiB,31.48%,528MB / 15.7MB,105MB / 389MB
2026-06-13 01:53:30,iot-postgres,0.00%,25.61MiB / 2.767GiB,0.90%,141kB / 126B,132MB / 233kB
2026-06-13 01:53:30,iot-mosquitto,0.12%,19.51MiB / 2.767GiB,0.69%,84.1kB / 69.9kB,27.6MB / 1.15MB
2026-06-13 01:53:30,iot-kafka,2.44%,892MiB / 2.767GiB,31.48%,528MB / 15.7MB,105MB / 389MB
2026-06-13 01:53:37,iot-postgres,0.01%,25.61MiB / 2.767GiB,0.90%,141kB / 126B,132MB / 233kB
2026-06-13 01:53:37,iot-mosquitto,0.10%,19.51MiB / 2.767GiB,0.69%,84.1kB / 69.9kB,27.6MB / 1.15MB
2026-06-13 01:53:37,iot-kafka,15.43%,893.4MiB / 2.767GiB,31.53%,528MB / 15.7MB,105MB / 389MB
2026-06-13 01:53:43,iot-postgres,0.00%,25.6MiB / 2.767GiB,0.90%,141kB / 126B,132MB / 233kB
2026-06-13 01:53:43,iot-mosquitto,0.12%,19.54MiB / 2.767GiB,0.69%,84.1kB / 69.9kB,27.6MB / 1.15MB
2026-06-13 01:53:43,iot-kafka,4.51%,909.3MiB / 2.767GiB,32.09%,528MB / 15.7MB,105MB / 389MB
2026-06-13 01:53:49,iot-postgres,0.00%,25.61MiB / 2.767GiB,0.90%,141kB / 126B,132MB / 233kB
2026-06-13 01:53:49,iot-mosquitto,0.13%,19.52MiB / 2.767GiB,0.69%,84.1kB / 69.9kB,27.6MB / 1.15MB
2026-06-13 01:53:49,iot-kafka,4.17%,908.9MiB / 2.767GiB,32.08%,528MB / 15.7MB,105MB / 389MB
2026-06-13 01:53:56,iot-postgres,7.52%,25.92MiB / 2.767GiB,0.91%,141kB / 126B,132MB / 233kB
2026-06-13 01:53:56,iot-mosquitto,0.13%,19.52MiB / 2.767GiB,0.69%,84.1kB / 69.9kB,27.6MB / 1.15MB
2026-06-13 01:53:56,iot-kafka,9.25%,908.5MiB / 2.767GiB,32.07%,528MB / 15.7MB,105MB / 389MB
2026-06-13 01:54:02,iot-postgres,0.00%,25.61MiB / 2.767GiB,0.90%,141kB / 126B,132MB / 233kB
2026-06-13 01:54:02,iot-mosquitto,0.15%,19.51MiB / 2.767GiB,0.69%,84.1kB / 69.9kB,27.6MB / 1.15MB
2026-06-13 01:54:02,iot-kafka,2.91%,908.2MiB / 2.767GiB,32.06%,528MB / 15.7MB,105MB / 389MB
2026-06-13 01:54:08,iot-postgres,0.02%,25.75MiB / 2.767GiB,0.91%,141kB / 126B,132MB / 233kB
2026-06-13 01:54:08,iot-mosquitto,0.08%,19.51MiB / 2.767GiB,0.69%,84.1kB / 69.9kB,27.6MB / 1.16MB
2026-06-13 01:54:08,iot-kafka,2.63%,909.7MiB / 2.767GiB,32.11%,528MB / 15.7MB,105MB / 389MB
2026-06-13 01:54:15,iot-postgres,0.00%,25.61MiB / 2.767GiB,0.90%,141kB / 126B,132MB / 233kB
2026-06-13 01:54:15,iot-mosquitto,0.09%,19.52MiB / 2.767GiB,0.69%,84.1kB / 69.9kB,27.6MB / 1.16MB
2026-06-13 01:54:15,iot-kafka,2.49%,908.7MiB / 2.767GiB,32.07%,528MB / 15.7MB,105MB / 389MB
2026-06-13 01:54:21,iot-postgres,0.00%,25.61MiB / 2.767GiB,0.90%,141kB / 126B,132MB / 233kB
2026-06-13 01:54:21,iot-mosquitto,0.12%,19.52MiB / 2.767GiB,0.69%,84.1kB / 69.9kB,27.6MB / 1.16MB
2026-06-13 01:54:21,iot-kafka,4.17%,908.5MiB / 2.767GiB,32.06%,528MB / 15.7MB,105MB / 390MB
2026-06-13 01:54:27,iot-postgres,0.00%,25.79MiB / 2.767GiB,0.91%,141kB / 126B,132MB / 233kB
2026-06-13 01:54:27,iot-mosquitto,6.69%,19.74MiB / 2.767GiB,0.70%,84.1kB / 69.9kB,27.6MB / 1.16MB
2026-06-13 01:54:27,iot-kafka,4.18%,908.6MiB / 2.767GiB,32.07%,528MB / 15.7MB,105MB / 390MB
2026-06-13 01:54:34,iot-postgres,0.01%,25.61MiB / 2.767GiB,0.90%,141kB / 126B,132MB / 233kB
2026-06-13 01:54:34,iot-mosquitto,0.12%,19.52MiB / 2.767GiB,0.69%,84.1kB / 69.9kB,27.6MB / 1.16MB
2026-06-13 01:54:34,iot-kafka,2.82%,908.5MiB / 2.767GiB,32.07%,528MB / 15.7MB,105MB / 390MB
2026-06-13 01:54:40,iot-postgres,0.01%,25.61MiB / 2.767GiB,0.90%,141kB / 126B,132MB / 233kB
2026-06-13 01:54:40,iot-mosquitto,0.09%,19.52MiB / 2.767GiB,0.69%,84.1kB / 69.9kB,27.6MB / 1.16MB
2026-06-13 01:54:40,iot-kafka,3.16%,912.6MiB / 2.767GiB,32.21%,528MB / 15.7MB,105MB / 390MB
2026-06-13 01:54:46,iot-postgres,7.19%,26.2MiB / 2.767GiB,0.92%,141kB / 126B,132MB / 233kB
2026-06-13 01:54:46,iot-mosquitto,0.16%,19.52MiB / 2.767GiB,0.69%,84.1kB / 69.9kB,27.6MB / 1.16MB
2026-06-13 01:54:46,iot-kafka,8.87%,908.9MiB / 2.767GiB,32.08%,528MB / 15.7MB,105MB / 390MB
2026-06-13 01:54:53,iot-postgres,0.00%,25.62MiB / 2.767GiB,0.90%,141kB / 126B,132MB / 233kB
2026-06-13 01:54:53,iot-mosquitto,0.12%,19.52MiB / 2.767GiB,0.69%,84.1kB / 69.9kB,27.6MB / 1.16MB
2026-06-13 01:54:53,iot-kafka,3.07%,908.6MiB / 2.767GiB,32.07%,528MB / 15.7MB,105MB / 390MB
2026-06-13 01:54:59,iot-postgres,0.01%,25.61MiB / 2.767GiB,0.90%,141kB / 126B,132MB / 233kB
2026-06-13 01:54:59,iot-mosquitto,0.12%,19.52MiB / 2.767GiB,0.69%,84.1kB / 69.9kB,27.6MB / 1.16MB
2026-06-13 01:54:59,iot-kafka,2.90%,909.3MiB / 2.767GiB,32.09%,528MB / 15.7MB,105MB / 390MB
2026-06-13 01:55:05,iot-postgres,0.00%,25.61MiB / 2.767GiB,0.90%,141kB / 126B,132MB / 233kB
2026-06-13 01:55:05,iot-mosquitto,0.14%,19.52MiB / 2.767GiB,0.69%,84.1kB / 69.9kB,27.6MB / 1.17MB
2026-06-13 01:55:05,iot-kafka,4.09%,908.9MiB / 2.767GiB,32.08%,528MB / 15.7MB,105MB / 390MB
2026-06-13 01:55:12,iot-postgres,0.00%,25.61MiB / 2.767GiB,0.90%,141kB / 126B,132MB / 233kB
2026-06-13 01:55:12,iot-mosquitto,0.14%,19.52MiB / 2.767GiB,0.69%,84.1kB / 69.9kB,27.6MB / 1.17MB
2026-06-13 01:55:12,iot-kafka,3.20%,908.7MiB / 2.767GiB,32.07%,528MB / 15.7MB,105MB / 390MB
2026-06-13 01:55:18,iot-postgres,0.00%,25.64MiB / 2.767GiB,0.91%,141kB / 126B,132MB / 233kB
2026-06-13 01:55:18,iot-mosquitto,0.10%,19.52MiB / 2.767GiB,0.69%,84.1kB / 69.9kB,27.6MB / 1.17MB
2026-06-13 01:55:18,iot-kafka,2.38%,908.9MiB / 2.767GiB,32.08%,528MB / 15.7MB,105MB / 390MB
2026-06-13 01:55:24,iot-postgres,0.00%,25.61MiB / 2.767GiB,0.90%,141kB / 126B,132MB / 233kB
2026-06-13 01:55:24,iot-mosquitto,0.13%,19.52MiB / 2.767GiB,0.69%,84.1kB / 69.9kB,27.6MB / 1.17MB
2026-06-13 01:55:24,iot-kafka,4.31%,908.9MiB / 2.767GiB,32.08%,528MB / 15.7MB,105MB / 391MB
2026-06-13 01:55:31,iot-postgres,0.01%,25.61MiB / 2.767GiB,0.90%,141kB / 126B,132MB / 233kB
2026-06-13 01:55:31,iot-mosquitto,0.12%,19.53MiB / 2.767GiB,0.69%,84.1kB / 69.9kB,27.6MB / 1.17MB
2026-06-13 01:55:31,iot-kafka,4.13%,909.8MiB / 2.767GiB,32.11%,528MB / 15.7MB,105MB / 391MB
2026-06-13 01:55:37,iot-postgres,7.10%,26.23MiB / 2.767GiB,0.93%,141kB / 126B,132MB / 233kB
2026-06-13 01:55:37,iot-mosquitto,0.13%,19.52MiB / 2.767GiB,0.69%,84.1kB / 69.9kB,27.6MB / 1.17MB
2026-06-13 01:55:37,iot-kafka,9.97%,910.7MiB / 2.767GiB,32.14%,528MB / 15.7MB,105MB / 391MB
2026-06-13 01:55:43,iot-postgres,0.01%,25.61MiB / 2.767GiB,0.90%,141kB / 126B,132MB / 233kB
2026-06-13 01:55:43,iot-mosquitto,5.94%,20.27MiB / 2.767GiB,0.72%,84.1kB / 69.9kB,27.6MB / 1.18MB
2026-06-13 01:55:43,iot-kafka,3.95%,908.4MiB / 2.767GiB,32.06%,528MB / 15.7MB,105MB / 391MB
2026-06-13 01:55:50,iot-postgres,0.00%,25.68MiB / 2.767GiB,0.91%,141kB / 126B,132MB / 233kB
2026-06-13 01:55:50,iot-mosquitto,0.13%,19.52MiB / 2.767GiB,0.69%,84.1kB / 69.9kB,27.6MB / 1.18MB
2026-06-13 01:55:50,iot-kafka,2.66%,908.9MiB / 2.767GiB,32.08%,528MB / 15.7MB,105MB / 391MB
2026-06-13 01:55:56,iot-postgres,0.00%,25.65MiB / 2.767GiB,0.91%,141kB / 126B,132MB / 233kB
2026-06-13 01:55:56,iot-mosquitto,0.13%,19.52MiB / 2.767GiB,0.69%,84.1kB / 69.9kB,27.6MB / 1.18MB
2026-06-13 01:55:56,iot-kafka,2.74%,908.4MiB / 2.767GiB,32.06%,528MB / 15.7MB,105MB / 391MB
2026-06-13 01:56:02,iot-postgres,0.00%,25.62MiB / 2.767GiB,0.90%,141kB / 126B,132MB / 233kB
2026-06-13 01:56:02,iot-mosquitto,0.07%,19.52MiB / 2.767GiB,0.69%,84.1kB / 69.9kB,27.6MB / 1.18MB
2026-06-13 01:56:02,iot-kafka,2.24%,908.4MiB / 2.767GiB,32.06%,528MB / 15.7MB,105MB / 391MB
2026-06-13 01:56:09,iot-postgres,0.01%,25.76MiB / 2.767GiB,0.91%,141kB / 126B,132MB / 233kB
2026-06-13 01:56:09,iot-mosquitto,0.14%,19.52MiB / 2.767GiB,0.69%,84.1kB / 69.9kB,27.6MB / 1.18MB
2026-06-13 01:56:09,iot-kafka,3.22%,908.9MiB / 2.767GiB,32.08%,528MB / 15.7MB,105MB / 391MB
2026-06-13 01:56:15,iot-postgres,0.00%,25.61MiB / 2.767GiB,0.90%,141kB / 126B,132MB / 233kB
2026-06-13 01:56:15,iot-mosquitto,0.13%,19.58MiB / 2.767GiB,0.69%,84.1kB / 69.9kB,27.6MB / 1.18MB
2026-06-13 01:56:15,iot-kafka,2.48%,908.9MiB / 2.767GiB,32.08%,528MB / 15.7MB,105MB / 391MB
2026-06-13 01:56:21,iot-postgres,0.02%,25.61MiB / 2.767GiB,0.90%,141kB / 126B,132MB / 233kB
2026-06-13 01:56:21,iot-mosquitto,0.08%,19.53MiB / 2.767GiB,0.69%,84.1kB / 69.9kB,27.6MB / 1.18MB
2026-06-13 01:56:21,iot-kafka,3.15%,908.7MiB / 2.767GiB,32.07%,528MB / 15.7MB,105MB / 391MB
2026-06-13 01:56:28,iot-postgres,7.32%,26.01MiB / 2.767GiB,0.92%,141kB / 126B,132MB / 233kB
2026-06-13 01:56:28,iot-mosquitto,0.11%,19.53MiB / 2.767GiB,0.69%,84.1kB / 69.9kB,27.6MB / 1.19MB
2026-06-13 01:56:28,iot-kafka,7.40%,909MiB / 2.767GiB,32.08%,528MB / 15.7MB,105MB / 391MB
2026-06-13 01:56:34,iot-postgres,0.01%,25.61MiB / 2.767GiB,0.90%,141kB / 126B,132MB / 233kB
2026-06-13 01:56:34,iot-mosquitto,0.24%,19.77MiB / 2.767GiB,0.70%,84.1kB / 69.9kB,27.6MB / 1.19MB
2026-06-13 01:56:34,iot-kafka,3.91%,908.4MiB / 2.767GiB,32.06%,528MB / 15.7MB,105MB / 392MB
2026-06-13 01:56:40,iot-postgres,0.00%,25.65MiB / 2.767GiB,0.91%,141kB / 126B,132MB / 233kB
2026-06-13 01:56:40,iot-mosquitto,0.14%,19.52MiB / 2.767GiB,0.69%,84.1kB / 69.9kB,27.6MB / 1.19MB
2026-06-13 01:56:40,iot-kafka,2.22%,909.1MiB / 2.767GiB,32.09%,528MB / 15.7MB,105MB / 392MB
2026-06-13 01:56:47,iot-postgres,0.00%,25.61MiB / 2.767GiB,0.90%,141kB / 126B,132MB / 233kB
2026-06-13 01:56:47,iot-mosquitto,0.15%,19.52MiB / 2.767GiB,0.69%,84.1kB / 69.9kB,27.6MB / 1.19MB
2026-06-13 01:56:47,iot-kafka,1.97%,908.4MiB / 2.767GiB,32.06%,528MB / 15.7MB,105MB / 392MB
2026-06-13 01:56:53,iot-postgres,0.00%,25.61MiB / 2.767GiB,0.90%,141kB / 126B,132MB / 233kB
2026-06-13 01:56:53,iot-mosquitto,0.13%,19.52MiB / 2.767GiB,0.69%,84.1kB / 69.9kB,27.6MB / 1.19MB
2026-06-13 01:56:53,iot-kafka,2.21%,908.7MiB / 2.767GiB,32.07%,528MB / 15.7MB,105MB / 392MB
2026-06-13 01:57:00,iot-postgres,0.00%,25.76MiB / 2.767GiB,0.91%,141kB / 126B,132MB / 233kB
2026-06-13 01:57:00,iot-mosquitto,0.14%,19.53MiB / 2.767GiB,0.69%,84.1kB / 69.9kB,27.6MB / 1.19MB
2026-06-13 01:57:00,iot-kafka,3.21%,908.4MiB / 2.767GiB,32.06%,528MB / 15.7MB,105MB / 392MB
2026-06-13 01:57:06,iot-postgres,0.00%,25.61MiB / 2.767GiB,0.90%,141kB / 126B,132MB / 233kB
2026-06-13 01:57:06,iot-mosquitto,0.12%,19.52MiB / 2.767GiB,0.69%,84.1kB / 69.9kB,27.6MB / 1.2MB
2026-06-13 01:57:06,iot-kafka,2.93%,908.7MiB / 2.767GiB,32.07%,528MB / 15.7MB,105MB / 392MB
2026-06-13 01:57:12,iot-postgres,0.01%,25.61MiB / 2.767GiB,0.90%,141kB / 126B,132MB / 233kB
2026-06-13 01:57:12,iot-mosquitto,0.13%,19.52MiB / 2.767GiB,0.69%,84.1kB / 69.9kB,27.6MB / 1.2MB
2026-06-13 01:57:12,iot-kafka,8.57%,908.6MiB / 2.767GiB,32.07%,528MB / 15.7MB,105MB / 392MB
2026-06-13 01:57:19,iot-postgres,7.75%,26.12MiB / 2.767GiB,0.92%,141kB / 126B,132MB / 233kB
2026-06-13 01:57:19,iot-mosquitto,0.12%,19.53MiB / 2.767GiB,0.69%,84.1kB / 69.9kB,27.6MB / 1.2MB
2026-06-13 01:57:19,iot-kafka,1.87%,908.7MiB / 2.767GiB,32.07%,528MB / 15.7MB,105MB / 392MB
2026-06-13 01:57:25,iot-postgres,0.00%,25.61MiB / 2.767GiB,0.90%,141kB / 126B,132MB / 233kB
2026-06-13 01:57:25,iot-mosquitto,0.13%,19.53MiB / 2.767GiB,0.69%,84.1kB / 69.9kB,27.6MB / 1.2MB
2026-06-13 01:57:25,iot-kafka,4.40%,909.5MiB / 2.767GiB,32.10%,528MB / 15.7MB,105MB / 392MB
2026-06-13 01:57:31,iot-postgres,0.00%,25.61MiB / 2.767GiB,0.90%,141kB / 126B,132MB / 233kB
2026-06-13 01:57:31,iot-mosquitto,0.13%,19.54MiB / 2.767GiB,0.69%,84.1kB / 69.9kB,27.6MB / 1.2MB
2026-06-13 01:57:31,iot-kafka,2.34%,908.9MiB / 2.767GiB,32.08%,528MB / 15.7MB,105MB / 392MB
2026-06-13 01:57:38,iot-postgres,1.52%,25.68MiB / 2.767GiB,0.91%,141kB / 126B,132MB / 233kB
2026-06-13 01:57:38,iot-mosquitto,0.12%,19.53MiB / 2.767GiB,0.69%,84.1kB / 69.9kB,27.6MB / 1.2MB
2026-06-13 01:57:38,iot-kafka,7.92%,909.9MiB / 2.767GiB,32.12%,528MB / 15.7MB,105MB / 393MB
2026-06-13 01:57:44,iot-postgres,0.01%,25.61MiB / 2.767GiB,0.90%,141kB / 126B,132MB / 233kB
2026-06-13 01:57:44,iot-mosquitto,5.81%,19.98MiB / 2.767GiB,0.71%,84.1kB / 69.9kB,27.6MB / 1.2MB
2026-06-13 01:57:44,iot-kafka,2.27%,909.3MiB / 2.767GiB,32.09%,528MB / 15.7MB,105MB / 393MB
2026-06-13 01:57:50,iot-postgres,0.00%,25.63MiB / 2.767GiB,0.90%,141kB / 126B,132MB / 233kB
2026-06-13 01:57:50,iot-mosquitto,0.11%,19.53MiB / 2.767GiB,0.69%,84.1kB / 69.9kB,27.6MB / 1.2MB
2026-06-13 01:57:50,iot-kafka,2.17%,909.1MiB / 2.767GiB,32.09%,528MB / 15.7MB,105MB / 393MB
2026-06-13 01:57:57,iot-postgres,0.00%,25.61MiB / 2.767GiB,0.90%,141kB / 126B,132MB / 233kB
2026-06-13 01:57:57,iot-mosquitto,0.12%,19.53MiB / 2.767GiB,0.69%,84.1kB / 69.9kB,27.6MB / 1.21MB
2026-06-13 01:57:57,iot-kafka,1.70%,909.1MiB / 2.767GiB,32.09%,528MB / 15.7MB,105MB / 393MB
2026-06-13 01:58:03,iot-postgres,0.01%,25.61MiB / 2.767GiB,0.90%,141kB / 126B,132MB / 233kB
2026-06-13 01:58:03,iot-mosquitto,0.10%,19.53MiB / 2.767GiB,0.69%,84.1kB / 69.9kB,27.6MB / 1.21MB
2026-06-13 01:58:03,iot-kafka,2.10%,909MiB / 2.767GiB,32.08%,528MB / 15.7MB,105MB / 393MB
2026-06-13 01:58:10,iot-postgres,7.78%,25.84MiB / 2.767GiB,0.91%,141kB / 126B,132MB / 233kB
2026-06-13 01:58:10,iot-mosquitto,0.11%,19.77MiB / 2.767GiB,0.70%,84.1kB / 69.9kB,27.6MB / 1.21MB
2026-06-13 01:58:10,iot-kafka,2.07%,909.1MiB / 2.767GiB,32.09%,528MB / 15.7MB,105MB / 393MB
2026-06-13 01:58:16,iot-postgres,0.00%,25.75MiB / 2.767GiB,0.91%,141kB / 126B,132MB / 233kB
2026-06-13 01:58:16,iot-mosquitto,0.11%,19.75MiB / 2.767GiB,0.70%,84.1kB / 69.9kB,27.6MB / 1.21MB
2026-06-13 01:58:16,iot-kafka,2.27%,908.8MiB / 2.767GiB,32.08%,528MB / 15.7MB,105MB / 393MB
2026-06-13 01:58:22,iot-postgres,0.00%,25.61MiB / 2.767GiB,0.90%,141kB / 126B,132MB / 233kB
2026-06-13 01:58:22,iot-mosquitto,0.10%,19.54MiB / 2.767GiB,0.69%,84.1kB / 69.9kB,27.6MB / 1.21MB
2026-06-13 01:58:22,iot-kafka,2.40%,908.8MiB / 2.767GiB,32.08%,528MB / 15.7MB,105MB / 393MB
2026-06-13 01:58:29,iot-postgres,0.01%,25.61MiB / 2.767GiB,0.90%,141kB / 126B,132MB / 233kB
2026-06-13 01:58:29,iot-mosquitto,0.12%,19.54MiB / 2.767GiB,0.69%,84.1kB / 69.9kB,27.6MB / 1.21MB
2026-06-13 01:58:29,iot-kafka,9.93%,909.2MiB / 2.767GiB,32.09%,528MB / 15.7MB,105MB / 393MB
2026-06-13 01:58:35,iot-postgres,0.00%,25.62MiB / 2.767GiB,0.90%,141kB / 126B,132MB / 233kB
2026-06-13 01:58:35,iot-mosquitto,0.11%,19.54MiB / 2.767GiB,0.69%,84.1kB / 69.9kB,27.6MB / 1.21MB
2026-06-13 01:58:35,iot-kafka,4.81%,908.6MiB / 2.767GiB,32.07%,528MB / 15.7MB,105MB / 393MB
2026-06-13 01:58:41,iot-postgres,0.00%,25.76MiB / 2.767GiB,0.91%,141kB / 126B,132MB / 233kB
2026-06-13 01:58:41,iot-mosquitto,0.11%,19.54MiB / 2.767GiB,0.69%,84.1kB / 69.9kB,27.6MB / 1.22MB
2026-06-13 01:58:41,iot-kafka,2.72%,910.8MiB / 2.767GiB,32.15%,528MB / 15.7MB,105MB / 394MB
2026-06-13 01:58:48,iot-postgres,0.00%,25.62MiB / 2.767GiB,0.90%,141kB / 126B,132MB / 233kB
2026-06-13 01:58:48,iot-mosquitto,0.14%,19.53MiB / 2.767GiB,0.69%,84.1kB / 69.9kB,27.6MB / 1.22MB
2026-06-13 01:58:48,iot-kafka,2.62%,908.8MiB / 2.767GiB,32.08%,528MB / 15.7MB,105MB / 394MB
2026-06-13 01:58:54,iot-postgres,0.01%,25.61MiB / 2.767GiB,0.90%,141kB / 126B,132MB / 233kB
2026-06-13 01:58:54,iot-mosquitto,0.11%,19.53MiB / 2.767GiB,0.69%,84.1kB / 69.9kB,27.6MB / 1.22MB
2026-06-13 01:58:54,iot-kafka,2.68%,909.1MiB / 2.767GiB,32.09%,528MB / 15.7MB,105MB / 394MB
2026-06-13 01:59:00,iot-postgres,0.00%,25.62MiB / 2.767GiB,0.90%,141kB / 126B,132MB / 233kB
2026-06-13 01:59:00,iot-mosquitto,6.42%,19.9MiB / 2.767GiB,0.70%,84.1kB / 69.9kB,27.6MB / 1.22MB
2026-06-13 01:59:00,iot-kafka,1.56%,908.6MiB / 2.767GiB,32.07%,528MB / 15.7MB,105MB / 394MB
2026-06-13 01:59:07,iot-postgres,0.00%,25.61MiB / 2.767GiB,0.90%,141kB / 126B,132MB / 233kB
2026-06-13 01:59:07,iot-mosquitto,0.10%,19.73MiB / 2.767GiB,0.70%,84.1kB / 69.9kB,27.6MB / 1.22MB
2026-06-13 01:59:07,iot-kafka,2.75%,908.6MiB / 2.767GiB,32.07%,528MB / 15.7MB,105MB / 394MB
2026-06-13 01:59:13,iot-postgres,0.00%,25.61MiB / 2.767GiB,0.90%,141kB / 126B,132MB / 233kB
2026-06-13 01:59:13,iot-mosquitto,0.10%,19.53MiB / 2.767GiB,0.69%,84.1kB / 69.9kB,27.6MB / 1.22MB
2026-06-13 01:59:13,iot-kafka,2.29%,909.1MiB / 2.767GiB,32.09%,528MB / 15.7MB,105MB / 394MB
2026-06-13 01:59:20,iot-postgres,3.15%,27.11MiB / 2.767GiB,0.96%,141kB / 126B,132MB / 233kB
2026-06-13 01:59:20,iot-mosquitto,0.12%,19.54MiB / 2.767GiB,0.69%,84.1kB / 69.9kB,27.6MB / 1.22MB
2026-06-13 01:59:20,iot-kafka,7.23%,909.4MiB / 2.767GiB,32.10%,528MB / 15.7MB,105MB / 394MB
2026-06-13 01:59:26,iot-postgres,0.01%,25.61MiB / 2.767GiB,0.90%,141kB / 126B,132MB / 233kB
2026-06-13 01:59:26,iot-mosquitto,0.10%,19.54MiB / 2.767GiB,0.69%,84.1kB / 69.9kB,27.6MB / 1.23MB
2026-06-13 01:59:26,iot-kafka,3.85%,908.6MiB / 2.767GiB,32.07%,528MB / 15.7MB,105MB / 394MB
2026-06-13 01:59:32,iot-postgres,0.00%,25.62MiB / 2.767GiB,0.90%,141kB / 126B,132MB / 233kB
2026-06-13 01:59:32,iot-mosquitto,0.12%,19.54MiB / 2.767GiB,0.69%,84.1kB / 69.9kB,27.6MB / 1.23MB
2026-06-13 01:59:32,iot-kafka,1.99%,909.4MiB / 2.767GiB,32.10%,528MB / 15.7MB,105MB / 394MB
2026-06-13 01:59:39,iot-postgres,0.01%,25.61MiB / 2.767GiB,0.90%,141kB / 126B,132MB / 233kB
2026-06-13 01:59:39,iot-mosquitto,0.12%,19.54MiB / 2.767GiB,0.69%,84.1kB / 69.9kB,27.6MB / 1.23MB
2026-06-13 01:59:39,iot-kafka,3.71%,909.1MiB / 2.767GiB,32.09%,528MB / 15.7MB,105MB / 394MB
2026-06-13 01:59:45,iot-postgres,0.00%,25.62MiB / 2.767GiB,0.90%,141kB / 126B,132MB / 233kB
2026-06-13 01:59:45,iot-mosquitto,0.13%,19.54MiB / 2.767GiB,0.69%,84.1kB / 69.9kB,27.6MB / 1.23MB
2026-06-13 01:59:45,iot-kafka,1.99%,909.1MiB / 2.767GiB,32.09%,528MB / 15.7MB,105MB / 395MB
2026-06-13 01:59:51,iot-postgres,0.00%,25.63MiB / 2.767GiB,0.90%,141kB / 126B,132MB / 233kB
2026-06-13 01:59:51,iot-mosquitto,0.11%,19.54MiB / 2.767GiB,0.69%,84.1kB / 69.9kB,27.6MB / 1.23MB
2026-06-13 01:59:51,iot-kafka,3.63%,909.2MiB / 2.767GiB,32.09%,528MB / 15.7MB,105MB / 395MB
2026-06-13 01:59:58,iot-postgres,0.00%,25.62MiB / 2.767GiB,0.90%,141kB / 126B,132MB / 233kB
2026-06-13 01:59:58,iot-mosquitto,0.09%,19.54MiB / 2.767GiB,0.69%,84.1kB / 69.9kB,27.6MB / 1.23MB
2026-06-13 01:59:58,iot-kafka,5.46%,909.1MiB / 2.767GiB,32.09%,528MB / 15.7MB,105MB / 395MB
2026-06-13 02:00:04,iot-postgres,0.00%,25.61MiB / 2.767GiB,0.90%,141kB / 126B,132MB / 233kB
2026-06-13 02:00:04,iot-mosquitto,0.11%,19.53MiB / 2.767GiB,0.69%,84.1kB / 69.9kB,27.6MB / 1.23MB
2026-06-13 02:00:04,iot-kafka,3.76%,909.2MiB / 2.767GiB,32.09%,528MB / 15.7MB,105MB / 395MB
2026-06-13 02:00:10,iot-postgres,8.23%,26.31MiB / 2.767GiB,0.93%,141kB / 126B,132MB / 233kB
2026-06-13 02:00:10,iot-mosquitto,0.09%,19.53MiB / 2.767GiB,0.69%,84.1kB / 69.9kB,27.6MB / 1.23MB
2026-06-13 02:00:10,iot-kafka,8.83%,909.1MiB / 2.767GiB,32.09%,528MB / 15.7MB,105MB / 395MB
2026-06-13 02:00:17,iot-postgres,0.01%,25.61MiB / 2.767GiB,0.90%,141kB / 126B,132MB / 233kB
2026-06-13 02:00:17,iot-mosquitto,0.10%,20.05MiB / 2.767GiB,0.71%,84.1kB / 69.9kB,27.6MB / 1.25MB
2026-06-13 02:00:17,iot-kafka,1.94%,908.6MiB / 2.767GiB,32.07%,528MB / 15.7MB,105MB / 395MB
2026-06-13 02:00:23,iot-postgres,0.00%,25.79MiB / 2.767GiB,0.91%,141kB / 126B,132MB / 233kB
2026-06-13 02:00:23,iot-mosquitto,0.16%,19.54MiB / 2.767GiB,0.69%,84.1kB / 69.9kB,27.6MB / 1.25MB
2026-06-13 02:00:23,iot-kafka,5.38%,910.3MiB / 2.767GiB,32.13%,528MB / 15.7MB,105MB / 395MB
2026-06-13 02:00:30,iot-postgres,0.01%,25.62MiB / 2.767GiB,0.90%,141kB / 126B,132MB / 233kB
2026-06-13 02:00:30,iot-mosquitto,0.12%,19.54MiB / 2.767GiB,0.69%,84.1kB / 69.9kB,27.6MB / 1.25MB
2026-06-13 02:00:30,iot-kafka,2.34%,908.9MiB / 2.767GiB,32.08%,528MB / 15.7MB,105MB / 395MB
2026-06-13 02:00:36,iot-postgres,0.00%,25.62MiB / 2.767GiB,0.90%,141kB / 126B,132MB / 233kB
2026-06-13 02:00:36,iot-mosquitto,0.10%,19.54MiB / 2.767GiB,0.69%,84.1kB / 69.9kB,27.6MB / 1.25MB
2026-06-13 02:00:36,iot-kafka,2.50%,908.7MiB / 2.767GiB,32.07%,528MB / 15.7MB,105MB / 395MB
2026-06-13 02:00:42,iot-postgres,0.00%,25.74MiB / 2.767GiB,0.91%,141kB / 126B,132MB / 233kB
2026-06-13 02:00:42,iot-mosquitto,0.19%,19.53MiB / 2.767GiB,0.69%,84.1kB / 69.9kB,27.6MB / 1.25MB
2026-06-13 02:00:42,iot-kafka,2.57%,909MiB / 2.767GiB,32.08%,528MB / 15.7MB,105MB / 395MB
2026-06-13 02:00:49,iot-postgres,0.00%,25.62MiB / 2.767GiB,0.90%,141kB / 126B,132MB / 233kB
2026-06-13 02:00:49,iot-mosquitto,0.16%,20MiB / 2.767GiB,0.71%,84.1kB / 69.9kB,27.6MB / 1.25MB
2026-06-13 02:00:49,iot-kafka,2.15%,909.2MiB / 2.767GiB,32.09%,528MB / 15.7MB,105MB / 395MB
2026-06-13 02:00:55,iot-postgres,0.00%,25.62MiB / 2.767GiB,0.90%,141kB / 126B,132MB / 233kB
2026-06-13 02:00:55,iot-mosquitto,0.14%,19.54MiB / 2.767GiB,0.69%,84.1kB / 69.9kB,27.6MB / 1.25MB
2026-06-13 02:00:55,iot-kafka,3.67%,909.6MiB / 2.767GiB,32.10%,528MB / 15.7MB,105MB / 395MB
2026-06-13 02:01:01,iot-postgres,8.12%,25.8MiB / 2.767GiB,0.91%,141kB / 126B,132MB / 233kB
2026-06-13 02:01:01,iot-mosquitto,5.68%,20.11MiB / 2.767GiB,0.71%,84.1kB / 69.9kB,27.6MB / 1.25MB
2026-06-13 02:01:01,iot-kafka,2.39%,909.9MiB / 2.767GiB,32.12%,528MB / 15.7MB,105MB / 395MB
2026-06-13 02:01:08,iot-postgres,0.01%,25.62MiB / 2.767GiB,0.90%,141kB / 126B,132MB / 233kB
2026-06-13 02:01:08,iot-mosquitto,0.15%,19.54MiB / 2.767GiB,0.69%,84.1kB / 69.9kB,27.6MB / 1.25MB
2026-06-13 02:01:08,iot-kafka,3.19%,908.9MiB / 2.767GiB,32.08%,528MB / 15.7MB,105MB / 396MB
2026-06-13 02:01:14,iot-postgres,0.01%,25.71MiB / 2.767GiB,0.91%,141kB / 126B,132MB / 233kB
2026-06-13 02:01:14,iot-mosquitto,0.09%,19.53MiB / 2.767GiB,0.69%,84.1kB / 69.9kB,27.6MB / 1.26MB
2026-06-13 02:01:14,iot-kafka,4.54%,908.7MiB / 2.767GiB,32.07%,528MB / 15.7MB,105MB / 396MB
2026-06-13 02:01:21,iot-postgres,0.00%,25.62MiB / 2.767GiB,0.90%,141kB / 126B,132MB / 233kB
2026-06-13 02:01:21,iot-mosquitto,0.09%,19.53MiB / 2.767GiB,0.69%,84.1kB / 69.9kB,27.6MB / 1.26MB
2026-06-13 02:01:21,iot-kafka,8.58%,909.2MiB / 2.767GiB,32.09%,528MB / 15.7MB,105MB / 396MB
2026-06-13 02:01:27,iot-postgres,0.00%,25.61MiB / 2.767GiB,0.90%,141kB / 126B,132MB / 233kB
2026-06-13 02:01:27,iot-mosquitto,0.11%,19.53MiB / 2.767GiB,0.69%,84.1kB / 69.9kB,27.6MB / 1.26MB
2026-06-13 02:01:27,iot-kafka,3.60%,908.9MiB / 2.767GiB,32.08%,528MB / 15.7MB,105MB / 396MB
2026-06-13 02:01:33,iot-postgres,0.00%,25.62MiB / 2.767GiB,0.90%,141kB / 126B,132MB / 233kB
2026-06-13 02:01:33,iot-mosquitto,0.13%,19.54MiB / 2.767GiB,0.69%,84.1kB / 69.9kB,27.6MB / 1.26MB
2026-06-13 02:01:33,iot-kafka,3.06%,908.9MiB / 2.767GiB,32.08%,528MB / 15.7MB,105MB / 396MB
2026-06-13 02:01:40,iot-postgres,0.01%,25.61MiB / 2.767GiB,0.90%,141kB / 126B,132MB / 233kB
2026-06-13 02:01:40,iot-mosquitto,0.11%,19.54MiB / 2.767GiB,0.69%,84.1kB / 69.9kB,27.6MB / 1.26MB
2026-06-13 02:01:40,iot-kafka,2.61%,909.6MiB / 2.767GiB,32.10%,528MB / 15.7MB,105MB / 396MB
2026-06-13 02:01:46,iot-postgres,0.00%,25.62MiB / 2.767GiB,0.90%,141kB / 126B,132MB / 233kB
2026-06-13 02:01:46,iot-mosquitto,0.13%,19.78MiB / 2.767GiB,0.70%,84.1kB / 69.9kB,27.6MB / 1.27MB
2026-06-13 02:01:46,iot-kafka,2.87%,908.7MiB / 2.767GiB,32.07%,528MB / 15.7MB,105MB / 396MB
2026-06-13 02:01:52,iot-postgres,7.48%,25.83MiB / 2.767GiB,0.91%,141kB / 126B,132MB / 233kB
2026-06-13 02:01:52,iot-mosquitto,0.13%,19.54MiB / 2.767GiB,0.69%,84.1kB / 69.9kB,27.6MB / 1.27MB
2026-06-13 02:01:52,iot-kafka,5.78%,909.5MiB / 2.767GiB,32.10%,528MB / 15.7MB,105MB / 396MB
2026-06-13 02:01:59,iot-postgres,0.02%,25.62MiB / 2.767GiB,0.90%,141kB / 126B,132MB / 233kB
2026-06-13 02:01:59,iot-mosquitto,0.14%,19.54MiB / 2.767GiB,0.69%,84.1kB / 69.9kB,27.6MB / 1.27MB
2026-06-13 02:01:59,iot-kafka,4.19%,908.9MiB / 2.767GiB,32.08%,528MB / 15.7MB,105MB / 396MB
2026-06-13 02:02:05,iot-postgres,0.00%,25.62MiB / 2.767GiB,0.90%,141kB / 126B,132MB / 233kB
2026-06-13 02:02:05,iot-mosquitto,0.12%,19.53MiB / 2.767GiB,0.69%,84.1kB / 69.9kB,27.6MB / 1.27MB
2026-06-13 02:02:05,iot-kafka,2.33%,909.2MiB / 2.767GiB,32.09%,528MB / 15.7MB,105MB / 396MB
2026-06-13 02:02:11,iot-postgres,0.00%,25.62MiB / 2.767GiB,0.90%,141kB / 126B,132MB / 233kB
2026-06-13 02:02:11,iot-mosquitto,0.14%,19.53MiB / 2.767GiB,0.69%,84.1kB / 69.9kB,27.6MB / 1.27MB
2026-06-13 02:02:11,iot-kafka,7.82%,909.1MiB / 2.767GiB,32.09%,528MB / 15.7MB,105MB / 396MB
2026-06-13 02:02:18,iot-postgres,0.00%,25.62MiB / 2.767GiB,0.90%,141kB / 126B,132MB / 233kB
2026-06-13 02:02:18,iot-mosquitto,5.28%,20.22MiB / 2.767GiB,0.71%,84.1kB / 69.9kB,27.6MB / 1.27MB
2026-06-13 02:02:18,iot-kafka,3.15%,908.9MiB / 2.767GiB,32.08%,528MB / 15.7MB,105MB / 397MB
2026-06-13 02:02:24,iot-postgres,0.01%,25.66MiB / 2.767GiB,0.91%,141kB / 126B,132MB / 233kB
2026-06-13 02:02:24,iot-mosquitto,0.12%,19.54MiB / 2.767GiB,0.69%,84.1kB / 69.9kB,27.6MB / 1.27MB
2026-06-13 02:02:24,iot-kafka,4.34%,909.2MiB / 2.767GiB,32.09%,528MB / 15.7MB,105MB / 397MB
2026-06-13 02:02:30,iot-postgres,0.00%,25.61MiB / 2.767GiB,0.90%,141kB / 126B,132MB / 233kB
2026-06-13 02:02:30,iot-mosquitto,0.10%,19.54MiB / 2.767GiB,0.69%,84.1kB / 69.9kB,27.6MB / 1.27MB
2026-06-13 02:02:30,iot-kafka,1.91%,908.7MiB / 2.767GiB,32.07%,528MB / 15.7MB,105MB / 397MB
2026-06-13 02:02:37,iot-postgres,0.02%,25.62MiB / 2.767GiB,0.90%,141kB / 126B,132MB / 233kB
2026-06-13 02:02:37,iot-mosquitto,0.13%,19.54MiB / 2.767GiB,0.69%,84.1kB / 69.9kB,27.6MB / 1.27MB
2026-06-13 02:02:37,iot-kafka,2.66%,908.9MiB / 2.767GiB,32.08%,528MB / 15.7MB,105MB / 397MB
2026-06-13 02:02:43,iot-postgres,8.49%,25.78MiB / 2.767GiB,0.91%,141kB / 126B,132MB / 233kB
2026-06-13 02:02:43,iot-mosquitto,0.14%,19.54MiB / 2.767GiB,0.69%,84.1kB / 69.9kB,27.6MB / 1.27MB
2026-06-13 02:02:43,iot-kafka,2.59%,909MiB / 2.767GiB,32.08%,528MB / 15.7MB,105MB / 397MB
2026-06-13 02:02:49,iot-postgres,0.02%,25.61MiB / 2.767GiB,0.90%,141kB / 126B,132MB / 233kB
2026-06-13 02:02:49,iot-mosquitto,0.20%,19.6MiB / 2.767GiB,0.69%,84.1kB / 69.9kB,27.6MB / 1.28MB
2026-06-13 02:02:49,iot-kafka,2.78%,909.2MiB / 2.767GiB,32.09%,528MB / 15.7MB,105MB / 397MB
2026-06-13 02:02:56,iot-postgres,0.00%,25.62MiB / 2.767GiB,0.90%,141kB / 126B,132MB / 233kB
2026-06-13 02:02:56,iot-mosquitto,0.12%,19.54MiB / 2.767GiB,0.69%,84.1kB / 69.9kB,27.6MB / 1.28MB
2026-06-13 02:02:56,iot-kafka,2.28%,909.1MiB / 2.767GiB,32.09%,528MB / 15.7MB,105MB / 397MB
2026-06-13 02:03:02,iot-postgres,0.00%,25.62MiB / 2.767GiB,0.90%,141kB / 126B,132MB / 233kB
2026-06-13 02:03:02,iot-mosquitto,0.12%,19.54MiB / 2.767GiB,0.69%,84.1kB / 69.9kB,27.6MB / 1.28MB
2026-06-13 02:03:02,iot-kafka,7.96%,909MiB / 2.767GiB,32.08%,528MB / 15.7MB,105MB / 397MB
2026-06-13 02:03:08,iot-postgres,0.00%,25.62MiB / 2.767GiB,0.90%,141kB / 126B,132MB / 233kB
2026-06-13 02:03:08,iot-mosquitto,0.13%,19.54MiB / 2.767GiB,0.69%,84.1kB / 69.9kB,27.6MB / 1.28MB
2026-06-13 02:03:08,iot-kafka,2.72%,909.4MiB / 2.767GiB,32.10%,528MB / 15.7MB,105MB / 397MB
2026-06-13 02:03:15,iot-postgres,0.00%,25.62MiB / 2.767GiB,0.90%,141kB / 126B,132MB / 233kB
2026-06-13 02:03:15,iot-mosquitto,0.13%,19.54MiB / 2.767GiB,0.69%,84.1kB / 69.9kB,27.6MB / 1.29MB
2026-06-13 02:03:15,iot-kafka,1.68%,909.3MiB / 2.767GiB,32.09%,528MB / 15.7MB,105MB / 397MB
2026-06-13 02:03:21,iot-postgres,0.00%,25.61MiB / 2.767GiB,0.90%,141kB / 126B,132MB / 233kB
2026-06-13 02:03:21,iot-mosquitto,0.11%,19.54MiB / 2.767GiB,0.69%,84.1kB / 69.9kB,27.6MB / 1.29MB
2026-06-13 02:03:21,iot-kafka,2.45%,908.7MiB / 2.767GiB,32.07%,528MB / 15.7MB,105MB / 398MB
2026-06-13 02:03:27,iot-postgres,0.00%,25.62MiB / 2.767GiB,0.90%,141kB / 126B,132MB / 233kB
2026-06-13 02:03:27,iot-mosquitto,0.10%,19.54MiB / 2.767GiB,0.69%,84.1kB / 69.9kB,27.6MB / 1.29MB
2026-06-13 02:03:27,iot-kafka,2.82%,909.7MiB / 2.767GiB,32.11%,528MB / 15.7MB,105MB / 398MB
2026-06-13 02:03:34,iot-postgres,7.79%,25.96MiB / 2.767GiB,0.92%,141kB / 126B,132MB / 233kB
2026-06-13 02:03:34,iot-mosquitto,0.11%,20.04MiB / 2.767GiB,0.71%,84.1kB / 69.9kB,27.6MB / 1.29MB
2026-06-13 02:03:34,iot-kafka,2.70%,909.2MiB / 2.767GiB,32.09%,528MB / 15.7MB,105MB / 398MB
2026-06-13 02:03:40,iot-postgres,0.01%,25.61MiB / 2.767GiB,0.90%,141kB / 126B,132MB / 233kB
2026-06-13 02:03:40,iot-mosquitto,0.14%,19.54MiB / 2.767GiB,0.69%,84.1kB / 69.9kB,27.6MB / 1.29MB
2026-06-13 02:03:40,iot-kafka,4.57%,908.9MiB / 2.767GiB,32.08%,528MB / 15.7MB,105MB / 398MB
2026-06-13 02:03:46,iot-postgres,0.00%,25.62MiB / 2.767GiB,0.90%,141kB / 126B,132MB / 233kB
2026-06-13 02:03:46,iot-mosquitto,0.10%,19.54MiB / 2.767GiB,0.69%,84.1kB / 69.9kB,27.6MB / 1.29MB
2026-06-13 02:03:46,iot-kafka,2.02%,908.7MiB / 2.767GiB,32.07%,528MB / 15.7MB,105MB / 398MB
2026-06-13 02:03:53,iot-postgres,0.00%,25.62MiB / 2.767GiB,0.90%,141kB / 126B,132MB / 233kB
2026-06-13 02:03:53,iot-mosquitto,0.13%,19.54MiB / 2.767GiB,0.69%,84.1kB / 69.9kB,27.6MB / 1.29MB
2026-06-13 02:03:53,iot-kafka,13.37%,909.2MiB / 2.767GiB,32.09%,528MB / 15.7MB,105MB / 398MB
2026-06-13 02:03:59,iot-postgres,0.01%,25.62MiB / 2.767GiB,0.90%,141kB / 126B,132MB / 233kB
2026-06-13 02:03:59,iot-mosquitto,0.12%,19.54MiB / 2.767GiB,0.69%,84.1kB / 69.9kB,27.6MB / 1.3MB
2026-06-13 02:03:59,iot-kafka,3.62%,908.7MiB / 2.767GiB,32.07%,528MB / 15.7MB,105MB / 398MB
2026-06-13 02:04:06,iot-postgres,0.00%,25.61MiB / 2.767GiB,0.90%,141kB / 126B,132MB / 233kB
2026-06-13 02:04:06,iot-mosquitto,0.12%,19.54MiB / 2.767GiB,0.69%,84.1kB / 69.9kB,27.6MB / 1.3MB
2026-06-13 02:04:06,iot-kafka,1.91%,909.2MiB / 2.767GiB,32.09%,528MB / 15.7MB,105MB / 398MB
2026-06-13 02:04:12,iot-postgres,0.00%,25.61MiB / 2.767GiB,0.90%,141kB / 126B,132MB / 233kB
2026-06-13 02:04:12,iot-mosquitto,0.11%,19.54MiB / 2.767GiB,0.69%,84.1kB / 69.9kB,27.6MB / 1.3MB
2026-06-13 02:04:12,iot-kafka,2.87%,908.9MiB / 2.767GiB,32.08%,528MB / 15.7MB,105MB / 398MB
2026-06-13 02:04:18,iot-postgres,0.00%,25.62MiB / 2.767GiB,0.90%,141kB / 126B,132MB / 233kB
2026-06-13 02:04:18,iot-mosquitto,5.83%,19.8MiB / 2.767GiB,0.70%,84.1kB / 69.9kB,27.6MB / 1.3MB
2026-06-13 02:04:18,iot-kafka,1.61%,909.2MiB / 2.767GiB,32.09%,528MB / 15.7MB,105MB / 398MB
2026-06-13 02:04:25,iot-postgres,0.01%,25.62MiB / 2.767GiB,0.90%,141kB / 126B,132MB / 233kB
2026-06-13 02:04:25,iot-mosquitto,0.08%,19.54MiB / 2.767GiB,0.69%,84.1kB / 69.9kB,27.6MB / 1.3MB
2026-06-13 02:04:25,iot-kafka,1.51%,909.2MiB / 2.767GiB,32.09%,528MB / 15.7MB,105MB / 398MB
2026-06-13 02:04:31,iot-postgres,0.00%,25.62MiB / 2.767GiB,0.90%,141kB / 126B,132MB / 233kB
2026-06-13 02:04:31,iot-mosquitto,0.09%,19.54MiB / 2.767GiB,0.69%,84.1kB / 69.9kB,27.6MB / 1.3MB
2026-06-13 02:04:31,iot-kafka,2.19%,908.7MiB / 2.767GiB,32.07%,528MB / 15.7MB,105MB / 398MB
2026-06-13 02:04:37,iot-postgres,0.00%,25.62MiB / 2.767GiB,0.90%,141kB / 126B,132MB / 233kB
2026-06-13 02:04:37,iot-mosquitto,0.15%,19.54MiB / 2.767GiB,0.69%,84.1kB / 69.9kB,27.6MB / 1.3MB
2026-06-13 02:04:37,iot-kafka,3.99%,909MiB / 2.767GiB,32.08%,528MB / 15.7MB,105MB / 399MB
2026-06-13 02:04:44,iot-postgres,0.00%,25.61MiB / 2.767GiB,0.90%,141kB / 126B,132MB / 233kB
2026-06-13 02:04:44,iot-mosquitto,0.10%,19.54MiB / 2.767GiB,0.69%,84.1kB / 69.9kB,27.6MB / 1.31MB
2026-06-13 02:04:44,iot-kafka,7.99%,910.5MiB / 2.767GiB,32.14%,528MB / 15.7MB,105MB / 399MB
2026-06-13 02:04:50,iot-postgres,0.00%,25.62MiB / 2.767GiB,0.90%,141kB / 126B,132MB / 233kB
2026-06-13 02:04:50,iot-mosquitto,0.25%,19.81MiB / 2.767GiB,0.70%,84.1kB / 69.9kB,27.6MB / 1.31MB
2026-06-13 02:04:50,iot-kafka,2.12%,908.7MiB / 2.767GiB,32.07%,528MB / 15.7MB,105MB / 399MB
2026-06-13 02:04:56,iot-postgres,0.00%,25.76MiB / 2.767GiB,0.91%,141kB / 126B,132MB / 233kB
2026-06-13 02:04:56,iot-mosquitto,0.12%,19.54MiB / 2.767GiB,0.69%,84.1kB / 69.9kB,27.6MB / 1.31MB
2026-06-13 02:04:56,iot-kafka,2.76%,909.2MiB / 2.767GiB,32.09%,528MB / 15.7MB,105MB / 399MB
2026-06-13 02:05:03,iot-postgres,0.01%,25.62MiB / 2.767GiB,0.90%,141kB / 126B,132MB / 233kB
2026-06-13 02:05:03,iot-mosquitto,0.10%,19.54MiB / 2.767GiB,0.69%,84.1kB / 69.9kB,27.6MB / 1.31MB
2026-06-13 02:05:03,iot-kafka,3.77%,908.7MiB / 2.767GiB,32.07%,528MB / 15.7MB,105MB / 399MB
2026-06-13 02:05:09,iot-postgres,0.01%,25.62MiB / 2.767GiB,0.90%,141kB / 126B,132MB / 233kB
2026-06-13 02:05:09,iot-mosquitto,0.11%,19.53MiB / 2.767GiB,0.69%,84.1kB / 69.9kB,27.6MB / 1.31MB
2026-06-13 02:05:09,iot-kafka,2.44%,909.7MiB / 2.767GiB,32.11%,528MB / 15.7MB,105MB / 399MB
2026-06-13 02:05:15,iot-postgres,0.00%,25.62MiB / 2.767GiB,0.90%,141kB / 126B,132MB / 233kB
2026-06-13 02:05:15,iot-mosquitto,0.13%,19.53MiB / 2.767GiB,0.69%,84.1kB / 69.9kB,27.6MB / 1.31MB
2026-06-13 02:05:15,iot-kafka,2.07%,909.4MiB / 2.767GiB,32.10%,528MB / 15.7MB,105MB / 399MB
2026-06-13 02:05:22,iot-postgres,0.00%,25.61MiB / 2.767GiB,0.90%,141kB / 126B,132MB / 233kB
2026-06-13 02:05:22,iot-mosquitto,0.14%,19.78MiB / 2.767GiB,0.70%,84.1kB / 69.9kB,27.6MB / 1.31MB
2026-06-13 02:05:22,iot-kafka,2.49%,909MiB / 2.767GiB,32.08%,528MB / 15.7MB,105MB / 399MB
2026-06-13 02:05:28,iot-postgres,0.00%,25.61MiB / 2.767GiB,0.90%,141kB / 126B,132MB / 233kB
2026-06-13 02:05:28,iot-mosquitto,0.13%,19.53MiB / 2.767GiB,0.69%,84.1kB / 69.9kB,27.6MB / 1.32MB
2026-06-13 02:05:28,iot-kafka,2.47%,908.8MiB / 2.767GiB,32.08%,528MB / 15.7MB,105MB / 399MB
2026-06-13 02:05:35,iot-postgres,6.80%,26.4MiB / 2.767GiB,0.93%,141kB / 126B,132MB / 233kB
2026-06-13 02:05:35,iot-mosquitto,6.55%,20.29MiB / 2.767GiB,0.72%,84.1kB / 69.9kB,27.6MB / 1.32MB
2026-06-13 02:05:35,iot-kafka,4.33%,909.2MiB / 2.767GiB,32.09%,528MB / 15.7MB,105MB / 399MB
2026-06-13 02:05:41,iot-postgres,0.00%,25.61MiB / 2.767GiB,0.90%,141kB / 126B,132MB / 233kB
2026-06-13 02:05:41,iot-mosquitto,0.12%,19.54MiB / 2.767GiB,0.69%,84.1kB / 69.9kB,27.6MB / 1.32MB
2026-06-13 02:05:41,iot-kafka,2.37%,908.7MiB / 2.767GiB,32.07%,528MB / 15.7MB,105MB / 399MB
2026-06-13 02:05:47,iot-postgres,0.00%,25.64MiB / 2.767GiB,0.91%,141kB / 126B,132MB / 233kB
2026-06-13 02:05:47,iot-mosquitto,0.14%,19.54MiB / 2.767GiB,0.69%,84.1kB / 69.9kB,27.6MB / 1.32MB
2026-06-13 02:05:47,iot-kafka,1.78%,908.7MiB / 2.767GiB,32.07%,528MB / 15.7MB,105MB / 400MB
2026-06-13 02:05:54,iot-postgres,0.01%,25.62MiB / 2.767GiB,0.90%,141kB / 126B,132MB / 233kB
2026-06-13 02:05:54,iot-mosquitto,0.13%,19.53MiB / 2.767GiB,0.69%,84.1kB / 69.9kB,27.6MB / 1.32MB
2026-06-13 02:05:54,iot-kafka,2.67%,908.7MiB / 2.767GiB,32.07%,528MB / 15.7MB,105MB / 400MB
2026-06-13 02:06:00,iot-postgres,0.00%,25.61MiB / 2.767GiB,0.90%,141kB / 126B,132MB / 233kB
2026-06-13 02:06:00,iot-mosquitto,0.12%,19.53MiB / 2.767GiB,0.69%,84.1kB / 69.9kB,27.6MB / 1.32MB
2026-06-13 02:06:00,iot-kafka,2.42%,909MiB / 2.767GiB,32.08%,528MB / 15.7MB,105MB / 400MB
2026-06-13 02:06:06,iot-postgres,0.00%,25.62MiB / 2.767GiB,0.90%,141kB / 126B,132MB / 233kB
2026-06-13 02:06:06,iot-mosquitto,0.17%,19.53MiB / 2.767GiB,0.69%,84.1kB / 69.9kB,27.6MB / 1.32MB
2026-06-13 02:06:06,iot-kafka,8.45%,909MiB / 2.767GiB,32.08%,528MB / 15.7MB,105MB / 400MB
2026-06-13 02:06:13,iot-postgres,0.00%,25.62MiB / 2.767GiB,0.90%,141kB / 126B,132MB / 233kB
2026-06-13 02:06:13,iot-mosquitto,0.13%,19.53MiB / 2.767GiB,0.69%,84.1kB / 69.9kB,27.6MB / 1.32MB
2026-06-13 02:06:13,iot-kafka,2.89%,909.3MiB / 2.767GiB,32.09%,528MB / 15.7MB,105MB / 400MB
2026-06-13 02:06:19,iot-postgres,0.01%,25.62MiB / 2.767GiB,0.90%,141kB / 126B,132MB / 233kB
2026-06-13 02:06:19,iot-mosquitto,0.11%,19.53MiB / 2.767GiB,0.69%,84.1kB / 69.9kB,27.6MB / 1.33MB
2026-06-13 02:06:19,iot-kafka,2.32%,909MiB / 2.767GiB,32.08%,528MB / 15.7MB,105MB / 400MB
2026-06-13 02:06:25,iot-postgres,7.50%,25.94MiB / 2.767GiB,0.92%,141kB / 126B,132MB / 233kB
2026-06-13 02:06:25,iot-mosquitto,0.14%,19.54MiB / 2.767GiB,0.69%,84.1kB / 69.9kB,27.6MB / 1.34MB
2026-06-13 02:06:25,iot-kafka,3.93%,909.5MiB / 2.767GiB,32.10%,528MB / 15.7MB,105MB / 400MB
2026-06-13 02:06:32,iot-postgres,0.00%,25.62MiB / 2.767GiB,0.90%,141kB / 126B,132MB / 233kB
2026-06-13 02:06:32,iot-mosquitto,0.12%,19.54MiB / 2.767GiB,0.69%,84.1kB / 69.9kB,27.6MB / 1.34MB
2026-06-13 02:06:32,iot-kafka,5.60%,909MiB / 2.767GiB,32.08%,528MB / 15.7MB,105MB / 400MB
2026-06-13 02:06:38,iot-postgres,1.66%,25.76MiB / 2.767GiB,0.91%,141kB / 126B,132MB / 233kB
2026-06-13 02:06:38,iot-mosquitto,0.09%,19.57MiB / 2.767GiB,0.69%,84.1kB / 69.9kB,27.6MB / 1.34MB
2026-06-13 02:06:38,iot-kafka,3.87%,910MiB / 2.767GiB,32.12%,528MB / 15.7MB,105MB / 400MB
2026-06-13 02:06:45,iot-postgres,0.01%,25.61MiB / 2.767GiB,0.90%,141kB / 126B,132MB / 233kB
2026-06-13 02:06:45,iot-mosquitto,0.15%,19.54MiB / 2.767GiB,0.69%,84.1kB / 69.9kB,27.6MB / 1.34MB
2026-06-13 02:06:45,iot-kafka,8.01%,908.9MiB / 2.767GiB,32.08%,528MB / 15.7MB,105MB / 401MB
2026-06-13 02:06:51,iot-postgres,0.00%,25.62MiB / 2.767GiB,0.90%,141kB / 126B,132MB / 233kB
2026-06-13 02:06:51,iot-mosquitto,0.08%,19.82MiB / 2.767GiB,0.70%,84.1kB / 69.9kB,27.6MB / 1.34MB
2026-06-13 02:06:51,iot-kafka,3.65%,908.8MiB / 2.767GiB,32.08%,528MB / 15.7MB,105MB / 401MB
2026-06-13 02:06:57,iot-postgres,0.00%,25.71MiB / 2.767GiB,0.91%,141kB / 126B,132MB / 233kB
2026-06-13 02:06:57,iot-mosquitto,0.08%,19.54MiB / 2.767GiB,0.69%,84.1kB / 69.9kB,27.6MB / 1.34MB
2026-06-13 02:06:57,iot-kafka,3.95%,909MiB / 2.767GiB,32.08%,528MB / 15.7MB,105MB / 401MB
2026-06-13 02:07:04,iot-postgres,0.00%,25.62MiB / 2.767GiB,0.90%,141kB / 126B,132MB / 233kB
2026-06-13 02:07:04,iot-mosquitto,0.08%,19.54MiB / 2.767GiB,0.69%,84.1kB / 69.9kB,27.6MB / 1.34MB
2026-06-13 02:07:04,iot-kafka,2.67%,909.3MiB / 2.767GiB,32.09%,528MB / 15.7MB,105MB / 401MB
2026-06-13 02:07:10,iot-postgres,0.00%,25.62MiB / 2.767GiB,0.90%,141kB / 126B,132MB / 233kB
2026-06-13 02:07:10,iot-mosquitto,0.11%,19.54MiB / 2.767GiB,0.69%,84.1kB / 69.9kB,27.6MB / 1.34MB
2026-06-13 02:07:10,iot-kafka,2.77%,910.6MiB / 2.767GiB,32.14%,528MB / 15.7MB,105MB / 401MB
2026-06-13 02:07:17,iot-postgres,8.28%,26.05MiB / 2.767GiB,0.92%,141kB / 126B,132MB / 233kB
2026-06-13 02:07:17,iot-mosquitto,0.12%,19.54MiB / 2.767GiB,0.69%,84.1kB / 69.9kB,27.6MB / 1.34MB
2026-06-13 02:07:17,iot-kafka,3.73%,909.3MiB / 2.767GiB,32.09%,528MB / 15.7MB,105MB / 401MB
2026-06-13 02:07:23,iot-postgres,0.00%,25.62MiB / 2.767GiB,0.90%,141kB / 126B,132MB / 233kB
2026-06-13 02:07:23,iot-mosquitto,0.11%,19.55MiB / 2.767GiB,0.69%,84.1kB / 69.9kB,27.6MB / 1.34MB
2026-06-13 02:07:23,iot-kafka,2.05%,908.8MiB / 2.767GiB,32.08%,528MB / 15.7MB,105MB / 401MB
2026-06-13 02:07:29,iot-postgres,0.01%,25.61MiB / 2.767GiB,0.90%,141kB / 126B,132MB / 233kB
2026-06-13 02:07:29,iot-mosquitto,0.12%,19.54MiB / 2.767GiB,0.69%,84.1kB / 69.9kB,27.6MB / 1.35MB
2026-06-13 02:07:29,iot-kafka,2.28%,909MiB / 2.767GiB,32.08%,528MB / 15.7MB,105MB / 401MB
2026-06-13 02:07:36,iot-postgres,0.02%,25.61MiB / 2.767GiB,0.90%,141kB / 126B,132MB / 233kB
2026-06-13 02:07:36,iot-mosquitto,5.62%,19.88MiB / 2.767GiB,0.70%,84.1kB / 69.9kB,27.6MB / 1.35MB
2026-06-13 02:07:36,iot-kafka,8.07%,909MiB / 2.767GiB,32.09%,528MB / 15.7MB,105MB / 401MB
2026-06-13 02:07:42,iot-postgres,0.00%,25.61MiB / 2.767GiB,0.90%,141kB / 126B,132MB / 233kB
2026-06-13 02:07:42,iot-mosquitto,0.12%,19.54MiB / 2.767GiB,0.69%,84.1kB / 69.9kB,27.6MB / 1.35MB
2026-06-13 02:07:42,iot-kafka,3.81%,909MiB / 2.767GiB,32.08%,528MB / 15.7MB,105MB / 401MB
2026-06-13 02:07:48,iot-postgres,0.00%,25.64MiB / 2.767GiB,0.90%,141kB / 126B,132MB / 233kB
2026-06-13 02:07:48,iot-mosquitto,0.12%,19.54MiB / 2.767GiB,0.69%,84.1kB / 69.9kB,27.6MB / 1.35MB
2026-06-13 02:07:48,iot-kafka,1.80%,909.1MiB / 2.767GiB,32.09%,528MB / 15.7MB,105MB / 401MB
2026-06-13 02:07:55,iot-postgres,0.01%,25.62MiB / 2.767GiB,0.90%,141kB / 126B,132MB / 233kB
2026-06-13 02:07:55,iot-mosquitto,0.11%,19.55MiB / 2.767GiB,0.69%,84.1kB / 69.9kB,27.6MB / 1.35MB
2026-06-13 02:07:55,iot-kafka,5.74%,910.4MiB / 2.767GiB,32.13%,528MB / 15.7MB,105MB / 402MB
2026-06-13 02:08:01,iot-postgres,0.00%,25.61MiB / 2.767GiB,0.90%,141kB / 126B,132MB / 233kB
2026-06-13 02:08:01,iot-mosquitto,0.11%,19.54MiB / 2.767GiB,0.69%,84.1kB / 69.9kB,27.6MB / 1.36MB
2026-06-13 02:08:01,iot-kafka,3.44%,908.8MiB / 2.767GiB,32.08%,528MB / 15.7MB,105MB / 402MB
2026-06-13 02:08:08,iot-postgres,7.56%,26.03MiB / 2.767GiB,0.92%,141kB / 126B,132MB / 233kB
2026-06-13 02:08:08,iot-mosquitto,0.09%,19.55MiB / 2.767GiB,0.69%,84.1kB / 69.9kB,27.6MB / 1.36MB
2026-06-13 02:08:08,iot-kafka,3.23%,909.5MiB / 2.767GiB,32.10%,528MB / 15.7MB,105MB / 402MB
2026-06-13 02:08:14,iot-postgres,0.00%,25.62MiB / 2.767GiB,0.90%,141kB / 126B,132MB / 233kB
2026-06-13 02:08:14,iot-mosquitto,0.12%,19.55MiB / 2.767GiB,0.69%,84.1kB / 69.9kB,27.6MB / 1.36MB
2026-06-13 02:08:14,iot-kafka,5.29%,909.5MiB / 2.767GiB,32.10%,528MB / 15.7MB,105MB / 402MB
2026-06-13 02:08:20,iot-postgres,0.00%,25.65MiB / 2.767GiB,0.91%,141kB / 126B,132MB / 233kB
2026-06-13 02:08:20,iot-mosquitto,0.14%,19.55MiB / 2.767GiB,0.69%,84.1kB / 69.9kB,27.6MB / 1.36MB
2026-06-13 02:08:20,iot-kafka,3.95%,908.8MiB / 2.767GiB,32.08%,528MB / 15.7MB,105MB / 402MB
2026-06-13 02:08:27,iot-postgres,0.02%,25.61MiB / 2.767GiB,0.90%,141kB / 126B,132MB / 233kB
2026-06-13 02:08:27,iot-mosquitto,0.20%,19.79MiB / 2.767GiB,0.70%,84.1kB / 69.9kB,27.6MB / 1.36MB
2026-06-13 02:08:27,iot-kafka,2.49%,909.3MiB / 2.767GiB,32.10%,528MB / 15.7MB,105MB / 402MB
2026-06-13 02:08:33,iot-postgres,0.00%,25.62MiB / 2.767GiB,0.90%,141kB / 126B,132MB / 233kB
2026-06-13 02:08:33,iot-mosquitto,0.12%,19.54MiB / 2.767GiB,0.69%,84.1kB / 69.9kB,27.6MB / 1.36MB
2026-06-13 02:08:33,iot-kafka,2.23%,908.8MiB / 2.767GiB,32.08%,528MB / 15.7MB,105MB / 402MB
2026-06-13 02:08:39,iot-postgres,0.01%,25.61MiB / 2.767GiB,0.90%,141kB / 126B,132MB / 233kB
2026-06-13 02:08:39,iot-mosquitto,0.08%,19.79MiB / 2.767GiB,0.70%,84.1kB / 69.9kB,27.6MB / 1.36MB
2026-06-13 02:08:39,iot-kafka,1.89%,909.9MiB / 2.767GiB,32.11%,528MB / 15.7MB,105MB / 402MB
2026-06-13 02:08:46,iot-postgres,0.00%,25.61MiB / 2.767GiB,0.90%,141kB / 126B,132MB / 233kB
2026-06-13 02:08:46,iot-mosquitto,0.12%,19.55MiB / 2.767GiB,0.69%,84.1kB / 69.9kB,27.6MB / 1.36MB
2026-06-13 02:08:46,iot-kafka,2.32%,909.2MiB / 2.767GiB,32.09%,528MB / 15.7MB,105MB / 402MB
2026-06-13 02:08:52,iot-postgres,0.00%,25.62MiB / 2.767GiB,0.90%,141kB / 126B,132MB / 233kB
2026-06-13 02:08:52,iot-mosquitto,5.72%,20.06MiB / 2.767GiB,0.71%,84.1kB / 69.9kB,27.6MB / 1.36MB
2026-06-13 02:08:52,iot-kafka,2.93%,909MiB / 2.767GiB,32.08%,528MB / 15.7MB,105MB / 402MB
2026-06-13 02:08:58,iot-postgres,0.00%,25.61MiB / 2.767GiB,0.90%,141kB / 126B,132MB / 233kB
2026-06-13 02:08:58,iot-mosquitto,0.25%,19.54MiB / 2.767GiB,0.69%,84.1kB / 69.9kB,27.6MB / 1.37MB
2026-06-13 02:08:58,iot-kafka,2.96%,909.6MiB / 2.767GiB,32.10%,528MB / 15.7MB,105MB / 403MB
2026-06-13 02:09:05,iot-postgres,0.01%,25.61MiB / 2.767GiB,0.90%,141kB / 126B,132MB / 233kB
2026-06-13 02:09:05,iot-mosquitto,0.13%,19.54MiB / 2.767GiB,0.69%,84.1kB / 69.9kB,27.6MB / 1.37MB
2026-06-13 02:09:05,iot-kafka,1.71%,908.8MiB / 2.767GiB,32.08%,528MB / 15.7MB,105MB / 403MB
2026-06-13 02:09:11,iot-postgres,0.00%,25.62MiB / 2.767GiB,0.90%,141kB / 126B,132MB / 233kB
2026-06-13 02:09:11,iot-mosquitto,0.15%,19.55MiB / 2.767GiB,0.69%,84.1kB / 69.9kB,27.6MB / 1.37MB
2026-06-13 02:09:11,iot-kafka,2.34%,909.2MiB / 2.767GiB,32.09%,528MB / 15.7MB,105MB / 403MB
2026-06-13 02:09:18,iot-postgres,7.62%,25.99MiB / 2.767GiB,0.92%,141kB / 126B,132MB / 233kB
2026-06-13 02:09:18,iot-mosquitto,0.13%,19.54MiB / 2.767GiB,0.69%,84.1kB / 69.9kB,27.6MB / 1.37MB
2026-06-13 02:09:18,iot-kafka,2.03%,909.1MiB / 2.767GiB,32.09%,528MB / 15.7MB,105MB / 403MB
2026-06-13 02:09:24,iot-postgres,0.01%,25.61MiB / 2.767GiB,0.90%,141kB / 126B,132MB / 233kB
2026-06-13 02:09:24,iot-mosquitto,0.13%,19.55MiB / 2.767GiB,0.69%,84.1kB / 69.9kB,27.6MB / 1.37MB
2026-06-13 02:09:24,iot-kafka,3.91%,909MiB / 2.767GiB,32.08%,528MB / 15.7MB,105MB / 403MB
2026-06-13 02:09:30,iot-postgres,0.00%,25.62MiB / 2.767GiB,0.90%,141kB / 126B,132MB / 233kB
2026-06-13 02:09:30,iot-mosquitto,0.11%,19.54MiB / 2.767GiB,0.69%,84.1kB / 69.9kB,27.6MB / 1.38MB
2026-06-13 02:09:30,iot-kafka,2.02%,909MiB / 2.767GiB,32.09%,528MB / 15.7MB,105MB / 403MB
2026-06-13 02:09:37,iot-postgres,0.00%,25.62MiB / 2.767GiB,0.90%,141kB / 126B,132MB / 233kB
2026-06-13 02:09:37,iot-mosquitto,7.54%,21.1MiB / 2.767GiB,0.74%,84.1kB / 69.9kB,27.6MB / 1.38MB
2026-06-13 02:09:37,iot-kafka,8.84%,909.6MiB / 2.767GiB,32.11%,528MB / 15.7MB,105MB / 403MB
2026-06-13 02:09:43,iot-postgres,0.00%,25.62MiB / 2.767GiB,0.90%,141kB / 126B,132MB / 233kB
2026-06-13 02:09:43,iot-mosquitto,0.15%,19.55MiB / 2.767GiB,0.69%,84.1kB / 69.9kB,27.6MB / 1.38MB
2026-06-13 02:09:43,iot-kafka,2.06%,909.3MiB / 2.767GiB,32.09%,528MB / 15.7MB,105MB / 403MB
2026-06-13 02:09:49,iot-postgres,0.01%,25.68MiB / 2.767GiB,0.91%,141kB / 126B,132MB / 233kB
2026-06-13 02:09:49,iot-mosquitto,0.10%,19.55MiB / 2.767GiB,0.69%,84.1kB / 69.9kB,27.6MB / 1.38MB
2026-06-13 02:09:49,iot-kafka,2.08%,909MiB / 2.767GiB,32.08%,528MB / 15.7MB,105MB / 403MB
2026-06-13 02:09:56,iot-postgres,0.00%,25.62MiB / 2.767GiB,0.90%,141kB / 126B,132MB / 233kB
2026-06-13 02:09:56,iot-mosquitto,0.13%,19.62MiB / 2.767GiB,0.69%,84.1kB / 69.9kB,27.6MB / 1.38MB
2026-06-13 02:09:56,iot-kafka,2.57%,909MiB / 2.767GiB,32.08%,528MB / 15.7MB,105MB / 403MB
2026-06-13 02:10:02,iot-postgres,0.00%,25.62MiB / 2.767GiB,0.90%,141kB / 126B,132MB / 233kB
2026-06-13 02:10:02,iot-mosquitto,0.13%,19.54MiB / 2.767GiB,0.69%,84.1kB / 69.9kB,27.6MB / 1.39MB
2026-06-13 02:10:02,iot-kafka,2.79%,909MiB / 2.767GiB,32.08%,528MB / 15.7MB,105MB / 404MB
2026-06-13 02:10:09,iot-postgres,9.18%,25.93MiB / 2.767GiB,0.92%,141kB / 126B,132MB / 233kB
2026-06-13 02:10:09,iot-mosquitto,0.14%,20.04MiB / 2.767GiB,0.71%,84.1kB / 69.9kB,27.6MB / 1.39MB
2026-06-13 02:10:09,iot-kafka,3.99%,909.2MiB / 2.767GiB,32.09%,528MB / 15.7MB,105MB / 404MB
2026-06-13 02:10:15,iot-postgres,0.01%,25.61MiB / 2.767GiB,0.90%,141kB / 126B,132MB / 233kB
2026-06-13 02:10:15,iot-mosquitto,0.18%,19.55MiB / 2.767GiB,0.69%,84.1kB / 69.9kB,27.6MB / 1.39MB
2026-06-13 02:10:15,iot-kafka,2.17%,908.8MiB / 2.767GiB,32.08%,528MB / 15.7MB,105MB / 404MB
2026-06-13 02:10:21,iot-postgres,0.00%,25.61MiB / 2.767GiB,0.90%,141kB / 126B,132MB / 233kB
2026-06-13 02:10:21,iot-mosquitto,0.10%,19.55MiB / 2.767GiB,0.69%,84.1kB / 69.9kB,27.6MB / 1.39MB
2026-06-13 02:10:21,iot-kafka,3.66%,908.8MiB / 2.767GiB,32.08%,528MB / 15.7MB,105MB / 404MB
2026-06-13 02:10:28,iot-postgres,0.00%,25.61MiB / 2.767GiB,0.90%,141kB / 126B,132MB / 233kB
2026-06-13 02:10:28,iot-mosquitto,0.18%,19.54MiB / 2.767GiB,0.69%,84.1kB / 69.9kB,27.6MB / 1.39MB
2026-06-13 02:10:28,iot-kafka,7.90%,909MiB / 2.767GiB,32.08%,528MB / 15.7MB,105MB / 404MB
2026-06-13 02:10:34,iot-postgres,0.00%,25.62MiB / 2.767GiB,0.90%,141kB / 126B,132MB / 233kB
2026-06-13 02:10:34,iot-mosquitto,0.12%,19.54MiB / 2.767GiB,0.69%,84.1kB / 69.9kB,27.6MB / 1.39MB
2026-06-13 02:10:34,iot-kafka,2.22%,909.3MiB / 2.767GiB,32.09%,528MB / 15.7MB,105MB / 404MB
2026-06-13 02:10:40,iot-postgres,0.00%,25.62MiB / 2.767GiB,0.90%,141kB / 126B,132MB / 233kB
2026-06-13 02:10:40,iot-mosquitto,0.13%,19.54MiB / 2.767GiB,0.69%,84.1kB / 69.9kB,27.6MB / 1.39MB
2026-06-13 02:10:40,iot-kafka,2.64%,909MiB / 2.767GiB,32.08%,528MB / 15.7MB,105MB / 404MB
2026-06-13 02:10:47,iot-postgres,0.00%,25.62MiB / 2.767GiB,0.90%,141kB / 126B,132MB / 233kB
2026-06-13 02:10:47,iot-mosquitto,0.09%,19.54MiB / 2.767GiB,0.69%,84.1kB / 69.9kB,27.6MB / 1.4MB
2026-06-13 02:10:47,iot-kafka,2.17%,909MiB / 2.767GiB,32.08%,528MB / 15.7MB,105MB / 404MB
2026-06-13 02:10:53,iot-postgres,0.00%,25.61MiB / 2.767GiB,0.90%,141kB / 126B,132MB / 233kB
2026-06-13 02:10:53,iot-mosquitto,6.44%,20.2MiB / 2.767GiB,0.71%,84.1kB / 69.9kB,27.6MB / 1.4MB
2026-06-13 02:10:53,iot-kafka,2.17%,909MiB / 2.767GiB,32.08%,528MB / 15.7MB,105MB / 404MB
2026-06-13 02:10:59,iot-postgres,8.16%,25.84MiB / 2.767GiB,0.91%,141kB / 126B,132MB / 233kB
2026-06-13 02:10:59,iot-mosquitto,0.13%,19.55MiB / 2.767GiB,0.69%,84.1kB / 69.9kB,27.6MB / 1.4MB
2026-06-13 02:10:59,iot-kafka,2.18%,909.1MiB / 2.767GiB,32.09%,528MB / 15.7MB,105MB / 404MB
2026-06-13 02:11:06,iot-postgres,0.00%,25.62MiB / 2.767GiB,0.90%,141kB / 126B,132MB / 233kB
2026-06-13 02:11:06,iot-mosquitto,0.11%,19.54MiB / 2.767GiB,0.69%,84.1kB / 69.9kB,27.6MB / 1.4MB
2026-06-13 02:11:06,iot-kafka,1.89%,908.8MiB / 2.767GiB,32.08%,528MB / 15.7MB,105MB / 404MB
2026-06-13 02:11:12,iot-postgres,0.00%,25.61MiB / 2.767GiB,0.90%,141kB / 126B,132MB / 233kB
2026-06-13 02:11:12,iot-mosquitto,0.12%,19.55MiB / 2.767GiB,0.69%,84.1kB / 69.9kB,27.6MB / 1.4MB
2026-06-13 02:11:12,iot-kafka,4.24%,909.3MiB / 2.767GiB,32.10%,528MB / 15.7MB,105MB / 404MB
2026-06-13 02:11:19,iot-postgres,0.00%,25.61MiB / 2.767GiB,0.90%,141kB / 126B,132MB / 233kB
2026-06-13 02:11:19,iot-mosquitto,0.12%,19.55MiB / 2.767GiB,0.69%,84.1kB / 69.9kB,27.6MB / 1.4MB
2026-06-13 02:11:19,iot-kafka,7.84%,909MiB / 2.767GiB,32.08%,528MB / 15.7MB,105MB / 405MB
2026-06-13 02:11:25,iot-postgres,0.01%,25.62MiB / 2.767GiB,0.90%,141kB / 126B,132MB / 233kB
2026-06-13 02:11:25,iot-mosquitto,0.12%,19.77MiB / 2.767GiB,0.70%,84.1kB / 69.9kB,27.6MB / 1.4MB
2026-06-13 02:11:25,iot-kafka,2.65%,909MiB / 2.767GiB,32.08%,528MB / 15.7MB,105MB / 405MB
2026-06-13 02:11:31,iot-postgres,0.00%,25.62MiB / 2.767GiB,0.90%,141kB / 126B,132MB / 233kB
2026-06-13 02:11:31,iot-mosquitto,0.11%,19.55MiB / 2.767GiB,0.69%,84.1kB / 69.9kB,27.6MB / 1.4MB
2026-06-13 02:11:31,iot-kafka,2.49%,909MiB / 2.767GiB,32.09%,528MB / 15.7MB,105MB / 405MB
2026-06-13 02:11:38,iot-postgres,0.00%,25.62MiB / 2.767GiB,0.90%,141kB / 126B,132MB / 233kB
2026-06-13 02:11:38,iot-mosquitto,0.12%,19.54MiB / 2.767GiB,0.69%,84.1kB / 69.9kB,27.6MB / 1.41MB
2026-06-13 02:11:38,iot-kafka,2.58%,909MiB / 2.767GiB,32.08%,528MB / 15.7MB,105MB / 405MB
2026-06-13 02:11:44,iot-postgres,0.00%,25.61MiB / 2.767GiB,0.90%,141kB / 126B,132MB / 233kB
2026-06-13 02:11:44,iot-mosquitto,0.12%,19.55MiB / 2.767GiB,0.69%,84.1kB / 69.9kB,27.6MB / 1.41MB
2026-06-13 02:11:44,iot-kafka,2.29%,909.5MiB / 2.767GiB,32.10%,528MB / 15.7MB,105MB / 405MB
2026-06-13 02:11:50,iot-postgres,7.49%,25.99MiB / 2.767GiB,0.92%,141kB / 126B,132MB / 233kB
2026-06-13 02:11:50,iot-mosquitto,0.11%,19.55MiB / 2.767GiB,0.69%,84.1kB / 69.9kB,27.6MB / 1.41MB
2026-06-13 02:11:50,iot-kafka,1.74%,909.1MiB / 2.767GiB,32.09%,528MB / 15.7MB,105MB / 405MB
2026-06-13 02:11:57,iot-postgres,0.00%,25.62MiB / 2.767GiB,0.90%,141kB / 126B,132MB / 233kB
2026-06-13 02:11:57,iot-mosquitto,0.13%,19.54MiB / 2.767GiB,0.69%,84.1kB / 69.9kB,27.6MB / 1.41MB
2026-06-13 02:11:57,iot-kafka,5.17%,909MiB / 2.767GiB,32.08%,528MB / 15.7MB,105MB / 405MB
2026-06-13 02:12:03,iot-postgres,0.00%,25.62MiB / 2.767GiB,0.90%,141kB / 126B,132MB / 233kB
2026-06-13 02:12:03,iot-mosquitto,0.16%,19.54MiB / 2.767GiB,0.69%,84.1kB / 69.9kB,27.6MB / 1.41MB
2026-06-13 02:12:03,iot-kafka,2.53%,909.1MiB / 2.767GiB,32.09%,528MB / 15.7MB,105MB / 405MB
2026-06-13 02:12:09,iot-postgres,0.01%,25.62MiB / 2.767GiB,0.90%,141kB / 126B,132MB / 233kB
2026-06-13 02:12:09,iot-mosquitto,6.03%,19.77MiB / 2.767GiB,0.70%,84.1kB / 69.9kB,27.6MB / 1.41MB
2026-06-13 02:12:09,iot-kafka,3.67%,909.7MiB / 2.767GiB,32.11%,528MB / 15.7MB,105MB / 405MB
2026-06-13 02:12:16,iot-postgres,0.00%,25.61MiB / 2.767GiB,0.90%,141kB / 126B,132MB / 233kB
2026-06-13 02:12:16,iot-mosquitto,0.13%,19.55MiB / 2.767GiB,0.69%,84.1kB / 69.9kB,27.6MB / 1.42MB
2026-06-13 02:12:16,iot-kafka,2.23%,908.8MiB / 2.767GiB,32.08%,528MB / 15.7MB,105MB / 406MB
2026-06-13 02:12:22,iot-postgres,0.00%,25.92MiB / 2.767GiB,0.91%,141kB / 126B,132MB / 233kB
2026-06-13 02:12:22,iot-mosquitto,0.13%,19.55MiB / 2.767GiB,0.69%,84.1kB / 69.9kB,27.6MB / 1.42MB
2026-06-13 02:12:22,iot-kafka,3.13%,910.8MiB / 2.767GiB,32.15%,528MB / 15.7MB,105MB / 406MB
2026-06-13 02:12:29,iot-postgres,0.00%,25.62MiB / 2.767GiB,0.90%,141kB / 126B,132MB / 233kB
2026-06-13 02:12:29,iot-mosquitto,0.12%,19.54MiB / 2.767GiB,0.69%,84.1kB / 69.9kB,27.6MB / 1.42MB
2026-06-13 02:12:29,iot-kafka,8.45%,910MiB / 2.767GiB,32.12%,528MB / 15.7MB,105MB / 406MB
2026-06-13 02:12:35,iot-postgres,0.01%,25.62MiB / 2.767GiB,0.90%,141kB / 126B,132MB / 233kB
2026-06-13 02:12:35,iot-mosquitto,0.25%,19.79MiB / 2.767GiB,0.70%,84.1kB / 69.9kB,27.6MB / 1.42MB
2026-06-13 02:12:35,iot-kafka,2.49%,909.2MiB / 2.767GiB,32.09%,528MB / 15.7MB,105MB / 406MB
2026-06-13 02:12:41,iot-postgres,0.02%,25.62MiB / 2.767GiB,0.90%,141kB / 126B,132MB / 233kB
2026-06-13 02:12:41,iot-mosquitto,0.13%,19.61MiB / 2.767GiB,0.69%,84.1kB / 69.9kB,27.6MB / 1.42MB
2026-06-13 02:12:41,iot-kafka,3.77%,909.4MiB / 2.767GiB,32.10%,528MB / 15.7MB,105MB / 406MB
2026-06-13 02:12:48,iot-postgres,0.00%,25.62MiB / 2.767GiB,0.90%,141kB / 126B,132MB / 233kB
2026-06-13 02:12:48,iot-mosquitto,0.15%,19.56MiB / 2.767GiB,0.69%,84.1kB / 69.9kB,27.6MB / 1.42MB
2026-06-13 02:12:48,iot-kafka,1.96%,908.8MiB / 2.767GiB,32.08%,528MB / 15.7MB,105MB / 406MB
2026-06-13 02:12:54,iot-postgres,0.00%,25.62MiB / 2.767GiB,0.90%,141kB / 126B,132MB / 233kB
2026-06-13 02:12:54,iot-mosquitto,5.57%,21.12MiB / 2.767GiB,0.75%,84.1kB / 69.9kB,27.6MB / 1.42MB
2026-06-13 02:12:54,iot-kafka,2.55%,909.3MiB / 2.767GiB,32.09%,528MB / 15.7MB,105MB / 406MB
2026-06-13 02:13:00,iot-postgres,0.00%,25.62MiB / 2.767GiB,0.90%,141kB / 126B,132MB / 233kB
2026-06-13 02:13:00,iot-mosquitto,0.12%,19.55MiB / 2.767GiB,0.69%,84.1kB / 69.9kB,27.6MB / 1.42MB
2026-06-13 02:13:00,iot-kafka,2.16%,909.1MiB / 2.767GiB,32.09%,528MB / 15.7MB,105MB / 406MB
2026-06-13 02:13:07,iot-postgres,0.00%,25.61MiB / 2.767GiB,0.90%,141kB / 126B,132MB / 233kB
2026-06-13 02:13:07,iot-mosquitto,0.11%,19.54MiB / 2.767GiB,0.69%,84.1kB / 69.9kB,27.6MB / 1.43MB
2026-06-13 02:13:07,iot-kafka,2.68%,908.8MiB / 2.767GiB,32.08%,528MB / 15.7MB,105MB / 406MB
2026-06-13 02:13:13,iot-postgres,0.00%,25.62MiB / 2.767GiB,0.90%,141kB / 126B,132MB / 233kB
2026-06-13 02:13:13,iot-mosquitto,0.10%,19.54MiB / 2.767GiB,0.69%,84.1kB / 69.9kB,27.6MB / 1.43MB
2026-06-13 02:13:13,iot-kafka,2.49%,909.3MiB / 2.767GiB,32.09%,528MB / 15.7MB,105MB / 406MB
2026-06-13 02:13:20,iot-postgres,0.01%,25.62MiB / 2.767GiB,0.90%,141kB / 126B,132MB / 233kB
2026-06-13 02:13:20,iot-mosquitto,0.09%,19.54MiB / 2.767GiB,0.69%,84.1kB / 69.9kB,27.6MB / 1.43MB
2026-06-13 02:13:20,iot-kafka,7.63%,909.2MiB / 2.767GiB,32.09%,528MB / 15.7MB,105MB / 406MB
2026-06-13 02:13:26,iot-postgres,0.00%,25.62MiB / 2.767GiB,0.90%,141kB / 126B,132MB / 233kB
2026-06-13 02:13:26,iot-mosquitto,0.11%,19.78MiB / 2.767GiB,0.70%,84.1kB / 69.9kB,27.6MB / 1.43MB
2026-06-13 02:13:26,iot-kafka,2.29%,909.3MiB / 2.767GiB,32.09%,528MB / 15.7MB,105MB / 407MB
2026-06-13 02:13:32,iot-postgres,0.01%,25.67MiB / 2.767GiB,0.91%,141kB / 126B,132MB / 233kB
2026-06-13 02:13:32,iot-mosquitto,0.13%,19.55MiB / 2.767GiB,0.69%,84.1kB / 69.9kB,27.6MB / 1.43MB
2026-06-13 02:13:32,iot-kafka,3.93%,909.5MiB / 2.767GiB,32.10%,528MB / 15.7MB,105MB / 407MB
2026-06-13 02:13:39,iot-postgres,1.51%,25.69MiB / 2.767GiB,0.91%,141kB / 126B,132MB / 233kB
2026-06-13 02:13:39,iot-mosquitto,0.11%,19.54MiB / 2.767GiB,0.69%,84.1kB / 69.9kB,27.6MB / 1.44MB
2026-06-13 02:13:39,iot-kafka,2.71%,909.3MiB / 2.767GiB,32.09%,528MB / 15.7MB,105MB / 407MB
2026-06-13 02:13:45,iot-postgres,0.01%,25.61MiB / 2.767GiB,0.90%,141kB / 126B,132MB / 233kB
2026-06-13 02:13:45,iot-mosquitto,0.12%,19.54MiB / 2.767GiB,0.69%,84.1kB / 69.9kB,27.6MB / 1.44MB
2026-06-13 02:13:45,iot-kafka,2.32%,909.3MiB / 2.767GiB,32.09%,528MB / 15.7MB,105MB / 407MB
2026-06-13 02:13:51,iot-postgres,7.19%,25.89MiB / 2.767GiB,0.91%,141kB / 126B,132MB / 233kB
2026-06-13 02:13:51,iot-mosquitto,0.09%,19.54MiB / 2.767GiB,0.69%,84.1kB / 69.9kB,27.6MB / 1.44MB
2026-06-13 02:13:51,iot-kafka,3.75%,908.9MiB / 2.767GiB,32.08%,528MB / 15.7MB,105MB / 407MB
2026-06-13 02:13:58,iot-postgres,0.00%,25.62MiB / 2.767GiB,0.90%,141kB / 126B,132MB / 233kB
2026-06-13 02:13:58,iot-mosquitto,0.10%,19.73MiB / 2.767GiB,0.70%,84.1kB / 69.9kB,27.6MB / 1.44MB
2026-06-13 02:13:58,iot-kafka,2.12%,908.8MiB / 2.767GiB,32.08%,528MB / 15.7MB,105MB / 407MB
2026-06-13 02:14:04,iot-postgres,0.00%,25.62MiB / 2.767GiB,0.90%,141kB / 126B,132MB / 233kB
2026-06-13 02:14:04,iot-mosquitto,0.14%,19.55MiB / 2.767GiB,0.69%,84.1kB / 69.9kB,27.6MB / 1.44MB
2026-06-13 02:14:04,iot-kafka,2.31%,909.2MiB / 2.767GiB,32.09%,528MB / 15.7MB,105MB / 407MB
2026-06-13 02:14:10,iot-postgres,0.00%,25.62MiB / 2.767GiB,0.90%,141kB / 126B,132MB / 233kB
2026-06-13 02:14:10,iot-mosquitto,5.50%,19.76MiB / 2.767GiB,0.70%,84.1kB / 69.9kB,27.6MB / 1.45MB
2026-06-13 02:14:10,iot-kafka,7.41%,909.3MiB / 2.767GiB,32.09%,528MB / 15.7MB,105MB / 407MB
2026-06-13 02:14:17,iot-postgres,0.00%,25.62MiB / 2.767GiB,0.90%,141kB / 126B,132MB / 233kB
2026-06-13 02:14:17,iot-mosquitto,0.13%,19.55MiB / 2.767GiB,0.69%,84.1kB / 69.9kB,27.6MB / 1.45MB
2026-06-13 02:14:17,iot-kafka,2.85%,909.5MiB / 2.767GiB,32.10%,528MB / 15.7MB,105MB / 407MB
2026-06-13 02:14:23,iot-postgres,0.01%,25.78MiB / 2.767GiB,0.91%,141kB / 126B,132MB / 233kB
2026-06-13 02:14:23,iot-mosquitto,0.13%,19.55MiB / 2.767GiB,0.69%,84.1kB / 69.9kB,27.6MB / 1.45MB
2026-06-13 02:14:23,iot-kafka,3.84%,908.8MiB / 2.767GiB,32.08%,528MB / 15.7MB,105MB / 407MB
2026-06-13 02:14:29,iot-postgres,0.01%,25.61MiB / 2.767GiB,0.90%,141kB / 126B,132MB / 233kB
2026-06-13 02:14:29,iot-mosquitto,0.10%,19.82MiB / 2.767GiB,0.70%,84.1kB / 69.9kB,27.6MB / 1.45MB
2026-06-13 02:14:29,iot-kafka,2.24%,909MiB / 2.767GiB,32.09%,528MB / 15.7MB,105MB / 408MB
2026-06-13 02:14:36,iot-postgres,0.00%,25.62MiB / 2.767GiB,0.90%,141kB / 126B,132MB / 233kB
2026-06-13 02:14:36,iot-mosquitto,0.13%,19.55MiB / 2.767GiB,0.69%,84.1kB / 69.9kB,27.6MB / 1.45MB
2026-06-13 02:14:36,iot-kafka,2.29%,908.8MiB / 2.767GiB,32.08%,528MB / 15.7MB,105MB / 408MB
2026-06-13 02:14:42,iot-postgres,8.52%,25.62MiB / 2.767GiB,0.90%,141kB / 126B,132MB / 233kB
2026-06-13 02:14:42,iot-mosquitto,0.13%,19.54MiB / 2.767GiB,0.69%,84.1kB / 69.9kB,27.6MB / 1.45MB
2026-06-13 02:14:42,iot-kafka,2.57%,908.9MiB / 2.767GiB,32.08%,528MB / 15.7MB,105MB / 408MB
2026-06-13 02:14:49,iot-postgres,0.00%,25.62MiB / 2.767GiB,0.90%,141kB / 126B,132MB / 233kB
2026-06-13 02:14:49,iot-mosquitto,0.11%,19.54MiB / 2.767GiB,0.69%,84.1kB / 69.9kB,27.6MB / 1.45MB
2026-06-13 02:14:49,iot-kafka,2.87%,909.3MiB / 2.767GiB,32.09%,528MB / 15.7MB,105MB / 408MB
2026-06-13 02:14:55,iot-postgres,0.00%,25.63MiB / 2.767GiB,0.90%,141kB / 126B,132MB / 233kB
2026-06-13 02:14:55,iot-mosquitto,0.11%,19.54MiB / 2.767GiB,0.69%,84.1kB / 69.9kB,27.6MB / 1.45MB
2026-06-13 02:14:55,iot-kafka,3.72%,909.3MiB / 2.767GiB,32.09%,528MB / 15.7MB,105MB / 408MB
2026-06-13 02:15:01,iot-postgres,0.00%,25.63MiB / 2.767GiB,0.90%,141kB / 126B,132MB / 233kB
2026-06-13 02:15:01,iot-mosquitto,0.18%,19.54MiB / 2.767GiB,0.69%,84.1kB / 69.9kB,27.6MB / 1.45MB
2026-06-13 02:15:01,iot-kafka,8.08%,908.9MiB / 2.767GiB,32.08%,528MB / 15.7MB,105MB / 408MB
2026-06-13 02:15:08,iot-postgres,0.00%,25.62MiB / 2.767GiB,0.90%,141kB / 126B,132MB / 233kB
2026-06-13 02:15:08,iot-mosquitto,0.12%,19.54MiB / 2.767GiB,0.69%,84.1kB / 69.9kB,27.6MB / 1.45MB
2026-06-13 02:15:08,iot-kafka,5.78%,909.6MiB / 2.767GiB,32.11%,528MB / 15.7MB,105MB / 408MB
2026-06-13 02:15:14,iot-postgres,0.00%,25.62MiB / 2.767GiB,0.90%,141kB / 126B,132MB / 233kB
2026-06-13 02:15:14,iot-mosquitto,0.13%,19.57MiB / 2.767GiB,0.69%,84.1kB / 69.9kB,27.6MB / 1.46MB
2026-06-13 02:15:14,iot-kafka,2.34%,909.4MiB / 2.767GiB,32.10%,528MB / 15.7MB,105MB / 408MB
2026-06-13 02:15:20,iot-postgres,0.00%,25.62MiB / 2.767GiB,0.90%,141kB / 126B,132MB / 233kB
2026-06-13 02:15:20,iot-mosquitto,0.11%,19.54MiB / 2.767GiB,0.69%,84.1kB / 69.9kB,27.6MB / 1.46MB
2026-06-13 02:15:20,iot-kafka,2.48%,908.8MiB / 2.767GiB,32.08%,528MB / 15.7MB,105MB / 408MB
2026-06-13 02:15:27,iot-postgres,0.00%,25.62MiB / 2.767GiB,0.90%,141kB / 126B,132MB / 233kB
2026-06-13 02:15:27,iot-mosquitto,0.14%,20.26MiB / 2.767GiB,0.72%,84.1kB / 69.9kB,27.6MB / 1.46MB
2026-06-13 02:15:27,iot-kafka,2.56%,909.6MiB / 2.767GiB,32.10%,528MB / 15.7MB,105MB / 408MB
2026-06-13 02:15:33,iot-postgres,7.64%,25.86MiB / 2.767GiB,0.91%,141kB / 126B,132MB / 233kB
2026-06-13 02:15:33,iot-mosquitto,0.11%,19.55MiB / 2.767GiB,0.69%,84.1kB / 69.9kB,27.6MB / 1.46MB
2026-06-13 02:15:33,iot-kafka,2.37%,908.9MiB / 2.767GiB,32.08%,528MB / 15.7MB,105MB / 409MB
2026-06-13 02:15:39,iot-postgres,0.01%,25.62MiB / 2.767GiB,0.90%,141kB / 126B,132MB / 233kB
2026-06-13 02:15:39,iot-mosquitto,0.10%,19.55MiB / 2.767GiB,0.69%,84.1kB / 69.9kB,27.6MB / 1.46MB
2026-06-13 02:15:39,iot-kafka,1.97%,909.1MiB / 2.767GiB,32.09%,528MB / 15.7MB,105MB / 409MB
2026-06-13 02:15:46,iot-postgres,0.01%,25.66MiB / 2.767GiB,0.91%,141kB / 126B,132MB / 233kB
2026-06-13 02:15:46,iot-mosquitto,0.12%,19.54MiB / 2.767GiB,0.69%,84.1kB / 69.9kB,27.6MB / 1.47MB
2026-06-13 02:15:46,iot-kafka,2.36%,909.4MiB / 2.767GiB,32.10%,528MB / 15.7MB,105MB / 409MB
2026-06-13 02:15:52,iot-postgres,0.00%,25.66MiB / 2.767GiB,0.91%,141kB / 126B,132MB / 233kB
2026-06-13 02:15:52,iot-mosquitto,0.12%,19.54MiB / 2.767GiB,0.69%,84.1kB / 69.9kB,27.6MB / 1.47MB
2026-06-13 02:15:52,iot-kafka,2.19%,909.1MiB / 2.767GiB,32.09%,528MB / 15.7MB,105MB / 409MB
2026-06-13 02:15:59,iot-postgres,0.00%,25.62MiB / 2.767GiB,0.90%,141kB / 126B,132MB / 233kB
2026-06-13 02:15:59,iot-mosquitto,0.12%,19.79MiB / 2.767GiB,0.70%,84.1kB / 69.9kB,27.6MB / 1.47MB
2026-06-13 02:15:59,iot-kafka,2.30%,909.6MiB / 2.767GiB,32.10%,528MB / 15.7MB,105MB / 409MB
2026-06-13 02:16:05,iot-postgres,0.01%,25.65MiB / 2.767GiB,0.91%,141kB / 126B,132MB / 233kB
2026-06-13 02:16:05,iot-mosquitto,0.11%,19.55MiB / 2.767GiB,0.69%,84.1kB / 69.9kB,27.6MB / 1.47MB
2026-06-13 02:16:05,iot-kafka,2.60%,909.5MiB / 2.767GiB,32.10%,528MB / 15.7MB,105MB / 409MB
2026-06-13 02:16:11,iot-postgres,0.00%,25.63MiB / 2.767GiB,0.90%,141kB / 126B,132MB / 233kB
2026-06-13 02:16:11,iot-mosquitto,5.17%,20.91MiB / 2.767GiB,0.74%,84.1kB / 69.9kB,27.6MB / 1.47MB
2026-06-13 02:16:11,iot-kafka,2.50%,908.8MiB / 2.767GiB,32.08%,528MB / 15.7MB,105MB / 409MB
2026-06-13 02:16:18,iot-postgres,0.00%,25.66MiB / 2.767GiB,0.91%,141kB / 126B,132MB / 233kB
2026-06-13 02:16:18,iot-mosquitto,0.12%,19.54MiB / 2.767GiB,0.69%,84.1kB / 69.9kB,27.6MB / 1.48MB
2026-06-13 02:16:18,iot-kafka,1.99%,909.1MiB / 2.767GiB,32.09%,528MB / 15.7MB,105MB / 409MB
2026-06-13 02:16:24,iot-postgres,8.26%,25.77MiB / 2.767GiB,0.91%,141kB / 126B,132MB / 233kB
2026-06-13 02:16:24,iot-mosquitto,0.14%,19.54MiB / 2.767GiB,0.69%,84.1kB / 69.9kB,27.6MB / 1.48MB
2026-06-13 02:16:24,iot-kafka,2.52%,909.1MiB / 2.767GiB,32.09%,528MB / 15.7MB,105MB / 409MB
2026-06-13 02:16:30,iot-postgres,0.01%,25.62MiB / 2.767GiB,0.90%,141kB / 126B,132MB / 233kB
2026-06-13 02:16:30,iot-mosquitto,0.13%,19.55MiB / 2.767GiB,0.69%,84.1kB / 69.9kB,27.6MB / 1.48MB
2026-06-13 02:16:30,iot-kafka,2.10%,908.8MiB / 2.767GiB,32.08%,528MB / 15.7MB,105MB / 409MB
2026-06-13 02:16:37,iot-postgres,0.03%,25.62MiB / 2.767GiB,0.90%,141kB / 126B,132MB / 233kB
2026-06-13 02:16:37,iot-mosquitto,0.12%,19.55MiB / 2.767GiB,0.69%,84.1kB / 69.9kB,27.6MB / 1.48MB
2026-06-13 02:16:37,iot-kafka,2.27%,909.1MiB / 2.767GiB,32.09%,528MB / 15.7MB,105MB / 409MB
2026-06-13 02:16:43,iot-postgres,0.00%,25.7MiB / 2.767GiB,0.91%,141kB / 126B,132MB / 233kB
2026-06-13 02:16:43,iot-mosquitto,0.20%,20.07MiB / 2.767GiB,0.71%,84.1kB / 69.9kB,27.6MB / 1.48MB
2026-06-13 02:16:43,iot-kafka,2.18%,909.2MiB / 2.767GiB,32.09%,528MB / 15.7MB,105MB / 410MB
2026-06-13 02:16:49,iot-postgres,0.01%,25.62MiB / 2.767GiB,0.90%,141kB / 126B,132MB / 233kB
2026-06-13 02:16:49,iot-mosquitto,0.12%,19.55MiB / 2.767GiB,0.69%,84.1kB / 69.9kB,27.6MB / 1.49MB
2026-06-13 02:16:49,iot-kafka,1.99%,909.1MiB / 2.767GiB,32.09%,528MB / 15.7MB,105MB / 410MB
2026-06-13 02:16:56,iot-postgres,0.00%,25.63MiB / 2.767GiB,0.90%,141kB / 126B,132MB / 233kB
2026-06-13 02:16:56,iot-mosquitto,0.11%,19.55MiB / 2.767GiB,0.69%,84.1kB / 69.9kB,27.6MB / 1.49MB
2026-06-13 02:16:56,iot-kafka,1.68%,908.8MiB / 2.767GiB,32.08%,528MB / 15.7MB,105MB / 410MB
2026-06-13 02:17:02,iot-postgres,0.00%,25.62MiB / 2.767GiB,0.90%,141kB / 126B,132MB / 233kB
2026-06-13 02:17:02,iot-mosquitto,0.12%,19.55MiB / 2.767GiB,0.69%,84.1kB / 69.9kB,27.6MB / 1.49MB
2026-06-13 02:17:02,iot-kafka,7.41%,909.6MiB / 2.767GiB,32.11%,528MB / 15.7MB,105MB / 410MB
2026-06-13 02:17:08,iot-postgres,0.00%,25.62MiB / 2.767GiB,0.90%,141kB / 126B,132MB / 233kB
2026-06-13 02:17:08,iot-mosquitto,0.14%,19.55MiB / 2.767GiB,0.69%,84.1kB / 69.9kB,27.6MB / 1.49MB
2026-06-13 02:17:08,iot-kafka,4.52%,909.3MiB / 2.767GiB,32.10%,528MB / 15.7MB,105MB / 410MB
2026-06-13 02:17:15,iot-postgres,7.30%,25.65MiB / 2.767GiB,0.91%,141kB / 126B,132MB / 233kB
2026-06-13 02:17:15,iot-mosquitto,0.12%,19.55MiB / 2.767GiB,0.69%,84.1kB / 69.9kB,27.6MB / 1.49MB
2026-06-13 02:17:15,iot-kafka,2.12%,909.4MiB / 2.767GiB,32.10%,528MB / 15.7MB,105MB / 410MB
2026-06-13 02:17:21,iot-postgres,0.00%,25.62MiB / 2.767GiB,0.90%,141kB / 126B,132MB / 233kB
2026-06-13 02:17:21,iot-mosquitto,0.13%,19.54MiB / 2.767GiB,0.69%,84.1kB / 69.9kB,27.6MB / 1.49MB
2026-06-13 02:17:21,iot-kafka,2.84%,909.1MiB / 2.767GiB,32.09%,528MB / 15.7MB,105MB / 410MB
2026-06-13 02:17:28,iot-postgres,0.01%,25.62MiB / 2.767GiB,0.90%,141kB / 126B,132MB / 233kB
2026-06-13 02:17:28,iot-mosquitto,5.71%,20.12MiB / 2.767GiB,0.71%,84.1kB / 69.9kB,27.6MB / 1.49MB
2026-06-13 02:17:28,iot-kafka,4.24%,909.1MiB / 2.767GiB,32.09%,528MB / 15.7MB,105MB / 410MB
2026-06-13 02:17:34,iot-postgres,0.00%,25.62MiB / 2.767GiB,0.90%,141kB / 126B,132MB / 233kB
2026-06-13 02:17:34,iot-mosquitto,0.14%,19.55MiB / 2.767GiB,0.69%,84.1kB / 69.9kB,27.6MB / 1.5MB
2026-06-13 02:17:34,iot-kafka,4.35%,909.6MiB / 2.767GiB,32.10%,528MB / 15.7MB,105MB / 410MB
2026-06-13 02:17:40,iot-postgres,0.01%,25.62MiB / 2.767GiB,0.90%,141kB / 126B,132MB / 233kB
2026-06-13 02:17:40,iot-mosquitto,0.12%,19.55MiB / 2.767GiB,0.69%,84.1kB / 69.9kB,27.6MB / 1.5MB
2026-06-13 02:17:40,iot-kafka,3.62%,908.8MiB / 2.767GiB,32.08%,528MB / 15.7MB,105MB / 410MB
2026-06-13 02:17:47,iot-postgres,0.00%,25.62MiB / 2.767GiB,0.90%,141kB / 126B,132MB / 233kB
2026-06-13 02:17:47,iot-mosquitto,0.12%,19.54MiB / 2.767GiB,0.69%,84.1kB / 69.9kB,27.6MB / 1.5MB
2026-06-13 02:17:47,iot-kafka,2.56%,909.3MiB / 2.767GiB,32.10%,528MB / 15.7MB,105MB / 411MB
2026-06-13 02:17:53,iot-postgres,0.00%,25.62MiB / 2.767GiB,0.90%,141kB / 126B,132MB / 233kB
2026-06-13 02:17:53,iot-mosquitto,0.11%,19.54MiB / 2.767GiB,0.69%,84.1kB / 69.9kB,27.6MB / 1.5MB
2026-06-13 02:17:53,iot-kafka,7.19%,909.5MiB / 2.767GiB,32.10%,528MB / 15.7MB,105MB / 411MB
2026-06-13 02:17:59,iot-postgres,0.00%,25.62MiB / 2.767GiB,0.90%,141kB / 126B,132MB / 233kB
2026-06-13 02:17:59,iot-mosquitto,0.08%,19.83MiB / 2.767GiB,0.70%,84.1kB / 69.9kB,27.6MB / 1.5MB
2026-06-13 02:17:59,iot-kafka,2.22%,909.3MiB / 2.767GiB,32.10%,528MB / 15.7MB,105MB / 411MB
2026-06-13 02:18:06,iot-postgres,0.00%,25.9MiB / 2.767GiB,0.91%,141kB / 126B,132MB / 233kB
2026-06-13 02:18:06,iot-mosquitto,0.12%,19.54MiB / 2.767GiB,0.69%,84.1kB / 69.9kB,27.6MB / 1.5MB
2026-06-13 02:18:06,iot-kafka,3.56%,909.6MiB / 2.767GiB,32.10%,528MB / 15.7MB,105MB / 411MB
2026-06-13 02:18:12,iot-postgres,0.00%,25.62MiB / 2.767GiB,0.90%,141kB / 126B,132MB / 233kB
2026-06-13 02:18:12,iot-mosquitto,0.11%,19.54MiB / 2.767GiB,0.69%,84.1kB / 69.9kB,27.6MB / 1.5MB
2026-06-13 02:18:12,iot-kafka,2.43%,908.8MiB / 2.767GiB,32.08%,528MB / 15.7MB,105MB / 411MB
2026-06-13 02:18:18,iot-postgres,0.02%,25.62MiB / 2.767GiB,0.90%,141kB / 126B,132MB / 233kB
2026-06-13 02:18:18,iot-mosquitto,0.11%,19.54MiB / 2.767GiB,0.69%,84.1kB / 69.9kB,27.6MB / 1.51MB
2026-06-13 02:18:18,iot-kafka,2.24%,909.3MiB / 2.767GiB,32.10%,528MB / 15.7MB,105MB / 411MB
2026-06-13 02:18:25,iot-postgres,0.00%,25.62MiB / 2.767GiB,0.90%,141kB / 126B,132MB / 233kB
2026-06-13 02:18:25,iot-mosquitto,0.15%,19.54MiB / 2.767GiB,0.69%,84.1kB / 69.9kB,27.6MB / 1.51MB
2026-06-13 02:18:25,iot-kafka,7.26%,909.5MiB / 2.767GiB,32.10%,528MB / 15.7MB,105MB / 411MB
2026-06-13 02:18:31,iot-postgres,0.00%,25.62MiB / 2.767GiB,0.90%,141kB / 126B,132MB / 233kB
2026-06-13 02:18:31,iot-mosquitto,0.11%,19.55MiB / 2.767GiB,0.69%,84.1kB / 69.9kB,27.6MB / 1.51MB
2026-06-13 02:18:31,iot-kafka,3.79%,908.8MiB / 2.767GiB,32.08%,528MB / 15.7MB,105MB / 411MB
2026-06-13 02:18:38,iot-postgres,0.00%,25.63MiB / 2.767GiB,0.90%,141kB / 126B,132MB / 233kB
2026-06-13 02:18:38,iot-mosquitto,0.14%,19.55MiB / 2.767GiB,0.69%,84.1kB / 69.9kB,27.6MB / 1.51MB
2026-06-13 02:18:38,iot-kafka,3.31%,910.1MiB / 2.767GiB,32.12%,528MB / 15.7MB,105MB / 411MB
2026-06-13 02:18:44,iot-postgres,0.00%,25.62MiB / 2.767GiB,0.90%,141kB / 126B,132MB / 233kB
2026-06-13 02:18:44,iot-mosquitto,3.51%,19.55MiB / 2.767GiB,0.69%,84.1kB / 69.9kB,27.6MB / 1.51MB
2026-06-13 02:18:44,iot-kafka,9.86%,909.7MiB / 2.767GiB,32.11%,528MB / 15.7MB,105MB / 411MB
2026-06-13 02:18:50,iot-postgres,0.01%,25.62MiB / 2.767GiB,0.90%,141kB / 126B,132MB / 233kB
2026-06-13 02:18:50,iot-mosquitto,0.11%,19.54MiB / 2.767GiB,0.69%,84.1kB / 69.9kB,27.6MB / 1.51MB
2026-06-13 02:18:50,iot-kafka,2.11%,909.3MiB / 2.767GiB,32.10%,528MB / 15.7MB,105MB / 412MB
2026-06-13 02:18:57,iot-postgres,0.00%,25.64MiB / 2.767GiB,0.91%,141kB / 126B,132MB / 233kB
2026-06-13 02:18:57,iot-mosquitto,0.11%,19.54MiB / 2.767GiB,0.69%,84.1kB / 69.9kB,27.6MB / 1.51MB
2026-06-13 02:18:57,iot-kafka,2.28%,908.9MiB / 2.767GiB,32.08%,528MB / 15.7MB,105MB / 412MB
2026-06-13 02:19:03,iot-postgres,0.00%,25.62MiB / 2.767GiB,0.90%,141kB / 126B,132MB / 233kB
2026-06-13 02:19:03,iot-mosquitto,0.13%,19.55MiB / 2.767GiB,0.69%,84.1kB / 69.9kB,27.6MB / 1.51MB
2026-06-13 02:19:03,iot-kafka,2.59%,909.1MiB / 2.767GiB,32.09%,528MB / 15.7MB,105MB / 412MB
2026-06-13 02:19:09,iot-postgres,0.02%,25.63MiB / 2.767GiB,0.90%,141kB / 126B,132MB / 233kB
2026-06-13 02:19:09,iot-mosquitto,0.15%,19.55MiB / 2.767GiB,0.69%,84.1kB / 69.9kB,27.6MB / 1.52MB
2026-06-13 02:19:09,iot-kafka,2.19%,909.6MiB / 2.767GiB,32.11%,528MB / 15.7MB,105MB / 412MB
2026-06-13 02:19:16,iot-postgres,7.23%,26.32MiB / 2.767GiB,0.93%,141kB / 126B,132MB / 233kB
2026-06-13 02:19:16,iot-mosquitto,0.11%,19.54MiB / 2.767GiB,0.69%,84.1kB / 69.9kB,27.6MB / 1.52MB
2026-06-13 02:19:16,iot-kafka,2.74%,908.9MiB / 2.767GiB,32.08%,528MB / 15.7MB,105MB / 412MB
2026-06-13 02:19:22,iot-postgres,0.00%,25.62MiB / 2.767GiB,0.90%,141kB / 126B,132MB / 233kB
2026-06-13 02:19:22,iot-mosquitto,0.12%,19.54MiB / 2.767GiB,0.69%,84.1kB / 69.9kB,27.6MB / 1.52MB
2026-06-13 02:19:22,iot-kafka,2.34%,908.9MiB / 2.767GiB,32.08%,528MB / 15.7MB,105MB / 412MB
2026-06-13 02:19:28,iot-postgres,0.00%,25.62MiB / 2.767GiB,0.90%,141kB / 126B,132MB / 233kB
2026-06-13 02:19:28,iot-mosquitto,3.26%,21.29MiB / 2.767GiB,0.75%,84.1kB / 69.9kB,27.6MB / 1.52MB
2026-06-13 02:19:28,iot-kafka,4.64%,909.1MiB / 2.767GiB,32.09%,528MB / 15.7MB,105MB / 412MB
2026-06-13 02:19:35,iot-postgres,0.01%,25.62MiB / 2.767GiB,0.90%,141kB / 126B,132MB / 233kB
2026-06-13 02:19:35,iot-mosquitto,0.11%,19.55MiB / 2.767GiB,0.69%,84.1kB / 69.9kB,27.6MB / 1.52MB
2026-06-13 02:19:35,iot-kafka,7.61%,909.4MiB / 2.767GiB,32.10%,528MB / 15.7MB,105MB / 412MB
2026-06-13 02:19:41,iot-postgres,0.00%,25.62MiB / 2.767GiB,0.90%,141kB / 126B,132MB / 233kB
2026-06-13 02:19:41,iot-mosquitto,0.12%,19.55MiB / 2.767GiB,0.69%,84.1kB / 69.9kB,27.6MB / 1.52MB
2026-06-13 02:19:41,iot-kafka,2.73%,909.6MiB / 2.767GiB,32.10%,528MB / 15.7MB,105MB / 412MB
2026-06-13 02:19:47,iot-postgres,0.00%,25.63MiB / 2.767GiB,0.90%,141kB / 126B,132MB / 233kB
2026-06-13 02:19:47,iot-mosquitto,0.11%,19.55MiB / 2.767GiB,0.69%,84.1kB / 69.9kB,27.6MB / 1.52MB
2026-06-13 02:19:47,iot-kafka,2.60%,909.2MiB / 2.767GiB,32.09%,528MB / 15.7MB,105MB / 412MB
2026-06-13 02:19:54,iot-postgres,0.00%,25.63MiB / 2.767GiB,0.90%,141kB / 126B,132MB / 233kB
2026-06-13 02:19:54,iot-mosquitto,0.10%,19.54MiB / 2.767GiB,0.69%,84.1kB / 69.9kB,27.6MB / 1.53MB
2026-06-13 02:19:54,iot-kafka,2.41%,908.9MiB / 2.767GiB,32.08%,528MB / 15.7MB,105MB / 412MB
2026-06-13 02:20:00,iot-postgres,0.03%,25.62MiB / 2.767GiB,0.90%,141kB / 126B,132MB / 233kB
2026-06-13 02:20:00,iot-mosquitto,0.12%,19.93MiB / 2.767GiB,0.70%,84.1kB / 69.9kB,27.6MB / 1.53MB
2026-06-13 02:20:00,iot-kafka,1.86%,908.9MiB / 2.767GiB,32.08%,528MB / 15.7MB,105MB / 413MB
2026-06-13 02:20:07,iot-postgres,7.79%,25.84MiB / 2.767GiB,0.91%,141kB / 126B,132MB / 233kB
2026-06-13 02:20:07,iot-mosquitto,0.10%,19.54MiB / 2.767GiB,0.69%,84.1kB / 69.9kB,27.6MB / 1.53MB
2026-06-13 02:20:07,iot-kafka,2.05%,909.2MiB / 2.767GiB,32.09%,528MB / 15.7MB,105MB / 413MB
2026-06-13 02:20:13,iot-postgres,0.00%,25.63MiB / 2.767GiB,0.90%,141kB / 126B,132MB / 233kB
2026-06-13 02:20:13,iot-mosquitto,0.15%,19.54MiB / 2.767GiB,0.69%,84.1kB / 69.9kB,27.6MB / 1.53MB
2026-06-13 02:20:13,iot-kafka,2.51%,909.1MiB / 2.767GiB,32.09%,528MB / 15.7MB,105MB / 413MB
2026-06-13 02:20:19,iot-postgres,0.00%,25.63MiB / 2.767GiB,0.90%,141kB / 126B,132MB / 233kB
2026-06-13 02:20:19,iot-mosquitto,0.12%,19.55MiB / 2.767GiB,0.69%,84.1kB / 69.9kB,27.6MB / 1.53MB
2026-06-13 02:20:19,iot-kafka,3.74%,909.4MiB / 2.767GiB,32.10%,528MB / 15.7MB,105MB / 413MB
2026-06-13 02:20:26,iot-postgres,0.00%,25.63MiB / 2.767GiB,0.90%,141kB / 126B,132MB / 233kB
2026-06-13 02:20:26,iot-mosquitto,0.14%,19.54MiB / 2.767GiB,0.69%,84.1kB / 69.9kB,27.6MB / 1.54MB
2026-06-13 02:20:26,iot-kafka,2.57%,909.5MiB / 2.767GiB,32.10%,528MB / 15.7MB,105MB / 413MB
2026-06-13 02:20:32,iot-postgres,0.00%,25.62MiB / 2.767GiB,0.90%,141kB / 126B,132MB / 233kB
2026-06-13 02:20:32,iot-mosquitto,0.14%,19.83MiB / 2.767GiB,0.70%,84.1kB / 69.9kB,27.6MB / 1.54MB
2026-06-13 02:20:32,iot-kafka,2.48%,909.2MiB / 2.767GiB,32.09%,528MB / 15.7MB,105MB / 413MB
2026-06-13 02:20:38,iot-postgres,1.55%,26.1MiB / 2.767GiB,0.92%,141kB / 126B,132MB / 233kB
2026-06-13 02:20:38,iot-mosquitto,0.10%,19.54MiB / 2.767GiB,0.69%,84.1kB / 69.9kB,27.6MB / 1.54MB
2026-06-13 02:20:38,iot-kafka,2.28%,909.7MiB / 2.767GiB,32.11%,528MB / 15.7MB,105MB / 413MB
2026-06-13 02:20:45,iot-postgres,0.01%,25.62MiB / 2.767GiB,0.90%,141kB / 126B,132MB / 233kB
2026-06-13 02:20:45,iot-mosquitto,5.67%,19.55MiB / 2.767GiB,0.69%,84.1kB / 69.9kB,27.6MB / 1.54MB
2026-06-13 02:20:45,iot-kafka,7.02%,911.4MiB / 2.767GiB,32.17%,528MB / 15.7MB,105MB / 413MB
2026-06-13 02:20:51,iot-postgres,0.03%,25.62MiB / 2.767GiB,0.90%,141kB / 126B,132MB / 233kB
2026-06-13 02:20:51,iot-mosquitto,0.25%,19.79MiB / 2.767GiB,0.70%,84.1kB / 69.9kB,27.6MB / 1.54MB
2026-06-13 02:20:51,iot-kafka,3.77%,909.4MiB / 2.767GiB,32.10%,528MB / 15.7MB,105MB / 413MB
2026-06-13 02:20:57,iot-postgres,7.41%,25.79MiB / 2.767GiB,0.91%,141kB / 126B,132MB / 233kB
2026-06-13 02:20:57,iot-mosquitto,0.14%,19.54MiB / 2.767GiB,0.69%,84.1kB / 69.9kB,27.6MB / 1.54MB
2026-06-13 02:20:57,iot-kafka,4.05%,908.9MiB / 2.767GiB,32.08%,528MB / 15.7MB,105MB / 413MB
2026-06-13 02:21:04,iot-postgres,0.00%,25.62MiB / 2.767GiB,0.90%,141kB / 126B,132MB / 233kB
2026-06-13 02:21:04,iot-mosquitto,0.15%,19.55MiB / 2.767GiB,0.69%,84.1kB / 69.9kB,27.6MB / 1.54MB
2026-06-13 02:21:04,iot-kafka,4.10%,909.2MiB / 2.767GiB,32.09%,528MB / 15.7MB,105MB / 414MB
2026-06-13 02:21:10,iot-postgres,0.01%,25.63MiB / 2.767GiB,0.90%,141kB / 126B,132MB / 233kB
2026-06-13 02:21:10,iot-mosquitto,0.12%,19.54MiB / 2.767GiB,0.69%,84.1kB / 69.9kB,27.6MB / 1.54MB
2026-06-13 02:21:10,iot-kafka,2.34%,909.9MiB / 2.767GiB,32.12%,528MB / 15.7MB,105MB / 414MB
2026-06-13 02:21:17,iot-postgres,0.00%,25.63MiB / 2.767GiB,0.90%,141kB / 126B,132MB / 233kB
2026-06-13 02:21:17,iot-mosquitto,0.10%,19.55MiB / 2.767GiB,0.69%,84.1kB / 69.9kB,27.6MB / 1.54MB
2026-06-13 02:21:17,iot-kafka,3.76%,909.4MiB / 2.767GiB,32.10%,528MB / 15.7MB,105MB / 414MB
2026-06-13 02:21:23,iot-postgres,0.00%,25.63MiB / 2.767GiB,0.90%,141kB / 126B,132MB / 233kB
2026-06-13 02:21:23,iot-mosquitto,0.11%,19.54MiB / 2.767GiB,0.69%,84.1kB / 69.9kB,27.6MB / 1.55MB
2026-06-13 02:21:23,iot-kafka,4.76%,909.2MiB / 2.767GiB,32.09%,528MB / 15.7MB,105MB / 414MB
2026-06-13 02:21:29,iot-postgres,0.00%,25.62MiB / 2.767GiB,0.90%,141kB / 126B,132MB / 233kB
2026-06-13 02:21:29,iot-mosquitto,0.11%,19.54MiB / 2.767GiB,0.69%,84.1kB / 69.9kB,27.6MB / 1.55MB
2026-06-13 02:21:29,iot-kafka,3.74%,909.4MiB / 2.767GiB,32.10%,528MB / 15.7MB,105MB / 414MB
2026-06-13 02:21:36,iot-postgres,0.00%,25.62MiB / 2.767GiB,0.90%,141kB / 126B,132MB / 233kB
2026-06-13 02:21:36,iot-mosquitto,0.14%,19.54MiB / 2.767GiB,0.69%,84.1kB / 69.9kB,27.6MB / 1.55MB
2026-06-13 02:21:36,iot-kafka,8.97%,909MiB / 2.767GiB,32.08%,528MB / 15.7MB,105MB / 414MB
2026-06-13 02:21:42,iot-postgres,0.00%,25.62MiB / 2.767GiB,0.90%,141kB / 126B,132MB / 233kB
2026-06-13 02:21:42,iot-mosquitto,0.12%,19.54MiB / 2.767GiB,0.69%,84.1kB / 69.9kB,27.6MB / 1.55MB
2026-06-13 02:21:42,iot-kafka,1.84%,909.4MiB / 2.767GiB,32.10%,528MB / 15.7MB,105MB / 414MB
2026-06-13 02:21:48,iot-postgres,7.72%,26.3MiB / 2.767GiB,0.93%,141kB / 126B,132MB / 233kB
2026-06-13 02:21:48,iot-mosquitto,0.13%,19.54MiB / 2.767GiB,0.69%,84.1kB / 69.9kB,27.6MB / 1.55MB
2026-06-13 02:21:48,iot-kafka,2.83%,909.9MiB / 2.767GiB,32.11%,528MB / 15.7MB,105MB / 414MB
2026-06-13 02:21:55,iot-postgres,0.01%,25.63MiB / 2.767GiB,0.90%,141kB / 126B,132MB / 233kB
2026-06-13 02:21:55,iot-mosquitto,0.12%,19.79MiB / 2.767GiB,0.70%,84.1kB / 69.9kB,27.6MB / 1.56MB
2026-06-13 02:21:55,iot-kafka,2.31%,908.9MiB / 2.767GiB,32.08%,528MB / 15.7MB,105MB / 414MB
2026-06-13 02:22:01,iot-postgres,0.00%,25.62MiB / 2.767GiB,0.90%,141kB / 126B,132MB / 233kB
2026-06-13 02:22:01,iot-mosquitto,0.11%,19.83MiB / 2.767GiB,0.70%,84.1kB / 69.9kB,27.6MB / 1.56MB
2026-06-13 02:22:01,iot-kafka,3.91%,908.9MiB / 2.767GiB,32.08%,528MB / 15.7MB,105MB / 414MB
2026-06-13 02:22:07,iot-postgres,0.00%,25.62MiB / 2.767GiB,0.90%,141kB / 126B,132MB / 233kB
2026-06-13 02:22:07,iot-mosquitto,0.08%,19.55MiB / 2.767GiB,0.69%,84.1kB / 69.9kB,27.6MB / 1.56MB
2026-06-13 02:22:07,iot-kafka,2.70%,909.4MiB / 2.767GiB,32.10%,528MB / 15.7MB,105MB / 415MB
2026-06-13 02:22:14,iot-postgres,0.01%,25.62MiB / 2.767GiB,0.90%,141kB / 126B,132MB / 233kB
2026-06-13 02:22:14,iot-mosquitto,0.15%,19.55MiB / 2.767GiB,0.69%,84.1kB / 69.9kB,27.6MB / 1.56MB
2026-06-13 02:22:14,iot-kafka,2.34%,908.9MiB / 2.767GiB,32.08%,528MB / 15.7MB,105MB / 415MB
2026-06-13 02:22:20,iot-postgres,0.01%,25.62MiB / 2.767GiB,0.90%,141kB / 126B,132MB / 233kB
2026-06-13 02:22:20,iot-mosquitto,0.13%,19.57MiB / 2.767GiB,0.69%,84.1kB / 69.9kB,27.6MB / 1.56MB
2026-06-13 02:22:20,iot-kafka,5.51%,909.5MiB / 2.767GiB,32.10%,528MB / 15.7MB,105MB / 415MB
2026-06-13 02:22:27,iot-postgres,0.00%,25.62MiB / 2.767GiB,0.90%,141kB / 126B,132MB / 233kB
2026-06-13 02:22:27,iot-mosquitto,0.15%,19.54MiB / 2.767GiB,0.69%,84.1kB / 69.9kB,27.6MB / 1.56MB
2026-06-13 02:22:27,iot-kafka,7.73%,909.2MiB / 2.767GiB,32.09%,528MB / 15.7MB,105MB / 415MB
2026-06-13 02:22:33,iot-postgres,0.00%,25.62MiB / 2.767GiB,0.90%,141kB / 126B,132MB / 233kB
2026-06-13 02:22:33,iot-mosquitto,0.15%,19.8MiB / 2.767GiB,0.70%,84.1kB / 69.9kB,27.6MB / 1.56MB
2026-06-13 02:22:33,iot-kafka,2.36%,909.4MiB / 2.767GiB,32.10%,528MB / 15.7MB,105MB / 415MB
2026-06-13 02:22:39,iot-postgres,0.00%,25.94MiB / 2.767GiB,0.92%,141kB / 126B,132MB / 233kB
2026-06-13 02:22:39,iot-mosquitto,0.13%,19.54MiB / 2.767GiB,0.69%,84.1kB / 69.9kB,27.6MB / 1.56MB
2026-06-13 02:22:39,iot-kafka,6.27%,909.5MiB / 2.767GiB,32.10%,528MB / 15.7MB,105MB / 415MB
2026-06-13 02:22:46,iot-postgres,0.00%,25.62MiB / 2.767GiB,0.90%,141kB / 126B,132MB / 233kB
2026-06-13 02:22:46,iot-mosquitto,5.43%,20.04MiB / 2.767GiB,0.71%,84.1kB / 69.9kB,27.6MB / 1.56MB
2026-06-13 02:22:46,iot-kafka,2.80%,909.2MiB / 2.767GiB,32.09%,528MB / 15.7MB,105MB / 415MB
2026-06-13 02:22:52,iot-postgres,0.00%,25.62MiB / 2.767GiB,0.90%,141kB / 126B,132MB / 233kB
2026-06-13 02:22:52,iot-mosquitto,0.14%,19.55MiB / 2.767GiB,0.69%,84.1kB / 69.9kB,27.6MB / 1.57MB
2026-06-13 02:22:52,iot-kafka,2.00%,909.2MiB / 2.767GiB,32.09%,528MB / 15.7MB,105MB / 415MB
2026-06-13 02:22:58,iot-postgres,7.47%,26.3MiB / 2.767GiB,0.93%,141kB / 126B,132MB / 233kB
2026-06-13 02:22:58,iot-mosquitto,0.11%,19.54MiB / 2.767GiB,0.69%,84.1kB / 69.9kB,27.6MB / 1.58MB
2026-06-13 02:22:58,iot-kafka,2.35%,909.8MiB / 2.767GiB,32.11%,528MB / 15.7MB,105MB / 415MB
2026-06-13 02:23:05,iot-postgres,0.01%,25.62MiB / 2.767GiB,0.90%,141kB / 126B,132MB / 233kB
2026-06-13 02:23:05,iot-mosquitto,0.11%,19.54MiB / 2.767GiB,0.69%,84.1kB / 69.9kB,27.6MB / 1.58MB
2026-06-13 02:23:05,iot-kafka,2.18%,909MiB / 2.767GiB,32.08%,528MB / 15.7MB,105MB / 415MB
2026-06-13 02:23:11,iot-postgres,0.00%,25.76MiB / 2.767GiB,0.91%,141kB / 126B,132MB / 233kB
2026-06-13 02:23:11,iot-mosquitto,0.15%,19.54MiB / 2.767GiB,0.69%,84.1kB / 69.9kB,27.6MB / 1.58MB
2026-06-13 02:23:11,iot-kafka,4.24%,909.6MiB / 2.767GiB,32.11%,528MB / 15.7MB,105MB / 415MB
2026-06-13 02:23:18,iot-postgres,0.00%,25.63MiB / 2.767GiB,0.90%,141kB / 126B,132MB / 233kB
2026-06-13 02:23:18,iot-mosquitto,0.11%,19.55MiB / 2.767GiB,0.69%,84.1kB / 69.9kB,27.6MB / 1.58MB
2026-06-13 02:23:18,iot-kafka,2.60%,909.6MiB / 2.767GiB,32.11%,528MB / 15.7MB,105MB / 416MB
2026-06-13 02:23:24,iot-postgres,0.00%,25.63MiB / 2.767GiB,0.90%,141kB / 126B,132MB / 233kB
2026-06-13 02:23:24,iot-mosquitto,0.09%,19.55MiB / 2.767GiB,0.69%,84.1kB / 69.9kB,27.6MB / 1.58MB
2026-06-13 02:23:24,iot-kafka,3.98%,909.2MiB / 2.767GiB,32.09%,528MB / 15.7MB,105MB / 416MB
2026-06-13 02:23:30,iot-postgres,0.01%,25.65MiB / 2.767GiB,0.91%,141kB / 126B,132MB / 233kB
2026-06-13 02:23:30,iot-mosquitto,0.11%,19.54MiB / 2.767GiB,0.69%,84.1kB / 69.9kB,27.6MB / 1.58MB
2026-06-13 02:23:30,iot-kafka,2.05%,909.4MiB / 2.767GiB,32.10%,528MB / 15.7MB,105MB / 416MB
2026-06-13 02:23:37,iot-postgres,0.02%,25.62MiB / 2.767GiB,0.90%,141kB / 126B,132MB / 233kB
2026-06-13 02:23:37,iot-mosquitto,0.18%,19.56MiB / 2.767GiB,0.69%,84.1kB / 69.9kB,27.6MB / 1.59MB
2026-06-13 02:23:37,iot-kafka,8.02%,909.1MiB / 2.767GiB,32.09%,528MB / 15.7MB,105MB / 416MB
2026-06-13 02:23:43,iot-postgres,0.00%,25.63MiB / 2.767GiB,0.90%,141kB / 126B,132MB / 233kB
2026-06-13 02:23:43,iot-mosquitto,0.11%,19.55MiB / 2.767GiB,0.69%,84.1kB / 69.9kB,27.6MB / 1.59MB
2026-06-13 02:23:43,iot-kafka,2.27%,909.2MiB / 2.767GiB,32.09%,528MB / 15.7MB,105MB / 416MB
2026-06-13 02:23:49,iot-postgres,7.88%,26.11MiB / 2.767GiB,0.92%,141kB / 126B,132MB / 233kB
2026-06-13 02:23:49,iot-mosquitto,0.17%,19.54MiB / 2.767GiB,0.69%,84.1kB / 69.9kB,27.6MB / 1.59MB
2026-06-13 02:23:49,iot-kafka,3.25%,909.5MiB / 2.767GiB,32.10%,528MB / 15.7MB,105MB / 416MB
2026-06-13 02:23:56,iot-postgres,0.01%,25.62MiB / 2.767GiB,0.90%,141kB / 126B,132MB / 233kB
2026-06-13 02:23:56,iot-mosquitto,0.11%,19.54MiB / 2.767GiB,0.69%,84.1kB / 69.9kB,27.6MB / 1.59MB
2026-06-13 02:23:56,iot-kafka,2.45%,909MiB / 2.767GiB,32.08%,528MB / 15.7MB,105MB / 416MB
2026-06-13 02:24:02,iot-postgres,0.00%,25.63MiB / 2.767GiB,0.90%,141kB / 126B,132MB / 233kB
2026-06-13 02:24:02,iot-mosquitto,5.72%,19.54MiB / 2.767GiB,0.69%,84.1kB / 69.9kB,27.6MB / 1.59MB
2026-06-13 02:24:02,iot-kafka,2.67%,909.2MiB / 2.767GiB,32.09%,528MB / 15.7MB,105MB / 416MB
2026-06-13 02:24:09,iot-postgres,0.00%,25.63MiB / 2.767GiB,0.90%,141kB / 126B,132MB / 233kB
2026-06-13 02:24:09,iot-mosquitto,0.15%,19.54MiB / 2.767GiB,0.69%,84.1kB / 69.9kB,27.6MB / 1.59MB
2026-06-13 02:24:09,iot-kafka,3.69%,909.6MiB / 2.767GiB,32.10%,528MB / 15.7MB,105MB / 416MB
2026-06-13 02:24:15,iot-postgres,0.01%,25.62MiB / 2.767GiB,0.90%,141kB / 126B,132MB / 233kB
2026-06-13 02:24:15,iot-mosquitto,0.13%,19.54MiB / 2.767GiB,0.69%,84.1kB / 69.9kB,27.6MB / 1.59MB
2026-06-13 02:24:15,iot-kafka,2.30%,909MiB / 2.767GiB,32.08%,528MB / 15.7MB,105MB / 416MB
2026-06-13 02:24:21,iot-postgres,0.00%,25.64MiB / 2.767GiB,0.90%,141kB / 126B,132MB / 233kB
2026-06-13 02:24:21,iot-mosquitto,0.10%,19.54MiB / 2.767GiB,0.69%,84.1kB / 69.9kB,27.6MB / 1.59MB
2026-06-13 02:24:21,iot-kafka,4.19%,909.2MiB / 2.767GiB,32.09%,528MB / 15.7MB,105MB / 417MB
2026-06-13 02:24:28,iot-postgres,0.00%,25.62MiB / 2.767GiB,0.90%,141kB / 126B,132MB / 233kB
2026-06-13 02:24:28,iot-mosquitto,0.27%,19.54MiB / 2.767GiB,0.69%,84.1kB / 69.9kB,27.6MB / 1.6MB
2026-06-13 02:24:28,iot-kafka,8.23%,909.6MiB / 2.767GiB,32.10%,528MB / 15.7MB,105MB / 417MB
2026-06-13 02:24:34,iot-postgres,0.00%,25.62MiB / 2.767GiB,0.90%,141kB / 126B,132MB / 233kB
2026-06-13 02:24:34,iot-mosquitto,0.11%,19.69MiB / 2.767GiB,0.69%,84.1kB / 69.9kB,27.6MB / 1.6MB
2026-06-13 02:24:34,iot-kafka,2.74%,909.5MiB / 2.767GiB,32.10%,528MB / 15.7MB,105MB / 417MB
2026-06-13 02:24:40,iot-postgres,7.63%,26.12MiB / 2.767GiB,0.92%,141kB / 126B,132MB / 233kB
2026-06-13 02:24:40,iot-mosquitto,0.13%,19.55MiB / 2.767GiB,0.69%,84.1kB / 69.9kB,27.6MB / 1.6MB
2026-06-13 02:24:40,iot-kafka,4.50%,910.5MiB / 2.767GiB,32.14%,528MB / 15.7MB,105MB / 417MB
2026-06-13 02:24:47,iot-postgres,0.01%,25.62MiB / 2.767GiB,0.90%,141kB / 126B,132MB / 233kB
2026-06-13 02:24:47,iot-mosquitto,0.12%,19.55MiB / 2.767GiB,0.69%,84.1kB / 69.9kB,27.6MB / 1.6MB
2026-06-13 02:24:47,iot-kafka,2.25%,909MiB / 2.767GiB,32.08%,528MB / 15.7MB,105MB / 417MB
2026-06-13 02:24:53,iot-postgres,0.00%,25.66MiB / 2.767GiB,0.91%,141kB / 126B,132MB / 233kB
2026-06-13 02:24:53,iot-mosquitto,0.12%,19.54MiB / 2.767GiB,0.69%,84.1kB / 69.9kB,27.6MB / 1.6MB
2026-06-13 02:24:53,iot-kafka,2.37%,909.7MiB / 2.767GiB,32.11%,528MB / 15.7MB,105MB / 417MB
2026-06-13 02:24:59,iot-postgres,0.00%,25.62MiB / 2.767GiB,0.90%,141kB / 126B,132MB / 233kB
2026-06-13 02:24:59,iot-mosquitto,0.10%,19.78MiB / 2.767GiB,0.70%,84.1kB / 69.9kB,27.6MB / 1.6MB
2026-06-13 02:24:59,iot-kafka,5.24%,909.3MiB / 2.767GiB,32.09%,528MB / 15.7MB,105MB / 417MB
2026-06-13 02:25:06,iot-postgres,0.01%,25.62MiB / 2.767GiB,0.90%,141kB / 126B,132MB / 233kB
2026-06-13 02:25:06,iot-mosquitto,0.11%,19.56MiB / 2.767GiB,0.69%,84.1kB / 69.9kB,27.6MB / 1.6MB
2026-06-13 02:25:06,iot-kafka,2.41%,909.7MiB / 2.767GiB,32.11%,528MB / 15.7MB,105MB / 417MB
2026-06-13 02:25:12,iot-postgres,0.00%,25.62MiB / 2.767GiB,0.90%,141kB / 126B,132MB / 233kB
2026-06-13 02:25:12,iot-mosquitto,0.15%,19.54MiB / 2.767GiB,0.69%,84.1kB / 69.9kB,27.6MB / 1.61MB
2026-06-13 02:25:12,iot-kafka,1.89%,909.5MiB / 2.767GiB,32.10%,528MB / 15.7MB,105MB / 417MB
2026-06-13 02:25:19,iot-postgres,0.00%,25.62MiB / 2.767GiB,0.90%,141kB / 126B,132MB / 233kB
2026-06-13 02:25:19,iot-mosquitto,0.10%,19.55MiB / 2.767GiB,0.69%,84.1kB / 69.9kB,27.6MB / 1.61MB
2026-06-13 02:25:19,iot-kafka,8.86%,909.8MiB / 2.767GiB,32.11%,528MB / 15.7MB,105MB / 417MB
2026-06-13 02:25:25,iot-postgres,0.01%,25.62MiB / 2.767GiB,0.90%,141kB / 126B,132MB / 233kB
2026-06-13 02:25:25,iot-mosquitto,0.13%,19.55MiB / 2.767GiB,0.69%,84.1kB / 69.9kB,27.6MB / 1.61MB
2026-06-13 02:25:25,iot-kafka,3.79%,909.7MiB / 2.767GiB,32.11%,528MB / 15.7MB,105MB / 418MB
2026-06-13 02:25:31,iot-postgres,7.72%,25.81MiB / 2.767GiB,0.91%,141kB / 126B,132MB / 233kB
2026-06-13 02:25:31,iot-mosquitto,0.14%,19.54MiB / 2.767GiB,0.69%,84.1kB / 69.9kB,27.6MB / 1.61MB
2026-06-13 02:25:31,iot-kafka,2.57%,909.2MiB / 2.767GiB,32.09%,528MB / 15.7MB,105MB / 418MB
2026-06-13 02:25:38,iot-postgres,0.02%,25.63MiB / 2.767GiB,0.90%,141kB / 126B,132MB / 233kB
2026-06-13 02:25:38,iot-mosquitto,0.08%,19.59MiB / 2.767GiB,0.69%,84.1kB / 69.9kB,27.6MB / 1.61MB
2026-06-13 02:25:38,iot-kafka,3.04%,909.2MiB / 2.767GiB,32.09%,528MB / 15.7MB,105MB / 418MB
2026-06-13 02:25:44,iot-postgres,0.00%,25.63MiB / 2.767GiB,0.90%,141kB / 126B,132MB / 233kB
2026-06-13 02:25:44,iot-mosquitto,0.17%,19.55MiB / 2.767GiB,0.69%,84.1kB / 69.9kB,27.6MB / 1.61MB
2026-06-13 02:25:44,iot-kafka,2.28%,909.8MiB / 2.767GiB,32.11%,528MB / 15.7MB,105MB / 418MB
2026-06-13 02:25:50,iot-postgres,0.01%,25.62MiB / 2.767GiB,0.90%,141kB / 126B,132MB / 233kB
2026-06-13 02:25:50,iot-mosquitto,0.08%,19.54MiB / 2.767GiB,0.69%,84.1kB / 69.9kB,27.6MB / 1.61MB
2026-06-13 02:25:50,iot-kafka,2.16%,911.9MiB / 2.767GiB,32.19%,528MB / 15.7MB,105MB / 418MB
2026-06-13 02:25:57,iot-postgres,0.00%,25.63MiB / 2.767GiB,0.90%,141kB / 126B,132MB / 233kB
2026-06-13 02:25:57,iot-mosquitto,0.13%,19.54MiB / 2.767GiB,0.69%,84.1kB / 69.9kB,27.6MB / 1.62MB
2026-06-13 02:25:57,iot-kafka,2.39%,909.7MiB / 2.767GiB,32.11%,528MB / 15.7MB,105MB / 418MB
2026-06-13 02:26:03,iot-postgres,0.00%,25.64MiB / 2.767GiB,0.90%,141kB / 126B,132MB / 233kB
2026-06-13 02:26:03,iot-mosquitto,5.55%,20.07MiB / 2.767GiB,0.71%,84.1kB / 69.9kB,27.6MB / 1.62MB
2026-06-13 02:26:03,iot-kafka,2.10%,909.3MiB / 2.767GiB,32.09%,528MB / 15.7MB,105MB / 418MB
2026-06-13 02:26:09,iot-postgres,0.00%,25.63MiB / 2.767GiB,0.90%,141kB / 126B,132MB / 233kB
2026-06-13 02:26:09,iot-mosquitto,0.11%,19.79MiB / 2.767GiB,0.70%,84.1kB / 69.9kB,27.6MB / 1.62MB
2026-06-13 02:26:09,iot-kafka,10.77%,909.4MiB / 2.767GiB,32.10%,528MB / 15.7MB,105MB / 418MB
2026-06-13 02:26:16,iot-postgres,0.01%,25.62MiB / 2.767GiB,0.90%,141kB / 126B,132MB / 233kB
2026-06-13 02:26:16,iot-mosquitto,0.08%,19.54MiB / 2.767GiB,0.69%,84.1kB / 69.9kB,27.6MB / 1.62MB
2026-06-13 02:26:16,iot-kafka,2.43%,909MiB / 2.767GiB,32.08%,528MB / 15.7MB,105MB / 418MB
2026-06-13 02:26:22,iot-postgres,0.00%,25.84MiB / 2.767GiB,0.91%,141kB / 126B,132MB / 233kB
2026-06-13 02:26:22,iot-mosquitto,0.12%,19.55MiB / 2.767GiB,0.69%,84.1kB / 69.9kB,27.6MB / 1.62MB
2026-06-13 02:26:22,iot-kafka,2.83%,909.5MiB / 2.767GiB,32.10%,528MB / 15.7MB,105MB / 418MB
2026-06-13 02:26:29,iot-postgres,0.02%,25.62MiB / 2.767GiB,0.90%,141kB / 126B,132MB / 233kB
2026-06-13 02:26:29,iot-mosquitto,0.13%,19.55MiB / 2.767GiB,0.69%,84.1kB / 69.9kB,27.6MB / 1.62MB
2026-06-13 02:26:29,iot-kafka,5.26%,909.3MiB / 2.767GiB,32.09%,528MB / 15.7MB,105MB / 419MB
2026-06-13 02:26:35,iot-postgres,0.01%,25.62MiB / 2.767GiB,0.90%,141kB / 126B,132MB / 233kB
2026-06-13 02:26:35,iot-mosquitto,0.12%,19.83MiB / 2.767GiB,0.70%,84.1kB / 69.9kB,27.6MB / 1.63MB
2026-06-13 02:26:35,iot-kafka,2.13%,909.3MiB / 2.767GiB,32.09%,528MB / 15.7MB,105MB / 419MB
2026-06-13 02:26:41,iot-postgres,0.00%,25.62MiB / 2.767GiB,0.90%,141kB / 126B,132MB / 233kB
2026-06-13 02:26:41,iot-mosquitto,0.11%,19.55MiB / 2.767GiB,0.69%,84.1kB / 69.9kB,27.6MB / 1.63MB
2026-06-13 02:26:41,iot-kafka,2.52%,909.8MiB / 2.767GiB,32.11%,528MB / 15.7MB,105MB / 419MB
2026-06-13 02:26:48,iot-postgres,0.00%,25.62MiB / 2.767GiB,0.90%,141kB / 126B,132MB / 233kB
2026-06-13 02:26:48,iot-mosquitto,0.14%,19.55MiB / 2.767GiB,0.69%,84.1kB / 69.9kB,27.6MB / 1.63MB
2026-06-13 02:26:48,iot-kafka,3.60%,909MiB / 2.767GiB,32.08%,528MB / 15.7MB,105MB / 419MB
2026-06-13 02:26:54,iot-postgres,0.00%,25.62MiB / 2.767GiB,0.90%,141kB / 126B,132MB / 233kB
2026-06-13 02:26:54,iot-mosquitto,0.10%,19.55MiB / 2.767GiB,0.69%,84.1kB / 69.9kB,27.6MB / 1.63MB
2026-06-13 02:26:54,iot-kafka,2.38%,909.8MiB / 2.767GiB,32.11%,528MB / 15.7MB,105MB / 419MB
2026-06-13 02:27:00,iot-postgres,0.01%,25.62MiB / 2.767GiB,0.90%,141kB / 126B,132MB / 233kB
2026-06-13 02:27:00,iot-mosquitto,0.10%,19.55MiB / 2.767GiB,0.69%,84.1kB / 69.9kB,27.6MB / 1.63MB
2026-06-13 02:27:00,iot-kafka,2.18%,911.5MiB / 2.767GiB,32.17%,528MB / 15.7MB,105MB / 419MB
2026-06-13 02:27:07,iot-postgres,0.00%,25.62MiB / 2.767GiB,0.90%,141kB / 126B,132MB / 233kB
2026-06-13 02:27:07,iot-mosquitto,0.10%,19.56MiB / 2.767GiB,0.69%,84.1kB / 69.9kB,27.6MB / 1.63MB
2026-06-13 02:27:07,iot-kafka,3.60%,910MiB / 2.767GiB,32.12%,528MB / 15.7MB,105MB / 419MB
2026-06-13 02:27:13,iot-postgres,0.00%,25.64MiB / 2.767GiB,0.90%,141kB / 126B,132MB / 233kB
2026-06-13 02:27:13,iot-mosquitto,0.12%,19.54MiB / 2.767GiB,0.69%,84.1kB / 69.9kB,27.6MB / 1.63MB
2026-06-13 02:27:13,iot-kafka,2.10%,909.4MiB / 2.767GiB,32.10%,528MB / 15.7MB,105MB / 419MB
2026-06-13 02:27:19,iot-postgres,0.02%,25.64MiB / 2.767GiB,0.90%,141kB / 126B,132MB / 233kB
2026-06-13 02:27:19,iot-mosquitto,6.15%,19.71MiB / 2.767GiB,0.70%,84.1kB / 69.9kB,27.6MB / 1.63MB
2026-06-13 02:27:19,iot-kafka,4.80%,911MiB / 2.767GiB,32.16%,528MB / 15.7MB,105MB / 419MB
2026-06-13 02:27:26,iot-postgres,0.01%,25.62MiB / 2.767GiB,0.90%,141kB / 126B,132MB / 233kB
2026-06-13 02:27:26,iot-mosquitto,0.10%,19.55MiB / 2.767GiB,0.69%,84.1kB / 69.9kB,27.6MB / 1.64MB
2026-06-13 02:27:26,iot-kafka,3.56%,909.5MiB / 2.767GiB,32.10%,528MB / 15.7MB,105MB / 419MB
2026-06-13 02:27:32,iot-postgres,8.26%,25.82MiB / 2.767GiB,0.91%,141kB / 126B,132MB / 233kB
2026-06-13 02:27:32,iot-mosquitto,0.12%,19.55MiB / 2.767GiB,0.69%,84.1kB / 69.9kB,27.6MB / 1.64MB
2026-06-13 02:27:32,iot-kafka,5.30%,909MiB / 2.767GiB,32.09%,528MB / 15.7MB,105MB / 420MB
2026-06-13 02:27:38,iot-postgres,0.02%,26.12MiB / 2.767GiB,0.92%,141kB / 126B,132MB / 233kB
2026-06-13 02:27:38,iot-mosquitto,0.14%,19.54MiB / 2.767GiB,0.69%,84.1kB / 69.9kB,27.6MB / 1.64MB
2026-06-13 02:27:38,iot-kafka,2.47%,909MiB / 2.767GiB,32.09%,528MB / 15.7MB,105MB / 420MB
2026-06-13 02:27:45,iot-postgres,0.00%,25.63MiB / 2.767GiB,0.90%,141kB / 126B,132MB / 233kB
2026-06-13 02:27:45,iot-mosquitto,0.11%,19.54MiB / 2.767GiB,0.69%,84.1kB / 69.9kB,27.6MB / 1.64MB
2026-06-13 02:27:45,iot-kafka,1.63%,909.4MiB / 2.767GiB,32.10%,528MB / 15.7MB,105MB / 420MB
2026-06-13 02:27:51,iot-postgres,0.00%,25.63MiB / 2.767GiB,0.90%,141kB / 126B,132MB / 233kB
2026-06-13 02:27:51,iot-mosquitto,0.12%,19.55MiB / 2.767GiB,0.69%,84.1kB / 69.9kB,27.6MB / 1.64MB
2026-06-13 02:27:51,iot-kafka,2.18%,909.4MiB / 2.767GiB,32.10%,528MB / 15.7MB,105MB / 420MB
2026-06-13 02:27:58,iot-postgres,0.00%,25.63MiB / 2.767GiB,0.90%,141kB / 126B,132MB / 233kB
2026-06-13 02:27:58,iot-mosquitto,0.12%,19.55MiB / 2.767GiB,0.69%,84.1kB / 69.9kB,27.6MB / 1.64MB
2026-06-13 02:27:58,iot-kafka,2.57%,909.5MiB / 2.767GiB,32.10%,528MB / 15.7MB,105MB / 420MB
2026-06-13 02:28:04,iot-postgres,0.00%,25.62MiB / 2.767GiB,0.90%,141kB / 126B,132MB / 233kB
2026-06-13 02:28:04,iot-mosquitto,0.12%,19.55MiB / 2.767GiB,0.69%,84.1kB / 69.9kB,27.6MB / 1.64MB
2026-06-13 02:28:04,iot-kafka,2.30%,909.5MiB / 2.767GiB,32.10%,528MB / 15.7MB,105MB / 420MB
2026-06-13 02:28:10,iot-postgres,0.03%,25.62MiB / 2.767GiB,0.90%,141kB / 126B,132MB / 233kB
2026-06-13 02:28:10,iot-mosquitto,0.10%,19.56MiB / 2.767GiB,0.69%,84.1kB / 69.9kB,27.6MB / 1.65MB
2026-06-13 02:28:10,iot-kafka,8.32%,909.8MiB / 2.767GiB,32.11%,528MB / 15.7MB,105MB / 420MB
2026-06-13 02:28:17,iot-postgres,0.00%,25.62MiB / 2.767GiB,0.90%,141kB / 126B,132MB / 233kB
2026-06-13 02:28:17,iot-mosquitto,0.11%,19.55MiB / 2.767GiB,0.69%,84.1kB / 69.9kB,27.6MB / 1.65MB
2026-06-13 02:28:17,iot-kafka,2.33%,909.3MiB / 2.767GiB,32.09%,528MB / 15.7MB,105MB / 420MB
2026-06-13 02:28:23,iot-postgres,7.53%,26.21MiB / 2.767GiB,0.93%,141kB / 126B,132MB / 233kB
2026-06-13 02:28:23,iot-mosquitto,0.12%,19.54MiB / 2.767GiB,0.69%,84.1kB / 69.9kB,27.6MB / 1.65MB
2026-06-13 02:28:23,iot-kafka,3.27%,909.3MiB / 2.767GiB,32.09%,528MB / 15.7MB,105MB / 420MB
2026-06-13 02:28:29,iot-postgres,0.00%,25.63MiB / 2.767GiB,0.90%,141kB / 126B,132MB / 233kB
2026-06-13 02:28:29,iot-mosquitto,0.11%,19.54MiB / 2.767GiB,0.69%,84.1kB / 69.9kB,27.6MB / 1.65MB
2026-06-13 02:28:29,iot-kafka,1.76%,909.1MiB / 2.767GiB,32.09%,528MB / 15.7MB,105MB / 420MB
2026-06-13 02:28:36,iot-postgres,0.02%,25.62MiB / 2.767GiB,0.90%,141kB / 126B,132MB / 233kB
2026-06-13 02:28:36,iot-mosquitto,0.23%,19.81MiB / 2.767GiB,0.70%,84.1kB / 69.9kB,27.6MB / 1.65MB
2026-06-13 02:28:36,iot-kafka,3.23%,909.3MiB / 2.767GiB,32.09%,528MB / 15.7MB,105MB / 420MB
2026-06-13 02:28:42,iot-postgres,0.00%,25.62MiB / 2.767GiB,0.90%,141kB / 126B,132MB / 233kB
2026-06-13 02:28:42,iot-mosquitto,0.12%,19.55MiB / 2.767GiB,0.69%,84.1kB / 69.9kB,27.6MB / 1.65MB
2026-06-13 02:28:42,iot-kafka,2.84%,909.9MiB / 2.767GiB,32.12%,528MB / 15.7MB,105MB / 421MB
2026-06-13 02:28:48,iot-postgres,0.00%,25.63MiB / 2.767GiB,0.90%,141kB / 126B,132MB / 233kB
2026-06-13 02:28:48,iot-mosquitto,0.11%,19.55MiB / 2.767GiB,0.69%,84.1kB / 69.9kB,27.6MB / 1.65MB
2026-06-13 02:28:48,iot-kafka,2.49%,909.3MiB / 2.767GiB,32.09%,528MB / 15.7MB,105MB / 421MB
2026-06-13 02:28:55,iot-postgres,0.00%,25.62MiB / 2.767GiB,0.90%,141kB / 126B,132MB / 233kB
2026-06-13 02:28:55,iot-mosquitto,0.10%,19.55MiB / 2.767GiB,0.69%,84.1kB / 69.9kB,27.6MB / 1.66MB
2026-06-13 02:28:55,iot-kafka,2.20%,909.5MiB / 2.767GiB,32.10%,528MB / 15.7MB,105MB / 421MB
2026-06-13 02:29:01,iot-postgres,0.00%,25.62MiB / 2.767GiB,0.90%,141kB / 126B,132MB / 233kB
2026-06-13 02:29:01,iot-mosquitto,0.12%,19.55MiB / 2.767GiB,0.69%,84.1kB / 69.9kB,27.6MB / 1.66MB
2026-06-13 02:29:01,iot-kafka,7.15%,909.3MiB / 2.767GiB,32.09%,528MB / 15.7MB,105MB / 421MB
2026-06-13 02:29:08,iot-postgres,0.00%,25.63MiB / 2.767GiB,0.90%,141kB / 126B,132MB / 233kB
2026-06-13 02:29:08,iot-mosquitto,0.11%,19.91MiB / 2.767GiB,0.70%,84.1kB / 69.9kB,27.6MB / 1.67MB
2026-06-13 02:29:08,iot-kafka,3.17%,909.8MiB / 2.767GiB,32.11%,528MB / 15.7MB,105MB / 421MB
2026-06-13 02:29:14,iot-postgres,7.90%,25.79MiB / 2.767GiB,0.91%,141kB / 126B,132MB / 233kB
2026-06-13 02:29:14,iot-mosquitto,0.12%,19.55MiB / 2.767GiB,0.69%,84.1kB / 69.9kB,27.6MB / 1.67MB
2026-06-13 02:29:14,iot-kafka,3.86%,909.6MiB / 2.767GiB,32.11%,528MB / 15.7MB,105MB / 421MB
2026-06-13 02:29:20,iot-postgres,0.01%,25.63MiB / 2.767GiB,0.90%,141kB / 126B,132MB / 233kB
2026-06-13 02:29:20,iot-mosquitto,5.68%,19.88MiB / 2.767GiB,0.70%,84.1kB / 69.9kB,27.6MB / 1.67MB
2026-06-13 02:29:20,iot-kafka,1.84%,909.1MiB / 2.767GiB,32.09%,528MB / 15.7MB,105MB / 421MB
2026-06-13 02:29:27,iot-postgres,0.00%,25.63MiB / 2.767GiB,0.90%,141kB / 126B,132MB / 233kB
2026-06-13 02:29:27,iot-mosquitto,0.11%,19.54MiB / 2.767GiB,0.69%,84.1kB / 69.9kB,27.6MB / 1.67MB
2026-06-13 02:29:27,iot-kafka,1.93%,910.3MiB / 2.767GiB,32.13%,528MB / 15.7MB,105MB / 421MB
2026-06-13 02:29:33,iot-postgres,0.00%,25.63MiB / 2.767GiB,0.90%,141kB / 126B,132MB / 233kB
2026-06-13 02:29:33,iot-mosquitto,0.15%,19.54MiB / 2.767GiB,0.69%,84.1kB / 69.9kB,27.6MB / 1.67MB
2026-06-13 02:29:33,iot-kafka,2.13%,909.3MiB / 2.767GiB,32.09%,528MB / 15.7MB,105MB / 421MB
2026-06-13 02:29:39,iot-postgres,2.28%,25.62MiB / 2.767GiB,0.90%,141kB / 126B,132MB / 233kB
2026-06-13 02:29:39,iot-mosquitto,0.10%,19.54MiB / 2.767GiB,0.69%,84.1kB / 69.9kB,27.6MB / 1.68MB
2026-06-13 02:29:39,iot-kafka,1.95%,909.2MiB / 2.767GiB,32.09%,528MB / 15.7MB,105MB / 421MB
2026-06-13 02:29:46,iot-postgres,0.01%,25.62MiB / 2.767GiB,0.90%,141kB / 126B,132MB / 233kB
2026-06-13 02:29:46,iot-mosquitto,0.13%,19.54MiB / 2.767GiB,0.69%,84.1kB / 69.9kB,27.6MB / 1.68MB
2026-06-13 02:29:46,iot-kafka,2.17%,909.4MiB / 2.767GiB,32.10%,528MB / 15.7MB,105MB / 422MB
2026-06-13 02:29:52,iot-postgres,0.00%,25.62MiB / 2.767GiB,0.90%,141kB / 126B,132MB / 233kB
2026-06-13 02:29:52,iot-mosquitto,0.11%,19.54MiB / 2.767GiB,0.69%,84.1kB / 69.9kB,27.6MB / 1.68MB
2026-06-13 02:29:52,iot-kafka,8.38%,909.7MiB / 2.767GiB,32.11%,528MB / 15.7MB,105MB / 422MB
2026-06-13 02:29:58,iot-postgres,0.00%,25.62MiB / 2.767GiB,0.90%,141kB / 126B,132MB / 233kB
2026-06-13 02:29:58,iot-mosquitto,0.12%,19.54MiB / 2.767GiB,0.69%,84.1kB / 69.9kB,27.6MB / 1.68MB
2026-06-13 02:29:58,iot-kafka,2.23%,909.8MiB / 2.767GiB,32.11%,528MB / 15.7MB,105MB / 422MB
2026-06-13 02:30:05,iot-postgres,7.22%,25.71MiB / 2.767GiB,0.91%,141kB / 126B,132MB / 233kB
2026-06-13 02:30:05,iot-mosquitto,0.14%,19.54MiB / 2.767GiB,0.69%,84.1kB / 69.9kB,27.6MB / 1.68MB
2026-06-13 02:30:05,iot-kafka,2.02%,909.2MiB / 2.767GiB,32.09%,528MB / 15.7MB,105MB / 422MB
2026-06-13 02:30:11,iot-postgres,0.00%,25.63MiB / 2.767GiB,0.90%,141kB / 126B,132MB / 233kB
2026-06-13 02:30:11,iot-mosquitto,0.10%,19.58MiB / 2.767GiB,0.69%,84.1kB / 69.9kB,27.6MB / 1.68MB
2026-06-13 02:30:11,iot-kafka,2.27%,909.2MiB / 2.767GiB,32.09%,528MB / 15.7MB,105MB / 422MB
2026-06-13 02:30:18,iot-postgres,0.00%,25.62MiB / 2.767GiB,0.90%,141kB / 126B,132MB / 233kB
2026-06-13 02:30:18,iot-mosquitto,0.13%,19.55MiB / 2.767GiB,0.69%,84.1kB / 69.9kB,27.6MB / 1.68MB
2026-06-13 02:30:18,iot-kafka,2.51%,909.4MiB / 2.767GiB,32.10%,528MB / 15.7MB,105MB / 422MB
2026-06-13 02:30:24,iot-postgres,0.00%,25.62MiB / 2.767GiB,0.90%,141kB / 126B,132MB / 233kB
2026-06-13 02:30:24,iot-mosquitto,0.07%,19.54MiB / 2.767GiB,0.69%,84.1kB / 69.9kB,27.6MB / 1.68MB
2026-06-13 02:30:24,iot-kafka,4.36%,911.3MiB / 2.767GiB,32.16%,528MB / 15.7MB,105MB / 422MB
2026-06-13 02:30:30,iot-postgres,0.01%,25.62MiB / 2.767GiB,0.90%,141kB / 126B,132MB / 233kB
2026-06-13 02:30:30,iot-mosquitto,0.12%,19.54MiB / 2.767GiB,0.69%,84.1kB / 69.9kB,27.6MB / 1.68MB
2026-06-13 02:30:30,iot-kafka,1.83%,909.7MiB / 2.767GiB,32.11%,528MB / 15.7MB,105MB / 422MB
2026-06-13 02:30:37,iot-postgres,0.00%,25.62MiB / 2.767GiB,0.90%,141kB / 126B,132MB / 233kB
2026-06-13 02:30:37,iot-mosquitto,6.60%,19.8MiB / 2.767GiB,0.70%,84.1kB / 69.9kB,27.6MB / 1.68MB
2026-06-13 02:30:37,iot-kafka,2.36%,909.4MiB / 2.767GiB,32.10%,528MB / 15.7MB,105MB / 422MB
2026-06-13 02:30:43,iot-postgres,0.00%,25.62MiB / 2.767GiB,0.90%,141kB / 126B,132MB / 233kB
2026-06-13 02:30:43,iot-mosquitto,0.11%,19.54MiB / 2.767GiB,0.69%,84.1kB / 69.9kB,27.6MB / 1.69MB
2026-06-13 02:30:43,iot-kafka,2.26%,909.5MiB / 2.767GiB,32.10%,528MB / 15.7MB,105MB / 422MB
2026-06-13 02:30:49,iot-postgres,0.00%,25.62MiB / 2.767GiB,0.90%,141kB / 126B,132MB / 233kB
2026-06-13 02:30:49,iot-mosquitto,0.12%,19.54MiB / 2.767GiB,0.69%,84.1kB / 69.9kB,27.6MB / 1.69MB
2026-06-13 02:30:49,iot-kafka,1.90%,909.2MiB / 2.767GiB,32.09%,528MB / 15.7MB,105MB / 422MB
2026-06-13 02:30:56,iot-postgres,0.01%,26.2MiB / 2.767GiB,0.92%,141kB / 126B,132MB / 233kB
2026-06-13 02:30:56,iot-mosquitto,0.12%,19.55MiB / 2.767GiB,0.69%,84.1kB / 69.9kB,27.6MB / 1.69MB
2026-06-13 02:30:56,iot-kafka,2.45%,909.9MiB / 2.767GiB,32.12%,528MB / 15.7MB,105MB / 423MB
2026-06-13 02:31:02,iot-postgres,0.00%,25.62MiB / 2.767GiB,0.90%,141kB / 126B,132MB / 233kB
2026-06-13 02:31:02,iot-mosquitto,0.11%,19.55MiB / 2.767GiB,0.69%,84.1kB / 69.9kB,27.6MB / 1.69MB
2026-06-13 02:31:02,iot-kafka,4.40%,911.2MiB / 2.767GiB,32.16%,528MB / 15.7MB,105MB / 423MB
2026-06-13 02:31:08,iot-postgres,0.00%,25.62MiB / 2.767GiB,0.90%,141kB / 126B,132MB / 233kB
2026-06-13 02:31:08,iot-mosquitto,0.11%,19.91MiB / 2.767GiB,0.70%,84.1kB / 69.9kB,27.6MB / 1.69MB
2026-06-13 02:31:08,iot-kafka,4.56%,910.8MiB / 2.767GiB,32.15%,528MB / 15.7MB,105MB / 423MB
2026-06-13 02:31:15,iot-postgres,0.01%,25.62MiB / 2.767GiB,0.90%,141kB / 126B,132MB / 233kB
2026-06-13 02:31:15,iot-mosquitto,0.12%,19.54MiB / 2.767GiB,0.69%,84.1kB / 69.9kB,27.6MB / 1.7MB
2026-06-13 02:31:15,iot-kafka,2.04%,909.7MiB / 2.767GiB,32.11%,528MB / 15.7MB,105MB / 423MB
2026-06-13 02:31:21,iot-postgres,0.00%,25.62MiB / 2.767GiB,0.90%,141kB / 126B,132MB / 233kB
2026-06-13 02:31:21,iot-mosquitto,5.40%,20.27MiB / 2.767GiB,0.72%,84.1kB / 69.9kB,27.6MB / 1.7MB
2026-06-13 02:31:21,iot-kafka,2.06%,909.2MiB / 2.767GiB,32.09%,528MB / 15.7MB,105MB / 423MB
2026-06-13 02:31:28,iot-postgres,0.00%,25.62MiB / 2.767GiB,0.90%,141kB / 126B,132MB / 233kB
2026-06-13 02:31:28,iot-mosquitto,0.14%,19.55MiB / 2.767GiB,0.69%,84.1kB / 69.9kB,27.6MB / 1.7MB
2026-06-13 02:31:28,iot-kafka,2.44%,909.7MiB / 2.767GiB,32.11%,528MB / 15.7MB,105MB / 423MB
2026-06-13 02:31:34,iot-postgres,0.00%,25.62MiB / 2.767GiB,0.90%,141kB / 126B,132MB / 233kB
2026-06-13 02:31:34,iot-mosquitto,0.11%,19.55MiB / 2.767GiB,0.69%,84.1kB / 69.9kB,27.6MB / 1.7MB
2026-06-13 02:31:34,iot-kafka,2.21%,909.4MiB / 2.767GiB,32.10%,528MB / 15.7MB,105MB / 423MB
2026-06-13 02:31:40,iot-postgres,0.01%,25.62MiB / 2.767GiB,0.90%,141kB / 126B,132MB / 233kB
2026-06-13 02:31:40,iot-mosquitto,0.11%,19.54MiB / 2.767GiB,0.69%,84.1kB / 69.9kB,27.6MB / 1.7MB
2026-06-13 02:31:40,iot-kafka,2.50%,909.2MiB / 2.767GiB,32.09%,528MB / 15.7MB,105MB / 423MB
2026-06-13 02:31:47,iot-postgres,0.00%,25.62MiB / 2.767GiB,0.90%,141kB / 126B,132MB / 233kB
2026-06-13 02:31:47,iot-mosquitto,0.11%,19.54MiB / 2.767GiB,0.69%,84.1kB / 69.9kB,27.6MB / 1.7MB
2026-06-13 02:31:47,iot-kafka,2.54%,909.7MiB / 2.767GiB,32.11%,528MB / 15.7MB,105MB / 423MB
2026-06-13 02:31:53,iot-postgres,0.00%,25.62MiB / 2.767GiB,0.90%,141kB / 126B,132MB / 233kB
2026-06-13 02:31:53,iot-mosquitto,0.12%,19.67MiB / 2.767GiB,0.69%,84.1kB / 69.9kB,27.6MB / 1.7MB
2026-06-13 02:31:53,iot-kafka,9.07%,909.4MiB / 2.767GiB,32.10%,528MB / 15.7MB,105MB / 423MB
2026-06-13 02:32:00,iot-postgres,0.00%,25.62MiB / 2.767GiB,0.90%,141kB / 126B,132MB / 233kB
2026-06-13 02:32:00,iot-mosquitto,0.11%,19.54MiB / 2.767GiB,0.69%,84.1kB / 69.9kB,27.6MB / 1.7MB
2026-06-13 02:32:00,iot-kafka,3.61%,909.2MiB / 2.767GiB,32.09%,528MB / 15.7MB,105MB / 424MB
2026-06-13 02:32:06,iot-postgres,8.45%,26.04MiB / 2.767GiB,0.92%,141kB / 126B,132MB / 233kB
2026-06-13 02:32:06,iot-mosquitto,0.10%,19.54MiB / 2.767GiB,0.69%,84.1kB / 69.9kB,27.6MB / 1.7MB
2026-06-13 02:32:06,iot-kafka,2.55%,909.7MiB / 2.767GiB,32.11%,528MB / 15.7MB,105MB / 424MB
2026-06-13 02:32:12,iot-postgres,0.00%,25.62MiB / 2.767GiB,0.90%,141kB / 126B,132MB / 233kB
2026-06-13 02:32:12,iot-mosquitto,0.11%,19.55MiB / 2.767GiB,0.69%,84.1kB / 69.9kB,27.6MB / 1.7MB
2026-06-13 02:32:12,iot-kafka,2.61%,909.4MiB / 2.767GiB,32.10%,528MB / 15.7MB,105MB / 424MB
2026-06-13 02:32:19,iot-postgres,0.00%,25.62MiB / 2.767GiB,0.90%,141kB / 126B,132MB / 233kB
2026-06-13 02:32:19,iot-mosquitto,0.10%,19.54MiB / 2.767GiB,0.69%,84.1kB / 69.9kB,27.6MB / 1.71MB
2026-06-13 02:32:19,iot-kafka,2.85%,909.5MiB / 2.767GiB,32.10%,528MB / 15.7MB,105MB / 424MB
2026-06-13 02:32:25,iot-postgres,0.00%,25.62MiB / 2.767GiB,0.90%,141kB / 126B,132MB / 233kB
2026-06-13 02:32:25,iot-mosquitto,0.12%,19.54MiB / 2.767GiB,0.69%,84.1kB / 69.9kB,27.6MB / 1.71MB
2026-06-13 02:32:25,iot-kafka,2.18%,909.4MiB / 2.767GiB,32.10%,528MB / 15.7MB,105MB / 424MB
2026-06-13 02:32:31,iot-postgres,0.00%,25.62MiB / 2.767GiB,0.90%,141kB / 126B,132MB / 233kB
2026-06-13 02:32:31,iot-mosquitto,0.14%,19.54MiB / 2.767GiB,0.69%,84.1kB / 69.9kB,27.6MB / 1.71MB
2026-06-13 02:32:31,iot-kafka,2.26%,909.4MiB / 2.767GiB,32.10%,528MB / 15.7MB,105MB / 424MB
2026-06-13 02:32:38,iot-postgres,0.00%,25.62MiB / 2.767GiB,0.90%,141kB / 126B,132MB / 233kB
2026-06-13 02:32:38,iot-mosquitto,5.92%,19.56MiB / 2.767GiB,0.69%,84.1kB / 69.9kB,27.6MB / 1.71MB
2026-06-13 02:32:38,iot-kafka,2.25%,909.4MiB / 2.767GiB,32.10%,528MB / 15.7MB,105MB / 424MB
2026-06-13 02:32:44,iot-postgres,0.00%,25.62MiB / 2.767GiB,0.90%,141kB / 126B,132MB / 233kB
2026-06-13 02:32:44,iot-mosquitto,0.21%,19.54MiB / 2.767GiB,0.69%,84.1kB / 69.9kB,27.6MB / 1.72MB
2026-06-13 02:32:44,iot-kafka,7.79%,909.8MiB / 2.767GiB,32.11%,528MB / 15.7MB,105MB / 424MB
2026-06-13 02:32:50,iot-postgres,0.01%,25.62MiB / 2.767GiB,0.90%,141kB / 126B,132MB / 233kB
2026-06-13 02:32:50,iot-mosquitto,0.12%,19.54MiB / 2.767GiB,0.69%,84.1kB / 69.9kB,27.6MB / 1.72MB
2026-06-13 02:32:50,iot-kafka,3.01%,909.2MiB / 2.767GiB,32.09%,528MB / 15.7MB,105MB / 424MB
2026-06-13 02:32:57,iot-postgres,8.54%,25.95MiB / 2.767GiB,0.92%,141kB / 126B,132MB / 233kB
2026-06-13 02:32:57,iot-mosquitto,0.14%,19.54MiB / 2.767GiB,0.69%,84.1kB / 69.9kB,27.6MB / 1.72MB
2026-06-13 02:32:57,iot-kafka,3.91%,910.1MiB / 2.767GiB,32.12%,528MB / 15.7MB,105MB / 424MB
2026-06-13 02:33:03,iot-postgres,0.00%,25.62MiB / 2.767GiB,0.90%,141kB / 126B,132MB / 233kB
2026-06-13 02:33:03,iot-mosquitto,0.11%,19.54MiB / 2.767GiB,0.69%,84.1kB / 69.9kB,27.6MB / 1.72MB
2026-06-13 02:33:03,iot-kafka,5.25%,909.2MiB / 2.767GiB,32.09%,528MB / 15.7MB,105MB / 424MB
2026-06-13 02:33:09,iot-postgres,0.00%,25.62MiB / 2.767GiB,0.90%,141kB / 126B,132MB / 233kB
2026-06-13 02:33:09,iot-mosquitto,0.12%,19.55MiB / 2.767GiB,0.69%,84.1kB / 69.9kB,27.6MB / 1.72MB
2026-06-13 02:33:09,iot-kafka,2.15%,910.2MiB / 2.767GiB,32.13%,528MB / 15.7MB,105MB / 424MB
2026-06-13 02:33:16,iot-postgres,0.01%,25.62MiB / 2.767GiB,0.90%,141kB / 126B,132MB / 233kB
2026-06-13 02:33:16,iot-mosquitto,0.14%,19.54MiB / 2.767GiB,0.69%,84.1kB / 69.9kB,27.6MB / 1.72MB
2026-06-13 02:33:16,iot-kafka,2.15%,909.7MiB / 2.767GiB,32.11%,528MB / 15.7MB,105MB / 424MB
2026-06-13 02:33:22,iot-postgres,0.00%,25.62MiB / 2.767GiB,0.90%,141kB / 126B,132MB / 233kB
2026-06-13 02:33:22,iot-mosquitto,0.10%,19.54MiB / 2.767GiB,0.69%,84.1kB / 69.9kB,27.6MB / 1.72MB
2026-06-13 02:33:22,iot-kafka,4.10%,909.4MiB / 2.767GiB,32.10%,528MB / 15.7MB,105MB / 425MB
2026-06-13 02:33:29,iot-postgres,0.00%,25.62MiB / 2.767GiB,0.90%,141kB / 126B,132MB / 233kB
2026-06-13 02:33:29,iot-mosquitto,0.12%,19.55MiB / 2.767GiB,0.69%,84.1kB / 69.9kB,27.6MB / 1.73MB
2026-06-13 02:33:29,iot-kafka,4.12%,909.4MiB / 2.767GiB,32.10%,528MB / 15.7MB,105MB / 425MB
2026-06-13 02:33:35,iot-postgres,0.00%,25.62MiB / 2.767GiB,0.90%,141kB / 126B,132MB / 233kB
2026-06-13 02:33:35,iot-mosquitto,0.11%,19.55MiB / 2.767GiB,0.69%,84.1kB / 69.9kB,27.6MB / 1.73MB
2026-06-13 02:33:35,iot-kafka,7.40%,909.6MiB / 2.767GiB,32.11%,528MB / 15.7MB,105MB / 425MB
2026-06-13 02:33:41,iot-postgres,0.00%,25.62MiB / 2.767GiB,0.90%,141kB / 126B,132MB / 233kB
2026-06-13 02:33:41,iot-mosquitto,0.12%,19.57MiB / 2.767GiB,0.69%,84.1kB / 69.9kB,27.6MB / 1.73MB
2026-06-13 02:33:41,iot-kafka,2.29%,909.9MiB / 2.767GiB,32.12%,528MB / 15.7MB,105MB / 425MB
2026-06-13 02:33:48,iot-postgres,8.25%,25.78MiB / 2.767GiB,0.91%,141kB / 126B,132MB / 233kB
2026-06-13 02:33:48,iot-mosquitto,0.10%,19.54MiB / 2.767GiB,0.69%,84.1kB / 69.9kB,27.6MB / 1.73MB
2026-06-13 02:33:48,iot-kafka,3.72%,909.7MiB / 2.767GiB,32.11%,528MB / 15.7MB,105MB / 425MB
2026-06-13 02:33:54,iot-postgres,0.00%,25.62MiB / 2.767GiB,0.90%,141kB / 126B,132MB / 233kB
2026-06-13 02:33:54,iot-mosquitto,0.37%,19.75MiB / 2.767GiB,0.70%,84.1kB / 69.9kB,27.6MB / 1.73MB
2026-06-13 02:33:54,iot-kafka,2.37%,909.2MiB / 2.767GiB,32.09%,528MB / 15.7MB,105MB / 425MB
2026-06-13 02:34:00,iot-postgres,0.01%,25.63MiB / 2.767GiB,0.90%,141kB / 126B,132MB / 233kB
2026-06-13 02:34:00,iot-mosquitto,0.10%,19.54MiB / 2.767GiB,0.69%,84.1kB / 69.9kB,27.6MB / 1.73MB
2026-06-13 02:34:00,iot-kafka,2.09%,909.5MiB / 2.767GiB,32.10%,528MB / 15.7MB,105MB / 425MB
2026-06-13 02:34:07,iot-postgres,0.00%,25.63MiB / 2.767GiB,0.90%,141kB / 126B,132MB / 233kB
2026-06-13 02:34:07,iot-mosquitto,0.11%,19.54MiB / 2.767GiB,0.69%,84.1kB / 69.9kB,27.6MB / 1.73MB
2026-06-13 02:34:07,iot-kafka,2.58%,909.2MiB / 2.767GiB,32.09%,528MB / 15.7MB,105MB / 425MB
2026-06-13 02:34:13,iot-postgres,0.00%,25.62MiB / 2.767GiB,0.90%,141kB / 126B,132MB / 233kB
2026-06-13 02:34:13,iot-mosquitto,0.12%,19.57MiB / 2.767GiB,0.69%,84.1kB / 69.9kB,27.6MB / 1.74MB
2026-06-13 02:34:13,iot-kafka,2.01%,910.2MiB / 2.767GiB,32.13%,528MB / 15.7MB,105MB / 425MB
2026-06-13 02:34:19,iot-postgres,0.00%,25.62MiB / 2.767GiB,0.90%,141kB / 126B,132MB / 233kB
2026-06-13 02:34:19,iot-mosquitto,0.11%,19.54MiB / 2.767GiB,0.69%,84.1kB / 69.9kB,27.6MB / 1.74MB
2026-06-13 02:34:19,iot-kafka,3.85%,910.1MiB / 2.767GiB,32.12%,528MB / 15.7MB,105MB / 425MB
2026-06-13 02:34:26,iot-postgres,0.01%,25.62MiB / 2.767GiB,0.90%,141kB / 126B,132MB / 233kB
2026-06-13 02:34:26,iot-mosquitto,0.11%,19.54MiB / 2.767GiB,0.69%,84.1kB / 69.9kB,27.6MB / 1.74MB
2026-06-13 02:34:26,iot-kafka,2.20%,909.3MiB / 2.767GiB,32.09%,528MB / 15.7MB,105MB / 425MB
2026-06-13 02:34:32,iot-postgres,0.00%,25.62MiB / 2.767GiB,0.90%,141kB / 126B,132MB / 233kB
2026-06-13 02:34:32,iot-mosquitto,0.08%,19.54MiB / 2.767GiB,0.69%,84.1kB / 69.9kB,27.6MB / 1.74MB
2026-06-13 02:34:32,iot-kafka,4.86%,909.9MiB / 2.767GiB,32.12%,528MB / 15.7MB,105MB / 425MB
2026-06-13 02:34:39,iot-postgres,7.54%,26.02MiB / 2.767GiB,0.92%,141kB / 126B,132MB / 233kB
2026-06-13 02:34:39,iot-mosquitto,5.56%,19.86MiB / 2.767GiB,0.70%,84.1kB / 69.9kB,27.6MB / 1.74MB
2026-06-13 02:34:39,iot-kafka,4.23%,909.4MiB / 2.767GiB,32.10%,528MB / 15.7MB,105MB / 425MB
2026-06-13 02:34:45,iot-postgres,0.00%,25.62MiB / 2.767GiB,0.90%,141kB / 126B,132MB / 233kB
2026-06-13 02:34:45,iot-mosquitto,0.10%,19.55MiB / 2.767GiB,0.69%,84.1kB / 69.9kB,27.6MB / 1.74MB
2026-06-13 02:34:45,iot-kafka,3.12%,909.2MiB / 2.767GiB,32.09%,528MB / 15.7MB,105MB / 426MB
2026-06-13 02:34:51,iot-postgres,0.02%,25.62MiB / 2.767GiB,0.90%,141kB / 126B,132MB / 233kB
2026-06-13 02:34:51,iot-mosquitto,0.12%,19.54MiB / 2.767GiB,0.69%,84.1kB / 69.9kB,27.6MB / 1.74MB
2026-06-13 02:34:51,iot-kafka,2.29%,909.4MiB / 2.767GiB,32.10%,528MB / 15.7MB,105MB / 426MB
2026-06-13 02:34:58,iot-postgres,0.00%,25.62MiB / 2.767GiB,0.90%,141kB / 126B,132MB / 233kB
2026-06-13 02:34:58,iot-mosquitto,0.11%,19.54MiB / 2.767GiB,0.69%,84.1kB / 69.9kB,27.6MB / 1.75MB
2026-06-13 02:34:58,iot-kafka,3.74%,909.4MiB / 2.767GiB,32.10%,528MB / 15.7MB,105MB / 426MB
2026-06-13 02:35:04,iot-postgres,0.00%,25.62MiB / 2.767GiB,0.90%,141kB / 126B,132MB / 233kB
2026-06-13 02:35:04,iot-mosquitto,0.16%,19.54MiB / 2.767GiB,0.69%,84.1kB / 69.9kB,27.6MB / 1.75MB
2026-06-13 02:35:04,iot-kafka,2.15%,909.2MiB / 2.767GiB,32.09%,528MB / 15.7MB,105MB / 426MB
2026-06-13 02:35:10,iot-postgres,0.01%,25.62MiB / 2.767GiB,0.90%,141kB / 126B,132MB / 233kB
2026-06-13 02:35:10,iot-mosquitto,0.08%,20.03MiB / 2.767GiB,0.71%,84.1kB / 69.9kB,27.6MB / 1.75MB
2026-06-13 02:35:10,iot-kafka,2.85%,909.9MiB / 2.767GiB,32.12%,528MB / 15.7MB,105MB / 426MB
2026-06-13 02:35:17,iot-postgres,0.00%,25.62MiB / 2.767GiB,0.90%,141kB / 126B,132MB / 233kB
2026-06-13 02:35:17,iot-mosquitto,0.15%,19.55MiB / 2.767GiB,0.69%,84.1kB / 69.9kB,27.6MB / 1.75MB
2026-06-13 02:35:17,iot-kafka,2.70%,910MiB / 2.767GiB,32.12%,528MB / 15.7MB,105MB / 426MB
2026-06-13 02:35:23,iot-postgres,0.00%,25.62MiB / 2.767GiB,0.90%,141kB / 126B,132MB / 233kB
2026-06-13 02:35:23,iot-mosquitto,0.13%,19.54MiB / 2.767GiB,0.69%,84.1kB / 69.9kB,27.6MB / 1.75MB
2026-06-13 02:35:23,iot-kafka,2.44%,909.4MiB / 2.767GiB,32.10%,528MB / 15.7MB,105MB / 426MB
2026-06-13 02:35:29,iot-postgres,0.01%,25.86MiB / 2.767GiB,0.91%,141kB / 126B,132MB / 233kB
2026-06-13 02:35:29,iot-mosquitto,0.12%,19.54MiB / 2.767GiB,0.69%,84.1kB / 69.9kB,27.6MB / 1.75MB
2026-06-13 02:35:29,iot-kafka,2.14%,909.5MiB / 2.767GiB,32.10%,528MB / 15.7MB,105MB / 426MB
2026-06-13 02:35:36,iot-postgres,0.01%,25.62MiB / 2.767GiB,0.90%,141kB / 126B,132MB / 233kB
2026-06-13 02:35:36,iot-mosquitto,0.11%,19.54MiB / 2.767GiB,0.69%,84.1kB / 69.9kB,27.6MB / 1.75MB
2026-06-13 02:35:36,iot-kafka,7.67%,909.7MiB / 2.767GiB,32.11%,528MB / 15.7MB,105MB / 426MB
2026-06-13 02:35:42,iot-postgres,0.00%,25.63MiB / 2.767GiB,0.90%,141kB / 126B,132MB / 233kB
2026-06-13 02:35:42,iot-mosquitto,0.09%,19.55MiB / 2.767GiB,0.69%,84.1kB / 69.9kB,27.6MB / 1.76MB
2026-06-13 02:35:42,iot-kafka,2.44%,909.7MiB / 2.767GiB,32.11%,528MB / 15.7MB,105MB / 426MB
2026-06-13 02:35:49,iot-postgres,3.98%,28.61MiB / 2.767GiB,1.01%,141kB / 126B,132MB / 233kB
2026-06-13 02:35:49,iot-mosquitto,0.11%,19.55MiB / 2.767GiB,0.69%,84.1kB / 69.9kB,27.6MB / 1.76MB
2026-06-13 02:35:49,iot-kafka,2.46%,910MiB / 2.767GiB,32.12%,528MB / 15.7MB,105MB / 426MB
2026-06-13 02:35:55,iot-postgres,0.00%,25.62MiB / 2.767GiB,0.90%,141kB / 126B,132MB / 233kB
2026-06-13 02:35:55,iot-mosquitto,5.60%,19.77MiB / 2.767GiB,0.70%,84.1kB / 69.9kB,27.6MB / 1.77MB
2026-06-13 02:35:55,iot-kafka,2.45%,909.2MiB / 2.767GiB,32.09%,528MB / 15.7MB,105MB / 426MB
2026-06-13 02:36:01,iot-postgres,0.01%,25.62MiB / 2.767GiB,0.90%,141kB / 126B,132MB / 233kB
2026-06-13 02:36:01,iot-mosquitto,0.12%,19.54MiB / 2.767GiB,0.69%,84.1kB / 69.9kB,27.6MB / 1.77MB
2026-06-13 02:36:01,iot-kafka,1.90%,909.7MiB / 2.767GiB,32.11%,528MB / 15.7MB,105MB / 426MB
2026-06-13 02:36:08,iot-postgres,0.00%,25.62MiB / 2.767GiB,0.90%,141kB / 126B,132MB / 233kB
2026-06-13 02:36:08,iot-mosquitto,0.11%,19.54MiB / 2.767GiB,0.69%,84.1kB / 69.9kB,27.6MB / 1.77MB
2026-06-13 02:36:08,iot-kafka,2.94%,909.3MiB / 2.767GiB,32.09%,528MB / 15.7MB,105MB / 427MB
2026-06-13 02:36:14,iot-postgres,0.00%,25.62MiB / 2.767GiB,0.90%,141kB / 126B,132MB / 233kB
2026-06-13 02:36:14,iot-mosquitto,0.11%,19.55MiB / 2.767GiB,0.69%,84.1kB / 69.9kB,27.6MB / 1.77MB
2026-06-13 02:36:14,iot-kafka,3.78%,909.4MiB / 2.767GiB,32.10%,528MB / 15.7MB,105MB / 427MB
2026-06-13 02:36:20,iot-postgres,0.02%,25.62MiB / 2.767GiB,0.90%,141kB / 126B,132MB / 233kB
2026-06-13 02:36:20,iot-mosquitto,0.27%,19.79MiB / 2.767GiB,0.70%,84.1kB / 69.9kB,27.6MB / 1.77MB
2026-06-13 02:36:20,iot-kafka,4.22%,910.6MiB / 2.767GiB,32.14%,528MB / 15.7MB,105MB / 427MB
2026-06-13 02:36:27,iot-postgres,0.00%,25.62MiB / 2.767GiB,0.90%,141kB / 126B,132MB / 233kB
2026-06-13 02:36:27,iot-mosquitto,0.10%,19.6MiB / 2.767GiB,0.69%,84.1kB / 69.9kB,27.6MB / 1.77MB
2026-06-13 02:36:27,iot-kafka,7.64%,910.1MiB / 2.767GiB,32.12%,528MB / 15.7MB,105MB / 427MB
2026-06-13 02:36:33,iot-postgres,0.00%,25.62MiB / 2.767GiB,0.90%,141kB / 126B,132MB / 233kB
2026-06-13 02:36:33,iot-mosquitto,0.13%,19.54MiB / 2.767GiB,0.69%,84.1kB / 69.9kB,27.6MB / 1.77MB
2026-06-13 02:36:33,iot-kafka,2.35%,910MiB / 2.767GiB,32.12%,528MB / 15.7MB,105MB / 427MB
2026-06-13 02:36:39,iot-postgres,8.47%,26.08MiB / 2.767GiB,0.92%,141kB / 126B,132MB / 233kB
2026-06-13 02:36:39,iot-mosquitto,0.11%,19.54MiB / 2.767GiB,0.69%,84.1kB / 69.9kB,27.6MB / 1.77MB
2026-06-13 02:36:39,iot-kafka,2.19%,909.4MiB / 2.767GiB,32.10%,528MB / 15.7MB,105MB / 427MB
2026-06-13 02:36:46,iot-postgres,0.01%,25.62MiB / 2.767GiB,0.90%,141kB / 126B,132MB / 233kB
2026-06-13 02:36:46,iot-mosquitto,0.11%,19.75MiB / 2.767GiB,0.70%,84.1kB / 69.9kB,27.6MB / 1.77MB
2026-06-13 02:36:46,iot-kafka,2.19%,909.5MiB / 2.767GiB,32.10%,528MB / 15.7MB,105MB / 427MB
2026-06-13 02:36:52,iot-postgres,0.00%,25.63MiB / 2.767GiB,0.90%,141kB / 126B,132MB / 233kB
2026-06-13 02:36:52,iot-mosquitto,0.21%,19.79MiB / 2.767GiB,0.70%,84.1kB / 69.9kB,27.6MB / 1.78MB
2026-06-13 02:36:52,iot-kafka,2.46%,909.5MiB / 2.767GiB,32.10%,528MB / 15.7MB,105MB / 427MB
2026-06-13 02:36:59,iot-postgres,0.00%,25.62MiB / 2.767GiB,0.90%,141kB / 126B,132MB / 233kB
2026-06-13 02:36:59,iot-mosquitto,0.16%,19.55MiB / 2.767GiB,0.69%,84.1kB / 69.9kB,27.6MB / 1.78MB
2026-06-13 02:36:59,iot-kafka,3.96%,910MiB / 2.767GiB,32.12%,528MB / 15.7MB,105MB / 427MB
2026-06-13 02:37:05,iot-postgres,0.00%,25.62MiB / 2.767GiB,0.90%,141kB / 126B,132MB / 233kB
2026-06-13 02:37:05,iot-mosquitto,0.11%,19.55MiB / 2.767GiB,0.69%,84.1kB / 69.9kB,27.6MB / 1.78MB
2026-06-13 02:37:05,iot-kafka,2.30%,910.2MiB / 2.767GiB,32.13%,528MB / 15.7MB,105MB / 427MB
2026-06-13 02:37:11,iot-postgres,0.01%,25.62MiB / 2.767GiB,0.90%,141kB / 126B,132MB / 233kB
2026-06-13 02:37:11,iot-mosquitto,0.11%,20.02MiB / 2.767GiB,0.71%,84.1kB / 69.9kB,27.6MB / 1.78MB
2026-06-13 02:37:11,iot-kafka,2.42%,909.7MiB / 2.767GiB,32.11%,528MB / 15.7MB,105MB / 427MB
2026-06-13 02:37:18,iot-postgres,0.00%,25.62MiB / 2.767GiB,0.90%,141kB / 126B,132MB / 233kB
2026-06-13 02:37:18,iot-mosquitto,0.13%,19.55MiB / 2.767GiB,0.69%,84.1kB / 69.9kB,27.6MB / 1.78MB
2026-06-13 02:37:18,iot-kafka,7.47%,909.7MiB / 2.767GiB,32.11%,528MB / 15.7MB,105MB / 428MB
2026-06-13 02:37:24,iot-postgres,0.00%,25.63MiB / 2.767GiB,0.90%,141kB / 126B,132MB / 233kB
2026-06-13 02:37:24,iot-mosquitto,0.14%,19.54MiB / 2.767GiB,0.69%,84.1kB / 69.9kB,27.6MB / 1.79MB
2026-06-13 02:37:24,iot-kafka,2.22%,909.2MiB / 2.767GiB,32.09%,528MB / 15.7MB,105MB / 428MB
2026-06-13 02:37:30,iot-postgres,7.53%,26.11MiB / 2.767GiB,0.92%,141kB / 126B,132MB / 233kB
2026-06-13 02:37:30,iot-mosquitto,0.13%,19.55MiB / 2.767GiB,0.69%,84.1kB / 69.9kB,27.6MB / 1.79MB
2026-06-13 02:37:30,iot-kafka,2.16%,909.9MiB / 2.767GiB,32.12%,528MB / 15.7MB,105MB / 428MB
2026-06-13 02:37:37,iot-postgres,0.00%,25.62MiB / 2.767GiB,0.90%,141kB / 126B,132MB / 233kB
2026-06-13 02:37:37,iot-mosquitto,0.12%,19.55MiB / 2.767GiB,0.69%,84.1kB / 69.9kB,27.6MB / 1.79MB
2026-06-13 02:37:37,iot-kafka,2.24%,909.5MiB / 2.767GiB,32.10%,528MB / 15.7MB,105MB / 428MB
2026-06-13 02:37:43,iot-postgres,0.00%,25.62MiB / 2.767GiB,0.90%,141kB / 126B,132MB / 233kB
2026-06-13 02:37:43,iot-mosquitto,0.08%,20.02MiB / 2.767GiB,0.71%,84.1kB / 69.9kB,27.6MB / 1.79MB
2026-06-13 02:37:43,iot-kafka,6.41%,909.5MiB / 2.767GiB,32.10%,528MB / 15.7MB,105MB / 428MB
2026-06-13 02:37:50,iot-postgres,0.00%,25.62MiB / 2.767GiB,0.90%,141kB / 126B,132MB / 233kB
2026-06-13 02:37:50,iot-mosquitto,0.13%,19.55MiB / 2.767GiB,0.69%,84.1kB / 69.9kB,27.6MB / 1.79MB
2026-06-13 02:37:50,iot-kafka,3.92%,910MiB / 2.767GiB,32.12%,528MB / 15.7MB,105MB / 428MB
2026-06-13 02:37:56,iot-postgres,0.01%,25.62MiB / 2.767GiB,0.90%,141kB / 126B,132MB / 233kB
2026-06-13 02:37:56,iot-mosquitto,5.77%,20.04MiB / 2.767GiB,0.71%,84.1kB / 69.9kB,27.6MB / 1.79MB
2026-06-13 02:37:56,iot-kafka,3.26%,909.5MiB / 2.767GiB,32.10%,528MB / 15.7MB,105MB / 428MB
2026-06-13 02:38:02,iot-postgres,0.01%,25.62MiB / 2.767GiB,0.90%,141kB / 126B,132MB / 233kB
2026-06-13 02:38:02,iot-mosquitto,0.10%,19.54MiB / 2.767GiB,0.69%,84.1kB / 69.9kB,27.6MB / 1.79MB
2026-06-13 02:38:02,iot-kafka,2.43%,909.6MiB / 2.767GiB,32.10%,528MB / 15.7MB,105MB / 428MB
2026-06-13 02:38:09,iot-postgres,0.00%,25.62MiB / 2.767GiB,0.90%,141kB / 126B,132MB / 233kB
2026-06-13 02:38:09,iot-mosquitto,0.11%,19.54MiB / 2.767GiB,0.69%,84.1kB / 69.9kB,27.6MB / 1.79MB
2026-06-13 02:38:09,iot-kafka,3.95%,909.2MiB / 2.767GiB,32.09%,528MB / 15.7MB,105MB / 428MB
2026-06-13 02:38:15,iot-postgres,0.00%,25.63MiB / 2.767GiB,0.90%,141kB / 126B,132MB / 233kB
2026-06-13 02:38:15,iot-mosquitto,0.12%,19.55MiB / 2.767GiB,0.69%,84.1kB / 69.9kB,27.6MB / 1.79MB
2026-06-13 02:38:15,iot-kafka,2.09%,909.5MiB / 2.767GiB,32.10%,528MB / 15.7MB,105MB / 428MB
2026-06-13 02:38:21,iot-postgres,6.29%,25.93MiB / 2.767GiB,0.92%,141kB / 126B,132MB / 233kB
2026-06-13 02:38:21,iot-mosquitto,0.11%,19.55MiB / 2.767GiB,0.69%,84.1kB / 69.9kB,27.6MB / 1.79MB
2026-06-13 02:38:21,iot-kafka,2.58%,909.2MiB / 2.767GiB,32.09%,528MB / 15.7MB,105MB / 428MB
2026-06-13 02:38:28,iot-postgres,0.00%,25.62MiB / 2.767GiB,0.90%,141kB / 126B,132MB / 233kB
2026-06-13 02:38:28,iot-mosquitto,0.11%,19.77MiB / 2.767GiB,0.70%,84.1kB / 69.9kB,27.6MB / 1.8MB
2026-06-13 02:38:28,iot-kafka,7.26%,909.9MiB / 2.767GiB,32.12%,528MB / 15.7MB,105MB / 428MB
2026-06-13 02:38:34,iot-postgres,0.00%,25.62MiB / 2.767GiB,0.90%,141kB / 126B,132MB / 233kB
2026-06-13 02:38:34,iot-mosquitto,0.11%,19.55MiB / 2.767GiB,0.69%,84.1kB / 69.9kB,27.6MB / 1.8MB
2026-06-13 02:38:34,iot-kafka,4.92%,910MiB / 2.767GiB,32.12%,528MB / 15.7MB,105MB / 428MB
2026-06-13 02:38:41,iot-postgres,0.01%,25.65MiB / 2.767GiB,0.91%,141kB / 126B,132MB / 233kB
2026-06-13 02:38:41,iot-mosquitto,0.10%,19.55MiB / 2.767GiB,0.69%,84.1kB / 69.9kB,27.6MB / 1.8MB
2026-06-13 02:38:41,iot-kafka,4.81%,910MiB / 2.767GiB,32.12%,528MB / 15.7MB,105MB / 429MB
2026-06-13 02:38:47,iot-postgres,0.00%,25.62MiB / 2.767GiB,0.90%,141kB / 126B,132MB / 233kB
2026-06-13 02:38:47,iot-mosquitto,0.11%,19.79MiB / 2.767GiB,0.70%,84.1kB / 69.9kB,27.6MB / 1.81MB
2026-06-13 02:38:47,iot-kafka,3.85%,909.2MiB / 2.767GiB,32.09%,528MB / 15.7MB,105MB / 429MB
2026-06-13 02:38:53,iot-postgres,0.01%,25.63MiB / 2.767GiB,0.90%,141kB / 126B,132MB / 233kB
2026-06-13 02:38:53,iot-mosquitto,0.14%,19.54MiB / 2.767GiB,0.69%,84.1kB / 69.9kB,27.6MB / 1.81MB
2026-06-13 02:38:53,iot-kafka,1.86%,909.5MiB / 2.767GiB,32.10%,528MB / 15.7MB,105MB / 429MB
2026-06-13 02:39:00,iot-postgres,0.00%,25.62MiB / 2.767GiB,0.90%,141kB / 126B,132MB / 233kB
2026-06-13 02:39:00,iot-mosquitto,0.10%,19.55MiB / 2.767GiB,0.69%,84.1kB / 69.9kB,27.6MB / 1.81MB
2026-06-13 02:39:00,iot-kafka,1.37%,909.4MiB / 2.767GiB,32.10%,528MB / 15.7MB,105MB / 429MB
2026-06-13 02:39:06,iot-postgres,0.01%,25.64MiB / 2.767GiB,0.91%,141kB / 126B,132MB / 233kB
2026-06-13 02:39:06,iot-mosquitto,0.10%,19.55MiB / 2.767GiB,0.69%,84.1kB / 69.9kB,27.6MB / 1.81MB
2026-06-13 02:39:06,iot-kafka,3.76%,909.2MiB / 2.767GiB,32.09%,528MB / 15.7MB,105MB / 429MB
2026-06-13 02:39:12,iot-postgres,0.00%,25.62MiB / 2.767GiB,0.90%,141kB / 126B,132MB / 233kB
2026-06-13 02:39:12,iot-mosquitto,0.34%,19.82MiB / 2.767GiB,0.70%,84.1kB / 69.9kB,27.6MB / 1.81MB
2026-06-13 02:39:12,iot-kafka,2.42%,909.2MiB / 2.767GiB,32.09%,528MB / 15.7MB,105MB / 429MB
2026-06-13 02:39:19,iot-postgres,0.00%,25.62MiB / 2.767GiB,0.90%,141kB / 126B,132MB / 233kB
2026-06-13 02:39:19,iot-mosquitto,0.13%,19.54MiB / 2.767GiB,0.69%,84.1kB / 69.9kB,27.6MB / 1.81MB
2026-06-13 02:39:19,iot-kafka,8.76%,909.6MiB / 2.767GiB,32.10%,528MB / 15.7MB,105MB / 429MB
2026-06-13 02:39:25,iot-postgres,0.00%,25.62MiB / 2.767GiB,0.90%,141kB / 126B,132MB / 233kB
2026-06-13 02:39:25,iot-mosquitto,0.12%,19.54MiB / 2.767GiB,0.69%,84.1kB / 69.9kB,27.6MB / 1.81MB
2026-06-13 02:39:25,iot-kafka,3.55%,909.5MiB / 2.767GiB,32.10%,528MB / 15.7MB,105MB / 429MB
2026-06-13 02:39:31,iot-postgres,0.01%,25.62MiB / 2.767GiB,0.90%,141kB / 126B,132MB / 233kB
2026-06-13 02:39:31,iot-mosquitto,0.15%,19.55MiB / 2.767GiB,0.69%,84.1kB / 69.9kB,27.6MB / 1.82MB
2026-06-13 02:39:31,iot-kafka,2.13%,909.9MiB / 2.767GiB,32.11%,528MB / 15.7MB,105MB / 429MB
2026-06-13 02:39:38,iot-postgres,0.00%,25.63MiB / 2.767GiB,0.90%,141kB / 126B,132MB / 233kB
2026-06-13 02:39:38,iot-mosquitto,0.12%,19.55MiB / 2.767GiB,0.69%,84.1kB / 69.9kB,27.6MB / 1.82MB
2026-06-13 02:39:38,iot-kafka,2.07%,909.4MiB / 2.767GiB,32.10%,528MB / 15.7MB,105MB / 429MB
2026-06-13 02:39:44,iot-postgres,0.01%,25.63MiB / 2.767GiB,0.90%,141kB / 126B,132MB / 233kB
2026-06-13 02:39:44,iot-mosquitto,0.10%,19.59MiB / 2.767GiB,0.69%,84.1kB / 69.9kB,27.6MB / 1.82MB
2026-06-13 02:39:44,iot-kafka,1.96%,909.5MiB / 2.767GiB,32.10%,528MB / 15.7MB,105MB / 429MB
2026-06-13 02:39:51,iot-postgres,0.01%,25.63MiB / 2.767GiB,0.90%,141kB / 126B,132MB / 233kB
2026-06-13 02:39:51,iot-mosquitto,0.12%,19.54MiB / 2.767GiB,0.69%,84.1kB / 69.9kB,27.6MB / 1.82MB
2026-06-13 02:39:51,iot-kafka,1.54%,910MiB / 2.767GiB,32.12%,528MB / 15.7MB,105MB / 429MB
2026-06-13 02:39:57,iot-postgres,0.00%,25.62MiB / 2.767GiB,0.90%,141kB / 126B,132MB / 233kB
2026-06-13 02:39:57,iot-mosquitto,3.33%,21.05MiB / 2.767GiB,0.74%,84.1kB / 69.9kB,27.6MB / 1.82MB
2026-06-13 02:39:57,iot-kafka,2.63%,909.7MiB / 2.767GiB,32.11%,528MB / 15.7MB,105MB / 430MB
2026-06-13 02:40:03,iot-postgres,0.00%,25.63MiB / 2.767GiB,0.90%,141kB / 126B,132MB / 233kB
2026-06-13 02:40:03,iot-mosquitto,0.16%,19.55MiB / 2.767GiB,0.69%,84.1kB / 69.9kB,27.6MB / 1.82MB
2026-06-13 02:40:03,iot-kafka,2.55%,909.5MiB / 2.767GiB,32.10%,528MB / 15.7MB,105MB / 430MB
2026-06-13 02:40:10,iot-postgres,0.00%,25.63MiB / 2.767GiB,0.90%,141kB / 126B,132MB / 233kB
2026-06-13 02:40:10,iot-mosquitto,0.11%,19.55MiB / 2.767GiB,0.69%,84.1kB / 69.9kB,27.6MB / 1.82MB
2026-06-13 02:40:10,iot-kafka,7.44%,910.6MiB / 2.767GiB,32.14%,528MB / 15.7MB,105MB / 430MB
2026-06-13 02:40:16,iot-postgres,0.02%,25.62MiB / 2.767GiB,0.90%,141kB / 126B,132MB / 233kB
2026-06-13 02:40:16,iot-mosquitto,0.14%,19.57MiB / 2.767GiB,0.69%,84.1kB / 69.9kB,27.6MB / 1.83MB
2026-06-13 02:40:16,iot-kafka,3.76%,909.8MiB / 2.767GiB,32.11%,528MB / 15.7MB,105MB / 430MB
2026-06-13 02:40:22,iot-postgres,7.69%,25.95MiB / 2.767GiB,0.92%,141kB / 126B,132MB / 233kB
2026-06-13 02:40:22,iot-mosquitto,0.09%,19.54MiB / 2.767GiB,0.69%,84.1kB / 69.9kB,27.6MB / 1.83MB
2026-06-13 02:40:22,iot-kafka,2.06%,909.5MiB / 2.767GiB,32.10%,528MB / 15.7MB,105MB / 430MB
2026-06-13 02:40:29,iot-postgres,0.00%,25.62MiB / 2.767GiB,0.90%,141kB / 126B,132MB / 233kB
2026-06-13 02:40:29,iot-mosquitto,0.25%,20.29MiB / 2.767GiB,0.72%,84.1kB / 69.9kB,27.6MB / 1.83MB
2026-06-13 02:40:29,iot-kafka,2.16%,909.5MiB / 2.767GiB,32.10%,528MB / 15.7MB,105MB / 430MB
2026-06-13 02:40:35,iot-postgres,0.00%,25.62MiB / 2.767GiB,0.90%,141kB / 126B,132MB / 233kB
2026-06-13 02:40:35,iot-mosquitto,0.12%,19.55MiB / 2.767GiB,0.69%,84.1kB / 69.9kB,27.6MB / 1.83MB
2026-06-13 02:40:35,iot-kafka,2.06%,909.5MiB / 2.767GiB,32.10%,528MB / 15.7MB,105MB / 430MB
2026-06-13 02:40:41,iot-postgres,0.01%,25.62MiB / 2.767GiB,0.90%,141kB / 126B,132MB / 233kB
2026-06-13 02:40:41,iot-mosquitto,0.13%,19.55MiB / 2.767GiB,0.69%,84.1kB / 69.9kB,27.6MB / 1.83MB
2026-06-13 02:40:41,iot-kafka,4.92%,910.9MiB / 2.767GiB,32.15%,528MB / 15.7MB,105MB / 430MB
2026-06-13 02:40:48,iot-postgres,0.00%,25.62MiB / 2.767GiB,0.90%,141kB / 126B,132MB / 233kB
2026-06-13 02:40:48,iot-mosquitto,0.15%,19.55MiB / 2.767GiB,0.69%,84.1kB / 69.9kB,27.6MB / 1.84MB
2026-06-13 02:40:48,iot-kafka,1.79%,909.7MiB / 2.767GiB,32.11%,528MB / 15.7MB,105MB / 430MB
2026-06-13 02:40:54,iot-postgres,0.00%,25.77MiB / 2.767GiB,0.91%,141kB / 126B,132MB / 233kB
2026-06-13 02:40:54,iot-mosquitto,0.11%,19.55MiB / 2.767GiB,0.69%,84.1kB / 69.9kB,27.6MB / 1.84MB
2026-06-13 02:40:54,iot-kafka,3.07%,909.8MiB / 2.767GiB,32.11%,528MB / 15.7MB,105MB / 430MB
2026-06-13 02:41:00,iot-postgres,0.00%,25.62MiB / 2.767GiB,0.90%,141kB / 126B,132MB / 233kB
2026-06-13 02:41:00,iot-mosquitto,0.13%,20.5MiB / 2.767GiB,0.72%,84.1kB / 69.9kB,27.6MB / 1.84MB
2026-06-13 02:41:00,iot-kafka,9.83%,909.3MiB / 2.767GiB,32.09%,528MB / 15.7MB,105MB / 430MB
2026-06-13 02:41:07,iot-postgres,0.02%,25.62MiB / 2.767GiB,0.90%,141kB / 126B,132MB / 233kB
2026-06-13 02:41:07,iot-mosquitto,0.13%,19.54MiB / 2.767GiB,0.69%,84.1kB / 69.9kB,27.6MB / 1.84MB
2026-06-13 02:41:07,iot-kafka,3.06%,910MiB / 2.767GiB,32.12%,528MB / 15.7MB,105MB / 431MB
2026-06-13 02:41:13,iot-postgres,7.62%,25.91MiB / 2.767GiB,0.91%,141kB / 126B,132MB / 233kB
2026-06-13 02:41:13,iot-mosquitto,5.98%,20.02MiB / 2.767GiB,0.71%,84.1kB / 69.9kB,27.6MB / 1.84MB
2026-06-13 02:41:13,iot-kafka,2.43%,909.7MiB / 2.767GiB,32.11%,528MB / 15.7MB,105MB / 431MB
2026-06-13 02:41:20,iot-postgres,0.00%,25.62MiB / 2.767GiB,0.90%,141kB / 126B,132MB / 233kB
2026-06-13 02:41:20,iot-mosquitto,0.12%,19.57MiB / 2.767GiB,0.69%,84.1kB / 69.9kB,27.6MB / 1.84MB
2026-06-13 02:41:20,iot-kafka,2.18%,909.2MiB / 2.767GiB,32.09%,528MB / 15.7MB,105MB / 431MB
2026-06-13 02:41:26,iot-postgres,0.01%,25.62MiB / 2.767GiB,0.90%,141kB / 126B,132MB / 233kB
2026-06-13 02:41:26,iot-mosquitto,0.11%,19.54MiB / 2.767GiB,0.69%,84.1kB / 69.9kB,27.6MB / 1.84MB
2026-06-13 02:41:26,iot-kafka,2.11%,909.5MiB / 2.767GiB,32.10%,528MB / 15.7MB,105MB / 431MB
2026-06-13 02:41:32,iot-postgres,0.00%,25.62MiB / 2.767GiB,0.90%,141kB / 126B,132MB / 233kB
2026-06-13 02:41:32,iot-mosquitto,0.10%,19.54MiB / 2.767GiB,0.69%,84.1kB / 69.9kB,27.6MB / 1.85MB
2026-06-13 02:41:32,iot-kafka,2.18%,909.5MiB / 2.767GiB,32.10%,528MB / 15.7MB,105MB / 431MB
2026-06-13 02:41:39,iot-postgres,0.00%,25.62MiB / 2.767GiB,0.90%,141kB / 126B,132MB / 233kB
2026-06-13 02:41:39,iot-mosquitto,0.10%,19.54MiB / 2.767GiB,0.69%,84.1kB / 69.9kB,27.6MB / 1.85MB
2026-06-13 02:41:39,iot-kafka,1.78%,909.7MiB / 2.767GiB,32.11%,528MB / 15.7MB,105MB / 431MB
2026-06-13 02:41:45,iot-postgres,0.00%,25.62MiB / 2.767GiB,0.90%,141kB / 126B,132MB / 233kB
2026-06-13 02:41:45,iot-mosquitto,0.11%,20.24MiB / 2.767GiB,0.71%,84.1kB / 69.9kB,27.6MB / 1.85MB
2026-06-13 02:41:45,iot-kafka,1.76%,909.5MiB / 2.767GiB,32.10%,528MB / 15.7MB,105MB / 431MB
2026-06-13 02:41:51,iot-postgres,0.01%,25.62MiB / 2.767GiB,0.90%,141kB / 126B,132MB / 233kB
2026-06-13 02:41:51,iot-mosquitto,0.11%,19.55MiB / 2.767GiB,0.69%,84.1kB / 69.9kB,27.6MB / 1.85MB
2026-06-13 02:41:51,iot-kafka,2.38%,910MiB / 2.767GiB,32.12%,528MB / 15.7MB,105MB / 431MB
2026-06-13 02:41:58,iot-postgres,0.01%,25.62MiB / 2.767GiB,0.90%,141kB / 126B,132MB / 233kB
2026-06-13 02:41:58,iot-mosquitto,0.07%,19.55MiB / 2.767GiB,0.69%,84.1kB / 69.9kB,27.6MB / 1.85MB
2026-06-13 02:41:58,iot-kafka,1.27%,909.5MiB / 2.767GiB,32.10%,528MB / 15.7MB,105MB / 431MB
2026-06-13 02:42:04,iot-postgres,3.35%,25.72MiB / 2.767GiB,0.91%,141kB / 126B,132MB / 233kB
2026-06-13 02:42:04,iot-mosquitto,0.09%,19.54MiB / 2.767GiB,0.69%,84.1kB / 69.9kB,27.6MB / 1.86MB
2026-06-13 02:42:04,iot-kafka,3.14%,909.7MiB / 2.767GiB,32.11%,528MB / 15.7MB,105MB / 431MB
2026-06-13 02:42:10,iot-postgres,0.00%,25.63MiB / 2.767GiB,0.90%,141kB / 126B,132MB / 233kB
2026-06-13 02:42:10,iot-mosquitto,0.07%,19.54MiB / 2.767GiB,0.69%,84.1kB / 69.9kB,27.6MB / 1.86MB
2026-06-13 02:42:10,iot-kafka,1.42%,909.2MiB / 2.767GiB,32.09%,528MB / 15.7MB,105MB / 431MB
2026-06-13 02:42:16,iot-postgres,0.01%,25.63MiB / 2.767GiB,0.90%,141kB / 126B,132MB / 233kB
2026-06-13 02:42:16,iot-mosquitto,0.07%,19.85MiB / 2.767GiB,0.70%,84.1kB / 69.9kB,27.6MB / 1.86MB
2026-06-13 02:42:16,iot-kafka,1.21%,909.5MiB / 2.767GiB,32.10%,528MB / 15.7MB,105MB / 431MB
2026-06-13 02:42:22,iot-postgres,0.00%,25.63MiB / 2.767GiB,0.90%,141kB / 126B,132MB / 233kB
2026-06-13 02:42:22,iot-mosquitto,0.08%,19.55MiB / 2.767GiB,0.69%,84.1kB / 69.9kB,27.6MB / 1.86MB
2026-06-13 02:42:22,iot-kafka,1.60%,909.8MiB / 2.767GiB,32.11%,528MB / 15.7MB,105MB / 431MB
2026-06-13 02:42:28,iot-postgres,0.01%,25.62MiB / 2.767GiB,0.90%,141kB / 126B,132MB / 233kB
2026-06-13 02:42:28,iot-mosquitto,0.07%,19.55MiB / 2.767GiB,0.69%,84.1kB / 69.9kB,27.6MB / 1.86MB
2026-06-13 02:42:28,iot-kafka,1.38%,909.7MiB / 2.767GiB,32.11%,528MB / 15.7MB,105MB / 432MB
2026-06-13 02:42:35,iot-postgres,3.42%,25.62MiB / 2.767GiB,0.90%,141kB / 126B,132MB / 233kB
2026-06-13 02:42:35,iot-mosquitto,0.07%,19.54MiB / 2.767GiB,0.69%,84.1kB / 69.9kB,27.6MB / 1.86MB
2026-06-13 02:42:35,iot-kafka,1.21%,909.8MiB / 2.767GiB,32.11%,528MB / 15.7MB,105MB / 432MB
2026-06-13 02:42:41,iot-postgres,0.00%,25.62MiB / 2.767GiB,0.90%,141kB / 126B,132MB / 233kB
2026-06-13 02:42:41,iot-mosquitto,0.06%,19.54MiB / 2.767GiB,0.69%,84.1kB / 69.9kB,27.6MB / 1.86MB
2026-06-13 02:42:41,iot-kafka,5.85%,909.6MiB / 2.767GiB,32.10%,528MB / 15.7MB,105MB / 432MB
2026-06-13 02:42:47,iot-postgres,0.00%,25.62MiB / 2.767GiB,0.90%,141kB / 126B,132MB / 233kB
2026-06-13 02:42:47,iot-mosquitto,0.07%,19.55MiB / 2.767GiB,0.69%,84.1kB / 69.9kB,27.6MB / 1.87MB
2026-06-13 02:42:47,iot-kafka,1.43%,910.2MiB / 2.767GiB,32.13%,528MB / 15.7MB,105MB / 432MB
2026-06-13 02:42:53,iot-postgres,0.00%,25.62MiB / 2.767GiB,0.90%,141kB / 126B,132MB / 233kB
2026-06-13 02:42:53,iot-mosquitto,0.05%,19.55MiB / 2.767GiB,0.69%,84.1kB / 69.9kB,27.6MB / 1.87MB
2026-06-13 02:42:53,iot-kafka,1.29%,909.7MiB / 2.767GiB,32.11%,528MB / 15.7MB,105MB / 432MB
2026-06-13 02:42:59,iot-postgres,0.01%,25.63MiB / 2.767GiB,0.90%,141kB / 126B,132MB / 233kB
2026-06-13 02:42:59,iot-mosquitto,2.76%,19.78MiB / 2.767GiB,0.70%,84.1kB / 69.9kB,27.6MB / 1.87MB
2026-06-13 02:42:59,iot-kafka,1.20%,909.7MiB / 2.767GiB,32.11%,528MB / 15.7MB,105MB / 432MB
2026-06-13 02:43:05,iot-postgres,0.00%,25.62MiB / 2.767GiB,0.90%,141kB / 126B,132MB / 233kB
2026-06-13 02:43:05,iot-mosquitto,0.08%,19.54MiB / 2.767GiB,0.69%,84.1kB / 69.9kB,27.6MB / 1.87MB
2026-06-13 02:43:05,iot-kafka,1.35%,909.7MiB / 2.767GiB,32.11%,528MB / 15.7MB,105MB / 432MB
2026-06-13 02:43:12,iot-postgres,0.01%,25.62MiB / 2.767GiB,0.90%,141kB / 126B,132MB / 233kB
2026-06-13 02:43:12,iot-mosquitto,0.07%,19.54MiB / 2.767GiB,0.69%,84.1kB / 69.9kB,27.6MB / 1.87MB
2026-06-13 02:43:12,iot-kafka,5.77%,909.8MiB / 2.767GiB,32.11%,528MB / 15.7MB,105MB / 432MB
2026-06-13 02:43:18,iot-postgres,0.00%,25.63MiB / 2.767GiB,0.90%,141kB / 126B,132MB / 233kB
2026-06-13 02:43:18,iot-mosquitto,0.07%,19.56MiB / 2.767GiB,0.69%,84.1kB / 69.9kB,27.6MB / 1.87MB
2026-06-13 02:43:18,iot-kafka,1.34%,909.5MiB / 2.767GiB,32.10%,528MB / 15.7MB,105MB / 432MB
2026-06-13 02:43:24,iot-postgres,0.00%,25.63MiB / 2.767GiB,0.90%,141kB / 126B,132MB / 233kB
2026-06-13 02:43:24,iot-mosquitto,0.06%,19.55MiB / 2.767GiB,0.69%,84.1kB / 69.9kB,27.6MB / 1.87MB
2026-06-13 02:43:24,iot-kafka,1.49%,909.8MiB / 2.767GiB,32.11%,528MB / 15.7MB,105MB / 432MB
2026-06-13 02:43:30,iot-postgres,0.00%,25.62MiB / 2.767GiB,0.90%,141kB / 126B,132MB / 233kB
2026-06-13 02:43:30,iot-mosquitto,2.46%,19.87MiB / 2.767GiB,0.70%,84.1kB / 69.9kB,27.6MB / 1.88MB
2026-06-13 02:43:30,iot-kafka,1.25%,909.5MiB / 2.767GiB,32.10%,528MB / 15.7MB,105MB / 432MB
2026-06-13 02:43:36,iot-postgres,0.01%,25.62MiB / 2.767GiB,0.90%,141kB / 126B,132MB / 233kB
2026-06-13 02:43:36,iot-mosquitto,0.08%,19.79MiB / 2.767GiB,0.70%,84.1kB / 69.9kB,27.6MB / 1.88MB
2026-06-13 02:43:36,iot-kafka,2.12%,909.5MiB / 2.767GiB,32.10%,528MB / 15.7MB,105MB / 432MB
2026-06-13 02:43:42,iot-postgres,0.00%,25.62MiB / 2.767GiB,0.90%,141kB / 126B,132MB / 233kB
2026-06-13 02:43:42,iot-mosquitto,0.06%,19.54MiB / 2.767GiB,0.69%,84.1kB / 69.9kB,27.6MB / 1.88MB
2026-06-13 02:43:42,iot-kafka,1.41%,909.2MiB / 2.767GiB,32.09%,528MB / 15.7MB,105MB / 433MB
2026-06-13 02:43:49,iot-postgres,0.00%,25.62MiB / 2.767GiB,0.90%,141kB / 126B,132MB / 233kB
2026-06-13 02:43:49,iot-mosquitto,0.07%,19.55MiB / 2.767GiB,0.69%,84.1kB / 69.9kB,27.6MB / 1.88MB
2026-06-13 02:43:49,iot-kafka,1.41%,909.5MiB / 2.767GiB,32.10%,528MB / 15.7MB,105MB / 433MB
2026-06-13 02:43:55,iot-postgres,3.45%,26.12MiB / 2.767GiB,0.92%,141kB / 126B,132MB / 233kB
2026-06-13 02:43:55,iot-mosquitto,0.08%,19.55MiB / 2.767GiB,0.69%,84.1kB / 69.9kB,27.6MB / 1.88MB
2026-06-13 02:43:55,iot-kafka,1.12%,909.9MiB / 2.767GiB,32.12%,528MB / 15.7MB,105MB / 433MB
2026-06-13 02:44:01,iot-postgres,0.00%,25.62MiB / 2.767GiB,0.90%,141kB / 126B,132MB / 233kB
2026-06-13 02:44:01,iot-mosquitto,0.08%,19.77MiB / 2.767GiB,0.70%,84.1kB / 69.9kB,27.6MB / 1.88MB
2026-06-13 02:44:01,iot-kafka,1.27%,909.2MiB / 2.767GiB,32.09%,528MB / 15.7MB,105MB / 433MB
2026-06-13 02:44:07,iot-postgres,0.00%,25.67MiB / 2.767GiB,0.91%,141kB / 126B,132MB / 233kB
2026-06-13 02:44:07,iot-mosquitto,0.07%,19.79MiB / 2.767GiB,0.70%,84.1kB / 69.9kB,27.6MB / 1.88MB
2026-06-13 02:44:07,iot-kafka,1.76%,909.7MiB / 2.767GiB,32.11%,528MB / 15.7MB,105MB / 433MB
2026-06-13 02:44:13,iot-postgres,0.00%,25.66MiB / 2.767GiB,0.91%,141kB / 126B,132MB / 233kB
2026-06-13 02:44:13,iot-mosquitto,0.07%,19.54MiB / 2.767GiB,0.69%,84.1kB / 69.9kB,27.6MB / 1.88MB
2026-06-13 02:44:13,iot-kafka,3.16%,909.5MiB / 2.767GiB,32.10%,528MB / 15.7MB,105MB / 433MB
2026-06-13 02:44:19,iot-postgres,0.00%,25.62MiB / 2.767GiB,0.90%,141kB / 126B,132MB / 233kB
2026-06-13 02:44:19,iot-mosquitto,0.06%,19.55MiB / 2.767GiB,0.69%,84.1kB / 69.9kB,27.6MB / 1.89MB
2026-06-13 02:44:19,iot-kafka,1.46%,910MiB / 2.767GiB,32.12%,528MB / 15.7MB,105MB / 433MB
2026-06-13 02:44:25,iot-postgres,3.42%,25.76MiB / 2.767GiB,0.91%,141kB / 126B,132MB / 233kB
2026-06-13 02:44:25,iot-mosquitto,0.06%,19.54MiB / 2.767GiB,0.69%,84.1kB / 69.9kB,27.6MB / 1.89MB
2026-06-13 02:44:25,iot-kafka,1.36%,909.7MiB / 2.767GiB,32.11%,528MB / 15.7MB,105MB / 433MB
2026-06-13 02:44:32,iot-postgres,0.00%,25.62MiB / 2.767GiB,0.90%,141kB / 126B,132MB / 233kB
2026-06-13 02:44:32,iot-mosquitto,0.07%,19.81MiB / 2.767GiB,0.70%,84.1kB / 69.9kB,27.6MB / 1.89MB
2026-06-13 02:44:32,iot-kafka,3.73%,909.9MiB / 2.767GiB,32.12%,528MB / 15.7MB,105MB / 433MB
2026-06-13 02:44:38,iot-postgres,0.00%,25.62MiB / 2.767GiB,0.90%,141kB / 126B,132MB / 233kB
2026-06-13 02:44:38,iot-mosquitto,0.07%,19.54MiB / 2.767GiB,0.69%,84.1kB / 69.9kB,27.6MB / 1.89MB
2026-06-13 02:44:38,iot-kafka,1.97%,909.5MiB / 2.767GiB,32.10%,528MB / 15.7MB,105MB / 433MB
2026-06-13 02:44:44,iot-postgres,0.00%,25.62MiB / 2.767GiB,0.90%,141kB / 126B,132MB / 233kB
2026-06-13 02:44:44,iot-mosquitto,0.06%,19.54MiB / 2.767GiB,0.69%,84.1kB / 69.9kB,27.6MB / 1.89MB
2026-06-13 02:44:44,iot-kafka,1.55%,909.5MiB / 2.767GiB,32.10%,528MB / 15.7MB,105MB / 433MB
2026-06-13 02:44:50,iot-postgres,0.00%,25.62MiB / 2.767GiB,0.90%,141kB / 126B,132MB / 233kB
2026-06-13 02:44:50,iot-mosquitto,0.06%,19.55MiB / 2.767GiB,0.69%,84.1kB / 69.9kB,27.6MB / 1.89MB
2026-06-13 02:44:50,iot-kafka,2.60%,911.1MiB / 2.767GiB,32.16%,528MB / 15.7MB,105MB / 433MB
2026-06-13 02:44:56,iot-postgres,0.00%,25.67MiB / 2.767GiB,0.91%,141kB / 126B,132MB / 233kB
2026-06-13 02:44:56,iot-mosquitto,0.06%,19.55MiB / 2.767GiB,0.69%,84.1kB / 69.9kB,27.6MB / 1.89MB
2026-06-13 02:44:56,iot-kafka,1.25%,909.5MiB / 2.767GiB,32.10%,528MB / 15.7MB,105MB / 433MB
2026-06-13 02:45:02,iot-postgres,0.00%,25.62MiB / 2.767GiB,0.90%,141kB / 126B,132MB / 233kB
2026-06-13 02:45:02,iot-mosquitto,0.08%,19.54MiB / 2.767GiB,0.69%,84.1kB / 69.9kB,27.6MB / 1.9MB
2026-06-13 02:45:02,iot-kafka,3.56%,909.6MiB / 2.767GiB,32.11%,528MB / 15.7MB,105MB / 434MB
2026-06-13 02:45:09,iot-postgres,0.00%,25.63MiB / 2.767GiB,0.90%,141kB / 126B,132MB / 233kB
2026-06-13 02:45:09,iot-mosquitto,0.07%,19.54MiB / 2.767GiB,0.69%,84.1kB / 69.9kB,27.6MB / 1.9MB
2026-06-13 02:45:09,iot-kafka,1.41%,909.8MiB / 2.767GiB,32.11%,528MB / 15.7MB,105MB / 434MB
2026-06-13 02:45:15,iot-postgres,0.00%,25.63MiB / 2.767GiB,0.90%,141kB / 126B,132MB / 233kB
2026-06-13 02:45:15,iot-mosquitto,0.07%,19.54MiB / 2.767GiB,0.69%,84.1kB / 69.9kB,27.6MB / 1.9MB
2026-06-13 02:45:15,iot-kafka,0.89%,909.3MiB / 2.767GiB,32.09%,528MB / 15.7MB,105MB / 434MB
2026-06-13 02:45:21,iot-postgres,0.00%,25.62MiB / 2.767GiB,0.90%,141kB / 126B,132MB / 233kB
2026-06-13 02:45:21,iot-mosquitto,0.07%,19.55MiB / 2.767GiB,0.69%,84.1kB / 69.9kB,27.6MB / 1.9MB
2026-06-13 02:45:21,iot-kafka,1.40%,909.3MiB / 2.767GiB,32.09%,528MB / 15.7MB,105MB / 434MB
2026-06-13 02:45:27,iot-postgres,0.00%,25.62MiB / 2.767GiB,0.90%,141kB / 126B,132MB / 233kB
2026-06-13 02:45:27,iot-mosquitto,0.05%,17.71MiB / 2.767GiB,0.63%,84.1kB / 69.9kB,27.6MB / 1.9MB
2026-06-13 02:45:27,iot-kafka,1.47%,908.7MiB / 2.767GiB,32.07%,528MB / 15.7MB,105MB / 434MB
2026-06-13 02:45:33,iot-postgres,0.00%,18.28MiB / 2.767GiB,0.65%,141kB / 126B,132MB / 233kB
2026-06-13 02:45:33,iot-mosquitto,0.08%,18.34MiB / 2.767GiB,0.65%,84.1kB / 69.9kB,29.8MB / 1.9MB
2026-06-13 02:45:33,iot-kafka,2.86%,909.8MiB / 2.767GiB,32.11%,528MB / 15.7MB,106MB / 434MB
2026-06-13 02:45:39,iot-postgres,0.00%,18.86MiB / 2.767GiB,0.67%,141kB / 126B,144MB / 233kB
2026-06-13 02:45:39,iot-mosquitto,0.12%,18.02MiB / 2.767GiB,0.64%,84.1kB / 69.9kB,29.8MB / 1.9MB
2026-06-13 02:45:39,iot-kafka,2.80%,909.3MiB / 2.767GiB,32.10%,528MB / 15.7MB,106MB / 434MB
2026-06-13 02:45:45,iot-postgres,3.55%,25.44MiB / 2.767GiB,0.90%,141kB / 126B,144MB / 233kB
2026-06-13 02:45:45,iot-mosquitto,2.91%,19.48MiB / 2.767GiB,0.69%,84.1kB / 69.9kB,29.8MB / 1.91MB
2026-06-13 02:45:45,iot-kafka,1.42%,909.1MiB / 2.767GiB,32.09%,528MB / 15.7MB,106MB / 434MB
2026-06-13 02:45:52,iot-postgres,0.01%,25.19MiB / 2.767GiB,0.89%,141kB / 126B,144MB / 233kB
2026-06-13 02:45:52,iot-mosquitto,0.07%,19.13MiB / 2.767GiB,0.68%,84.1kB / 69.9kB,29.8MB / 1.91MB
2026-06-13 02:45:52,iot-kafka,1.24%,908.9MiB / 2.767GiB,32.08%,528MB / 15.7MB,106MB / 434MB
2026-06-13 02:45:58,iot-postgres,0.00%,25.35MiB / 2.767GiB,0.89%,141kB / 126B,144MB / 233kB
2026-06-13 02:45:58,iot-mosquitto,0.08%,18.89MiB / 2.767GiB,0.67%,84.1kB / 69.9kB,29.8MB / 1.91MB
2026-06-13 02:45:58,iot-kafka,1.35%,909.6MiB / 2.767GiB,32.11%,528MB / 15.7MB,106MB / 434MB
2026-06-13 02:46:04,iot-postgres,0.00%,25.35MiB / 2.767GiB,0.89%,141kB / 126B,144MB / 233kB
2026-06-13 02:46:04,iot-mosquitto,0.07%,19.01MiB / 2.767GiB,0.67%,84.1kB / 69.9kB,29.8MB / 1.91MB
2026-06-13 02:46:04,iot-kafka,1.58%,909.5MiB / 2.767GiB,32.10%,528MB / 15.7MB,106MB / 434MB
2026-06-13 02:46:10,iot-postgres,0.00%,25.36MiB / 2.767GiB,0.89%,141kB / 126B,144MB / 233kB
2026-06-13 02:46:10,iot-mosquitto,0.15%,19.25MiB / 2.767GiB,0.68%,84.1kB / 69.9kB,29.8MB / 1.92MB
2026-06-13 02:46:10,iot-kafka,1.15%,909.5MiB / 2.767GiB,32.10%,528MB / 15.7MB,106MB / 434MB
2026-06-13 02:46:16,iot-postgres,3.35%,25.46MiB / 2.767GiB,0.90%,141kB / 126B,144MB / 233kB
2026-06-13 02:46:16,iot-mosquitto,2.87%,19.3MiB / 2.767GiB,0.68%,84.1kB / 69.9kB,29.8MB / 1.92MB
2026-06-13 02:46:16,iot-kafka,2.48%,909.2MiB / 2.767GiB,32.09%,528MB / 15.7MB,106MB / 435MB
2026-06-13 02:46:22,iot-postgres,0.00%,25.46MiB / 2.767GiB,0.90%,141kB / 126B,144MB / 233kB
2026-06-13 02:46:22,iot-mosquitto,0.05%,19.08MiB / 2.767GiB,0.67%,84.1kB / 69.9kB,29.8MB / 1.92MB
2026-06-13 02:46:22,iot-kafka,3.85%,909.7MiB / 2.767GiB,32.11%,528MB / 15.7MB,106MB / 435MB
2026-06-13 02:46:29,iot-postgres,0.00%,25.47MiB / 2.767GiB,0.90%,141kB / 126B,144MB / 233kB
2026-06-13 02:46:29,iot-mosquitto,0.07%,19.07MiB / 2.767GiB,0.67%,84.1kB / 69.9kB,29.8MB / 1.92MB
2026-06-13 02:46:29,iot-kafka,1.37%,909.7MiB / 2.767GiB,32.11%,528MB / 15.7MB,106MB / 435MB
2026-06-13 02:46:35,iot-postgres,0.00%,25.46MiB / 2.767GiB,0.90%,141kB / 126B,144MB / 233kB
2026-06-13 02:46:35,iot-mosquitto,0.07%,19.11MiB / 2.767GiB,0.67%,84.1kB / 69.9kB,29.8MB / 1.92MB
2026-06-13 02:46:35,iot-kafka,1.15%,909.6MiB / 2.767GiB,32.10%,528MB / 15.7MB,106MB / 435MB
2026-06-13 02:46:41,iot-postgres,0.00%,25.51MiB / 2.767GiB,0.90%,141kB / 126B,144MB / 233kB
2026-06-13 02:46:41,iot-mosquitto,0.11%,19.11MiB / 2.767GiB,0.67%,84.1kB / 69.9kB,29.8MB / 1.93MB
2026-06-13 02:46:41,iot-kafka,1.34%,909.7MiB / 2.767GiB,32.11%,528MB / 15.7MB,106MB / 435MB
2026-06-13 02:46:47,iot-postgres,0.00%,25.51MiB / 2.767GiB,0.90%,141kB / 126B,144MB / 233kB
2026-06-13 02:46:47,iot-mosquitto,0.07%,19.62MiB / 2.767GiB,0.69%,84.1kB / 69.9kB,29.8MB / 1.93MB
2026-06-13 02:46:47,iot-kafka,1.49%,909.3MiB / 2.767GiB,32.10%,528MB / 15.7MB,106MB / 435MB
2026-06-13 02:46:53,iot-postgres,0.00%,25.51MiB / 2.767GiB,0.90%,141kB / 126B,144MB / 233kB
2026-06-13 02:46:53,iot-mosquitto,0.07%,19.17MiB / 2.767GiB,0.68%,84.1kB / 69.9kB,29.8MB / 1.93MB
2026-06-13 02:46:53,iot-kafka,3.99%,910.1MiB / 2.767GiB,32.12%,528MB / 15.7MB,106MB / 435MB
2026-06-13 02:46:59,iot-postgres,0.00%,25.52MiB / 2.767GiB,0.90%,141kB / 126B,144MB / 233kB
2026-06-13 02:46:59,iot-mosquitto,0.08%,19.16MiB / 2.767GiB,0.68%,84.1kB / 69.9kB,29.8MB / 1.93MB
2026-06-13 02:46:59,iot-kafka,1.10%,909.6MiB / 2.767GiB,32.10%,528MB / 15.7MB,106MB / 435MB
2026-06-13 02:47:06,iot-postgres,0.00%,25.52MiB / 2.767GiB,0.90%,141kB / 126B,144MB / 233kB
2026-06-13 02:47:06,iot-mosquitto,0.07%,19.19MiB / 2.767GiB,0.68%,84.1kB / 69.9kB,29.8MB / 1.93MB
2026-06-13 02:47:06,iot-kafka,2.72%,909.6MiB / 2.767GiB,32.10%,528MB / 15.7MB,106MB / 435MB
2026-06-13 02:47:12,iot-postgres,0.01%,25.52MiB / 2.767GiB,0.90%,141kB / 126B,144MB / 233kB
2026-06-13 02:47:12,iot-mosquitto,0.14%,19.19MiB / 2.767GiB,0.68%,84.1kB / 69.9kB,29.8MB / 1.93MB
2026-06-13 02:47:12,iot-kafka,1.45%,909.6MiB / 2.767GiB,32.10%,528MB / 15.7MB,106MB / 435MB
2026-06-13 02:47:18,iot-postgres,0.00%,25.54MiB / 2.767GiB,0.90%,141kB / 126B,144MB / 233kB
2026-06-13 02:47:18,iot-mosquitto,0.07%,19.22MiB / 2.767GiB,0.68%,84.1kB / 69.9kB,29.8MB / 1.93MB
2026-06-13 02:47:18,iot-kafka,2.57%,909.3MiB / 2.767GiB,32.10%,528MB / 15.7MB,106MB / 435MB
2026-06-13 02:47:24,iot-postgres,0.01%,25.54MiB / 2.767GiB,0.90%,141kB / 126B,144MB / 233kB
2026-06-13 02:47:24,iot-mosquitto,0.06%,19.2MiB / 2.767GiB,0.68%,84.1kB / 69.9kB,29.8MB / 1.93MB
2026-06-13 02:47:24,iot-kafka,2.74%,911.1MiB / 2.767GiB,32.16%,528MB / 15.7MB,106MB / 435MB
2026-06-13 02:47:30,iot-postgres,0.00%,25.55MiB / 2.767GiB,0.90%,141kB / 126B,144MB / 233kB
2026-06-13 02:47:30,iot-mosquitto,0.07%,19.2MiB / 2.767GiB,0.68%,84.1kB / 69.9kB,29.8MB / 1.93MB
2026-06-13 02:47:30,iot-kafka,1.19%,909.6MiB / 2.767GiB,32.11%,528MB / 15.7MB,106MB / 436MB
2026-06-13 02:47:36,iot-postgres,3.39%,25.98MiB / 2.767GiB,0.92%,141kB / 126B,144MB / 233kB
2026-06-13 02:47:36,iot-mosquitto,0.06%,19.2MiB / 2.767GiB,0.68%,84.1kB / 69.9kB,29.8MB / 1.93MB
2026-06-13 02:47:36,iot-kafka,1.33%,909.4MiB / 2.767GiB,32.10%,528MB / 15.7MB,106MB / 436MB
2026-06-13 02:47:42,iot-postgres,0.00%,25.55MiB / 2.767GiB,0.90%,141kB / 126B,144MB / 233kB
2026-06-13 02:47:42,iot-mosquitto,0.14%,19.44MiB / 2.767GiB,0.69%,84.1kB / 69.9kB,29.8MB / 1.94MB
2026-06-13 02:47:42,iot-kafka,1.29%,909.1MiB / 2.767GiB,32.09%,528MB / 15.7MB,106MB / 436MB
2026-06-13 02:47:49,iot-postgres,0.00%,25.55MiB / 2.767GiB,0.90%,141kB / 126B,144MB / 233kB
2026-06-13 02:47:49,iot-mosquitto,0.07%,19.71MiB / 2.767GiB,0.70%,84.1kB / 69.9kB,29.8MB / 1.94MB
2026-06-13 02:47:49,iot-kafka,1.31%,909.6MiB / 2.767GiB,32.11%,528MB / 15.7MB,106MB / 436MB
2026-06-13 02:47:55,iot-postgres,0.01%,25.55MiB / 2.767GiB,0.90%,141kB / 126B,144MB / 233kB
2026-06-13 02:47:55,iot-mosquitto,0.07%,19.2MiB / 2.767GiB,0.68%,84.1kB / 69.9kB,29.8MB / 1.94MB
2026-06-13 02:47:55,iot-kafka,1.16%,909.7MiB / 2.767GiB,32.11%,528MB / 15.7MB,106MB / 436MB
2026-06-13 02:48:01,iot-postgres,0.00%,25.55MiB / 2.767GiB,0.90%,141kB / 126B,144MB / 233kB
2026-06-13 02:48:01,iot-mosquitto,0.08%,19.2MiB / 2.767GiB,0.68%,84.1kB / 69.9kB,29.8MB / 1.94MB
2026-06-13 02:48:01,iot-kafka,2.48%,909.1MiB / 2.767GiB,32.09%,528MB / 15.7MB,106MB / 436MB
2026-06-13 02:48:07,iot-postgres,3.47%,25.7MiB / 2.767GiB,0.91%,141kB / 126B,144MB / 233kB
2026-06-13 02:48:07,iot-mosquitto,0.08%,19.21MiB / 2.767GiB,0.68%,84.1kB / 69.9kB,29.8MB / 1.94MB
2026-06-13 02:48:07,iot-kafka,2.84%,910.4MiB / 2.767GiB,32.13%,528MB / 15.7MB,106MB / 436MB
2026-06-13 02:48:13,iot-postgres,0.00%,25.56MiB / 2.767GiB,0.90%,141kB / 126B,144MB / 233kB
2026-06-13 02:48:13,iot-mosquitto,0.06%,19.21MiB / 2.767GiB,0.68%,84.1kB / 69.9kB,29.8MB / 1.94MB
2026-06-13 02:48:13,iot-kafka,4.08%,910MiB / 2.767GiB,32.12%,528MB / 15.7MB,106MB / 436MB
2026-06-13 02:48:19,iot-postgres,0.00%,25.57MiB / 2.767GiB,0.90%,141kB / 126B,144MB / 233kB
2026-06-13 02:48:19,iot-mosquitto,0.07%,19.29MiB / 2.767GiB,0.68%,84.1kB / 69.9kB,29.8MB / 1.95MB
2026-06-13 02:48:19,iot-kafka,1.48%,909.4MiB / 2.767GiB,32.10%,528MB / 15.7MB,106MB / 436MB
2026-06-13 02:48:26,iot-postgres,0.01%,25.57MiB / 2.767GiB,0.90%,141kB / 126B,144MB / 233kB
2026-06-13 02:48:26,iot-mosquitto,0.07%,19.22MiB / 2.767GiB,0.68%,84.1kB / 69.9kB,29.8MB / 1.95MB
2026-06-13 02:48:26,iot-kafka,1.47%,909.5MiB / 2.767GiB,32.10%,528MB / 15.7MB,106MB / 436MB
2026-06-13 02:48:32,iot-postgres,0.01%,25.57MiB / 2.767GiB,0.90%,141kB / 126B,144MB / 233kB
2026-06-13 02:48:32,iot-mosquitto,2.80%,19.76MiB / 2.767GiB,0.70%,84.1kB / 69.9kB,29.8MB / 1.95MB
2026-06-13 02:48:32,iot-kafka,1.66%,909.4MiB / 2.767GiB,32.10%,528MB / 15.7MB,106MB / 437MB
2026-06-13 02:48:38,iot-postgres,0.00%,25.59MiB / 2.767GiB,0.90%,141kB / 126B,144MB / 233kB
2026-06-13 02:48:38,iot-mosquitto,0.07%,19.23MiB / 2.767GiB,0.68%,84.1kB / 69.9kB,29.8MB / 1.95MB
2026-06-13 02:48:38,iot-kafka,1.60%,909.9MiB / 2.767GiB,32.11%,528MB / 15.7MB,106MB / 437MB
2026-06-13 02:48:44,iot-postgres,0.00%,25.58MiB / 2.767GiB,0.90%,141kB / 126B,144MB / 233kB
2026-06-13 02:48:44,iot-mosquitto,0.06%,19.23MiB / 2.767GiB,0.68%,84.1kB / 69.9kB,29.8MB / 1.95MB
2026-06-13 02:48:44,iot-kafka,4.88%,910.5MiB / 2.767GiB,32.14%,528MB / 15.7MB,106MB / 437MB
2026-06-13 02:48:50,iot-postgres,0.00%,25.59MiB / 2.767GiB,0.90%,141kB / 126B,144MB / 233kB
2026-06-13 02:48:50,iot-mosquitto,0.08%,19.24MiB / 2.767GiB,0.68%,84.1kB / 69.9kB,29.8MB / 1.96MB
2026-06-13 02:48:50,iot-kafka,1.26%,909.6MiB / 2.767GiB,32.11%,528MB / 15.7MB,106MB / 437MB
2026-06-13 02:48:56,iot-postgres,0.02%,25.59MiB / 2.767GiB,0.90%,141kB / 126B,144MB / 233kB
2026-06-13 02:48:56,iot-mosquitto,0.07%,19.22MiB / 2.767GiB,0.68%,84.1kB / 69.9kB,29.8MB / 1.96MB
2026-06-13 02:48:56,iot-kafka,1.24%,909.2MiB / 2.767GiB,32.09%,528MB / 15.7MB,106MB / 437MB
2026-06-13 02:49:03,iot-postgres,0.00%,25.58MiB / 2.767GiB,0.90%,141kB / 126B,144MB / 233kB
2026-06-13 02:49:03,iot-mosquitto,2.88%,19.23MiB / 2.767GiB,0.68%,84.1kB / 69.9kB,29.8MB / 1.96MB
2026-06-13 02:49:03,iot-kafka,1.52%,909.4MiB / 2.767GiB,32.10%,528MB / 15.7MB,106MB / 437MB
2026-06-13 02:49:09,iot-postgres,0.00%,25.75MiB / 2.767GiB,0.91%,141kB / 126B,144MB / 233kB
2026-06-13 02:49:09,iot-mosquitto,0.05%,19.23MiB / 2.767GiB,0.68%,84.1kB / 69.9kB,29.8MB / 1.96MB
2026-06-13 02:49:09,iot-kafka,1.34%,909.6MiB / 2.767GiB,32.11%,528MB / 15.7MB,106MB / 437MB
2026-06-13 02:49:15,iot-postgres,0.00%,25.63MiB / 2.767GiB,0.90%,141kB / 126B,144MB / 233kB
2026-06-13 02:49:15,iot-mosquitto,0.09%,19.23MiB / 2.767GiB,0.68%,84.1kB / 69.9kB,29.8MB / 1.96MB
2026-06-13 02:49:15,iot-kafka,1.31%,909.3MiB / 2.767GiB,32.09%,528MB / 15.7MB,106MB / 437MB
2026-06-13 02:49:21,iot-postgres,0.00%,25.59MiB / 2.767GiB,0.90%,141kB / 126B,144MB / 233kB
2026-06-13 02:49:21,iot-mosquitto,0.06%,19.25MiB / 2.767GiB,0.68%,84.1kB / 69.9kB,29.8MB / 1.96MB
2026-06-13 02:49:21,iot-kafka,1.26%,909.1MiB / 2.767GiB,32.09%,528MB / 15.7MB,106MB / 437MB
2026-06-13 02:49:27,iot-postgres,3.47%,25.82MiB / 2.767GiB,0.91%,141kB / 126B,144MB / 233kB
2026-06-13 02:49:27,iot-mosquitto,0.08%,19.25MiB / 2.767GiB,0.68%,84.1kB / 69.9kB,29.8MB / 1.96MB
2026-06-13 02:49:27,iot-kafka,1.37%,909.8MiB / 2.767GiB,32.11%,528MB / 15.7MB,106MB / 437MB
2026-06-13 02:49:33,iot-postgres,0.00%,25.59MiB / 2.767GiB,0.90%,141kB / 126B,144MB / 233kB
2026-06-13 02:49:33,iot-mosquitto,0.09%,19.76MiB / 2.767GiB,0.70%,84.1kB / 69.9kB,29.8MB / 1.97MB
2026-06-13 02:49:33,iot-kafka,1.47%,909.9MiB / 2.767GiB,32.11%,528MB / 15.7MB,106MB / 437MB
2026-06-13 02:49:39,iot-postgres,0.00%,25.6MiB / 2.767GiB,0.90%,141kB / 126B,144MB / 233kB
2026-06-13 02:49:39,iot-mosquitto,0.06%,19.26MiB / 2.767GiB,0.68%,84.1kB / 69.9kB,29.8MB / 1.97MB
2026-06-13 02:49:39,iot-kafka,1.28%,909.7MiB / 2.767GiB,32.11%,528MB / 15.7MB,106MB / 437MB
2026-06-13 02:49:46,iot-postgres,0.00%,25.59MiB / 2.767GiB,0.90%,141kB / 126B,144MB / 233kB
2026-06-13 02:49:46,iot-mosquitto,0.09%,19.25MiB / 2.767GiB,0.68%,84.1kB / 69.9kB,29.8MB / 1.97MB
2026-06-13 02:49:46,iot-kafka,3.01%,909.4MiB / 2.767GiB,32.10%,528MB / 15.7MB,106MB / 437MB
2026-06-13 02:49:52,iot-postgres,0.01%,25.6MiB / 2.767GiB,0.90%,141kB / 126B,144MB / 233kB
2026-06-13 02:49:52,iot-mosquitto,0.09%,19.26MiB / 2.767GiB,0.68%,84.1kB / 69.9kB,29.8MB / 1.97MB
2026-06-13 02:49:52,iot-kafka,1.44%,909.4MiB / 2.767GiB,32.10%,528MB / 15.7MB,106MB / 438MB
2026-06-13 02:49:58,iot-postgres,3.31%,25.62MiB / 2.767GiB,0.90%,141kB / 126B,144MB / 233kB
2026-06-13 02:49:58,iot-mosquitto,0.07%,19.25MiB / 2.767GiB,0.68%,84.1kB / 69.9kB,29.8MB / 1.97MB
2026-06-13 02:49:58,iot-kafka,2.87%,909.2MiB / 2.767GiB,32.09%,528MB / 15.7MB,106MB / 438MB
2026-06-13 02:50:04,iot-postgres,0.00%,25.6MiB / 2.767GiB,0.90%,141kB / 126B,144MB / 233kB
2026-06-13 02:50:04,iot-mosquitto,0.07%,19.51MiB / 2.767GiB,0.69%,84.1kB / 69.9kB,29.8MB / 1.97MB
2026-06-13 02:50:04,iot-kafka,3.89%,909.6MiB / 2.767GiB,32.10%,528MB / 15.7MB,106MB / 438MB
2026-06-13 02:50:10,iot-postgres,0.00%,25.59MiB / 2.767GiB,0.90%,141kB / 126B,144MB / 233kB
2026-06-13 02:50:10,iot-mosquitto,0.06%,19.25MiB / 2.767GiB,0.68%,84.1kB / 69.9kB,29.8MB / 1.97MB
2026-06-13 02:50:10,iot-kafka,1.45%,909.7MiB / 2.767GiB,32.11%,528MB / 15.7MB,106MB / 438MB
2026-06-13 02:50:16,iot-postgres,0.00%,25.59MiB / 2.767GiB,0.90%,141kB / 126B,144MB / 233kB
2026-06-13 02:50:16,iot-mosquitto,0.07%,19.25MiB / 2.767GiB,0.68%,84.1kB / 69.9kB,29.8MB / 1.97MB
2026-06-13 02:50:16,iot-kafka,1.45%,909.4MiB / 2.767GiB,32.10%,528MB / 15.7MB,106MB / 438MB
2026-06-13 02:50:23,iot-postgres,0.00%,25.6MiB / 2.767GiB,0.90%,141kB / 126B,144MB / 233kB
2026-06-13 02:50:23,iot-mosquitto,0.08%,19.25MiB / 2.767GiB,0.68%,84.1kB / 69.9kB,29.8MB / 1.98MB
2026-06-13 02:50:23,iot-kafka,1.79%,909.4MiB / 2.767GiB,32.10%,528MB / 15.7MB,106MB / 438MB
2026-06-13 02:50:29,iot-postgres,0.00%,25.6MiB / 2.767GiB,0.90%,141kB / 126B,144MB / 233kB
2026-06-13 02:50:29,iot-mosquitto,0.05%,19.25MiB / 2.767GiB,0.68%,84.1kB / 69.9kB,29.8MB / 1.98MB
2026-06-13 02:50:29,iot-kafka,1.37%,909.7MiB / 2.767GiB,32.11%,528MB / 15.7MB,106MB / 438MB
2026-06-13 02:50:35,iot-postgres,0.00%,25.6MiB / 2.767GiB,0.90%,141kB / 126B,144MB / 233kB
2026-06-13 02:50:35,iot-mosquitto,0.10%,19.52MiB / 2.767GiB,0.69%,84.1kB / 69.9kB,29.8MB / 1.98MB
2026-06-13 02:50:35,iot-kafka,3.78%,909.3MiB / 2.767GiB,32.10%,528MB / 15.7MB,106MB / 438MB
2026-06-13 02:50:41,iot-postgres,0.00%,25.6MiB / 2.767GiB,0.90%,141kB / 126B,144MB / 233kB
2026-06-13 02:50:41,iot-mosquitto,0.07%,19.25MiB / 2.767GiB,0.68%,84.1kB / 69.9kB,29.8MB / 1.98MB
2026-06-13 02:50:41,iot-kafka,1.42%,909.9MiB / 2.767GiB,32.12%,528MB / 15.7MB,106MB / 438MB
2026-06-13 02:50:47,iot-postgres,0.00%,25.6MiB / 2.767GiB,0.90%,141kB / 126B,144MB / 233kB
2026-06-13 02:50:47,iot-mosquitto,0.06%,19.25MiB / 2.767GiB,0.68%,84.1kB / 69.9kB,29.8MB / 1.98MB
2026-06-13 02:50:47,iot-kafka,1.46%,909.1MiB / 2.767GiB,32.09%,528MB / 15.7MB,106MB / 438MB
2026-06-13 02:50:53,iot-postgres,0.00%,25.6MiB / 2.767GiB,0.90%,141kB / 126B,144MB / 233kB
2026-06-13 02:50:53,iot-mosquitto,0.07%,19.26MiB / 2.767GiB,0.68%,84.1kB / 69.9kB,29.8MB / 1.98MB
2026-06-13 02:50:53,iot-kafka,1.36%,909.9MiB / 2.767GiB,32.11%,528MB / 15.7MB,106MB / 438MB
2026-06-13 02:51:00,iot-postgres,0.00%,25.61MiB / 2.767GiB,0.90%,141kB / 126B,144MB / 233kB
2026-06-13 02:51:00,iot-mosquitto,0.08%,19.25MiB / 2.767GiB,0.68%,84.1kB / 69.9kB,29.8MB / 1.98MB
2026-06-13 02:51:00,iot-kafka,1.26%,909.4MiB / 2.767GiB,32.10%,528MB / 15.7MB,106MB / 438MB
2026-06-13 02:51:06,iot-postgres,0.00%,25.61MiB / 2.767GiB,0.90%,141kB / 126B,144MB / 233kB
2026-06-13 02:51:06,iot-mosquitto,0.07%,19.47MiB / 2.767GiB,0.69%,84.1kB / 69.9kB,29.8MB / 1.99MB
2026-06-13 02:51:06,iot-kafka,1.58%,909.8MiB / 2.767GiB,32.11%,528MB / 15.7MB,106MB / 439MB
2026-06-13 02:51:12,iot-postgres,0.00%,25.61MiB / 2.767GiB,0.90%,141kB / 126B,144MB / 233kB
2026-06-13 02:51:12,iot-mosquitto,0.07%,19.25MiB / 2.767GiB,0.68%,84.1kB / 69.9kB,29.8MB / 1.99MB
2026-06-13 02:51:12,iot-kafka,1.62%,909.6MiB / 2.767GiB,32.11%,528MB / 15.7MB,106MB / 439MB
2026-06-13 02:51:18,iot-postgres,3.35%,26MiB / 2.767GiB,0.92%,141kB / 126B,144MB / 233kB
2026-06-13 02:51:18,iot-mosquitto,2.37%,19.79MiB / 2.767GiB,0.70%,84.1kB / 69.9kB,29.8MB / 1.99MB
2026-06-13 02:51:18,iot-kafka,1.50%,909.2MiB / 2.767GiB,32.09%,528MB / 15.7MB,106MB / 439MB
2026-06-13 02:51:24,iot-postgres,0.00%,25.6MiB / 2.767GiB,0.90%,141kB / 126B,144MB / 233kB
2026-06-13 02:51:24,iot-mosquitto,0.07%,19.26MiB / 2.767GiB,0.68%,84.1kB / 69.9kB,29.8MB / 1.99MB
2026-06-13 02:51:24,iot-kafka,1.40%,909.1MiB / 2.767GiB,32.09%,528MB / 15.7MB,106MB / 439MB
2026-06-13 02:51:30,iot-postgres,0.00%,25.61MiB / 2.767GiB,0.90%,141kB / 126B,144MB / 233kB
2026-06-13 02:51:30,iot-mosquitto,0.06%,19.26MiB / 2.767GiB,0.68%,84.1kB / 69.9kB,29.8MB / 1.99MB
2026-06-13 02:51:30,iot-kafka,1.48%,909.4MiB / 2.767GiB,32.10%,528MB / 15.7MB,106MB / 439MB
2026-06-13 02:51:36,iot-postgres,0.00%,25.61MiB / 2.767GiB,0.90%,141kB / 126B,144MB / 233kB
2026-06-13 02:51:36,iot-mosquitto,0.06%,19.26MiB / 2.767GiB,0.68%,84.1kB / 69.9kB,29.8MB / 1.99MB
2026-06-13 02:51:36,iot-kafka,2.68%,909.3MiB / 2.767GiB,32.09%,528MB / 15.7MB,106MB / 439MB
2026-06-13 02:51:43,iot-postgres,0.00%,25.61MiB / 2.767GiB,0.90%,141kB / 126B,144MB / 233kB
2026-06-13 02:51:43,iot-mosquitto,0.07%,19.26MiB / 2.767GiB,0.68%,84.1kB / 69.9kB,29.8MB / 1.99MB
2026-06-13 02:51:43,iot-kafka,1.40%,909.2MiB / 2.767GiB,32.09%,528MB / 15.7MB,106MB / 439MB
2026-06-13 02:51:49,iot-postgres,3.37%,25.61MiB / 2.767GiB,0.90%,141kB / 126B,144MB / 233kB
2026-06-13 02:51:49,iot-mosquitto,2.81%,19.77MiB / 2.767GiB,0.70%,84.1kB / 69.9kB,29.8MB / 2MB
2026-06-13 02:51:49,iot-kafka,1.15%,909.6MiB / 2.767GiB,32.11%,528MB / 15.7MB,106MB / 439MB
2026-06-13 02:51:55,iot-postgres,0.00%,25.61MiB / 2.767GiB,0.90%,141kB / 126B,144MB / 233kB
2026-06-13 02:51:55,iot-mosquitto,0.08%,19.27MiB / 2.767GiB,0.68%,84.1kB / 69.9kB,29.8MB / 2MB
2026-06-13 02:51:55,iot-kafka,5.35%,910.3MiB / 2.767GiB,32.13%,528MB / 15.7MB,106MB / 439MB
2026-06-13 02:52:01,iot-postgres,0.00%,25.61MiB / 2.767GiB,0.90%,141kB / 126B,144MB / 233kB
2026-06-13 02:52:01,iot-mosquitto,0.07%,19.27MiB / 2.767GiB,0.68%,84.1kB / 69.9kB,29.8MB / 2MB
2026-06-13 02:52:01,iot-kafka,2.92%,909.1MiB / 2.767GiB,32.09%,528MB / 15.7MB,106MB / 440MB
2026-06-13 02:52:07,iot-postgres,0.00%,25.61MiB / 2.767GiB,0.90%,141kB / 126B,144MB / 233kB
2026-06-13 02:52:07,iot-mosquitto,0.08%,19.26MiB / 2.767GiB,0.68%,84.1kB / 69.9kB,29.8MB / 2MB
2026-06-13 02:52:07,iot-kafka,1.92%,909.9MiB / 2.767GiB,32.12%,528MB / 15.7MB,106MB / 440MB
2026-06-13 02:52:13,iot-postgres,0.00%,25.61MiB / 2.767GiB,0.90%,141kB / 126B,144MB / 233kB
2026-06-13 02:52:13,iot-mosquitto,0.06%,19.26MiB / 2.767GiB,0.68%,84.1kB / 69.9kB,29.8MB / 2MB
2026-06-13 02:52:13,iot-kafka,4.14%,909.6MiB / 2.767GiB,32.11%,528MB / 15.7MB,106MB / 440MB
2026-06-13 02:52:20,iot-postgres,0.00%,25.61MiB / 2.767GiB,0.90%,141kB / 126B,144MB / 233kB
2026-06-13 02:52:20,iot-mosquitto,0.09%,19.91MiB / 2.767GiB,0.70%,84.1kB / 69.9kB,29.8MB / 2MB
2026-06-13 02:52:20,iot-kafka,1.35%,909.6MiB / 2.767GiB,32.11%,528MB / 15.7MB,106MB / 440MB
2026-06-13 02:52:26,iot-postgres,0.00%,25.61MiB / 2.767GiB,0.90%,141kB / 126B,144MB / 233kB
2026-06-13 02:52:26,iot-mosquitto,0.06%,19.27MiB / 2.767GiB,0.68%,84.1kB / 69.9kB,29.8MB / 2.01MB
2026-06-13 02:52:26,iot-kafka,4.21%,910.1MiB / 2.767GiB,32.12%,528MB / 15.7MB,106MB / 440MB
2026-06-13 02:52:32,iot-postgres,0.01%,25.61MiB / 2.767GiB,0.90%,141kB / 126B,144MB / 233kB
2026-06-13 02:52:32,iot-mosquitto,0.08%,19.27MiB / 2.767GiB,0.68%,84.1kB / 69.9kB,29.8MB / 2.01MB
2026-06-13 02:52:32,iot-kafka,2.92%,909.4MiB / 2.767GiB,32.10%,528MB / 15.7MB,106MB / 440MB
2026-06-13 02:52:38,iot-postgres,0.00%,25.61MiB / 2.767GiB,0.90%,141kB / 126B,144MB / 233kB
2026-06-13 02:52:38,iot-mosquitto,0.05%,19.27MiB / 2.767GiB,0.68%,84.1kB / 69.9kB,29.8MB / 2.01MB
2026-06-13 02:52:38,iot-kafka,1.63%,909.5MiB / 2.767GiB,32.10%,528MB / 15.7MB,106MB / 440MB
2026-06-13 02:52:44,iot-postgres,0.00%,25.61MiB / 2.767GiB,0.90%,141kB / 126B,144MB / 233kB
2026-06-13 02:52:44,iot-mosquitto,0.07%,19.27MiB / 2.767GiB,0.68%,84.1kB / 69.9kB,29.8MB / 2.01MB
2026-06-13 02:52:44,iot-kafka,1.37%,910MiB / 2.767GiB,32.12%,528MB / 15.7MB,106MB / 440MB
2026-06-13 02:52:50,iot-postgres,0.00%,25.61MiB / 2.767GiB,0.90%,141kB / 126B,144MB / 233kB
2026-06-13 02:52:50,iot-mosquitto,0.06%,19.54MiB / 2.767GiB,0.69%,84.1kB / 69.9kB,29.8MB / 2.01MB
2026-06-13 02:52:50,iot-kafka,1.61%,909.4MiB / 2.767GiB,32.10%,528MB / 15.7MB,106MB / 440MB
2026-06-13 02:52:57,iot-postgres,0.01%,25.61MiB / 2.767GiB,0.90%,141kB / 126B,144MB / 233kB
2026-06-13 02:52:57,iot-mosquitto,0.06%,19.28MiB / 2.767GiB,0.68%,84.1kB / 69.9kB,29.8MB / 2.02MB
2026-06-13 02:52:57,iot-kafka,1.40%,909.8MiB / 2.767GiB,32.11%,528MB / 15.7MB,106MB / 440MB
2026-06-13 02:53:03,iot-postgres,0.00%,25.61MiB / 2.767GiB,0.90%,141kB / 126B,144MB / 233kB
2026-06-13 02:53:03,iot-mosquitto,0.07%,19.28MiB / 2.767GiB,0.68%,84.1kB / 69.9kB,29.8MB / 2.02MB
2026-06-13 02:53:03,iot-kafka,1.37%,909.1MiB / 2.767GiB,32.09%,528MB / 15.7MB,106MB / 440MB
2026-06-13 02:53:09,iot-postgres,2.97%,25.88MiB / 2.767GiB,0.91%,141kB / 126B,144MB / 233kB
2026-06-13 02:53:09,iot-mosquitto,0.07%,19.28MiB / 2.767GiB,0.68%,84.1kB / 69.9kB,29.8MB / 2.02MB
2026-06-13 02:53:09,iot-kafka,1.41%,910.4MiB / 2.767GiB,32.13%,528MB / 15.7MB,106MB / 440MB
2026-06-13 02:53:15,iot-postgres,0.00%,25.61MiB / 2.767GiB,0.90%,141kB / 126B,144MB / 233kB
2026-06-13 02:53:15,iot-mosquitto,0.08%,19.28MiB / 2.767GiB,0.68%,84.1kB / 69.9kB,29.8MB / 2.02MB
2026-06-13 02:53:15,iot-kafka,1.20%,909.1MiB / 2.767GiB,32.09%,528MB / 15.7MB,106MB / 440MB
2026-06-13 02:53:21,iot-postgres,0.00%,25.61MiB / 2.767GiB,0.90%,141kB / 126B,144MB / 233kB
2026-06-13 02:53:21,iot-mosquitto,0.08%,19.75MiB / 2.767GiB,0.70%,84.1kB / 69.9kB,29.8MB / 2.02MB
2026-06-13 02:53:21,iot-kafka,1.48%,909.1MiB / 2.767GiB,32.09%,528MB / 15.7MB,106MB / 441MB
2026-06-13 02:53:27,iot-postgres,0.01%,25.61MiB / 2.767GiB,0.90%,141kB / 126B,144MB / 233kB
2026-06-13 02:53:27,iot-mosquitto,0.08%,19.27MiB / 2.767GiB,0.68%,84.1kB / 69.9kB,29.8MB / 2.02MB
2026-06-13 02:53:27,iot-kafka,1.43%,909.9MiB / 2.767GiB,32.11%,528MB / 15.7MB,106MB / 441MB
2026-06-13 02:53:33,iot-postgres,0.00%,25.62MiB / 2.767GiB,0.90%,141kB / 126B,144MB / 233kB
2026-06-13 02:53:33,iot-mosquitto,0.08%,19.27MiB / 2.767GiB,0.68%,84.1kB / 69.9kB,29.8MB / 2.02MB
2026-06-13 02:53:33,iot-kafka,1.30%,909.1MiB / 2.767GiB,32.09%,528MB / 15.7MB,106MB / 441MB
2026-06-13 02:53:40,iot-postgres,3.09%,25.61MiB / 2.767GiB,0.90%,141kB / 126B,144MB / 233kB
2026-06-13 02:53:40,iot-mosquitto,0.10%,19.27MiB / 2.767GiB,0.68%,84.1kB / 69.9kB,29.8MB / 2.02MB
2026-06-13 02:53:40,iot-kafka,4.06%,909.9MiB / 2.767GiB,32.12%,528MB / 15.7MB,106MB / 441MB
2026-06-13 02:53:46,iot-postgres,0.00%,25.61MiB / 2.767GiB,0.90%,141kB / 126B,144MB / 233kB
2026-06-13 02:53:46,iot-mosquitto,0.06%,19.27MiB / 2.767GiB,0.68%,84.1kB / 69.9kB,29.8MB / 2.02MB
2026-06-13 02:53:46,iot-kafka,3.89%,909.8MiB / 2.767GiB,32.11%,528MB / 15.7MB,106MB / 441MB
2026-06-13 02:53:52,iot-postgres,0.02%,25.61MiB / 2.767GiB,0.90%,141kB / 126B,144MB / 233kB
2026-06-13 02:53:52,iot-mosquitto,0.09%,19.57MiB / 2.767GiB,0.69%,84.1kB / 69.9kB,29.8MB / 2.02MB
2026-06-13 02:53:52,iot-kafka,1.62%,909.6MiB / 2.767GiB,32.10%,528MB / 15.7MB,106MB / 441MB
2026-06-13 02:53:58,iot-postgres,0.00%,25.61MiB / 2.767GiB,0.90%,141kB / 126B,144MB / 233kB
2026-06-13 02:53:58,iot-mosquitto,0.06%,19.28MiB / 2.767GiB,0.68%,84.1kB / 69.9kB,29.8MB / 2.03MB
2026-06-13 02:53:58,iot-kafka,1.19%,909.6MiB / 2.767GiB,32.11%,528MB / 15.7MB,106MB / 441MB
2026-06-13 02:54:04,iot-postgres,0.00%,25.61MiB / 2.767GiB,0.90%,141kB / 126B,144MB / 233kB
2026-06-13 02:54:04,iot-mosquitto,2.50%,19.77MiB / 2.767GiB,0.70%,84.1kB / 69.9kB,29.8MB / 2.03MB
2026-06-13 02:54:04,iot-kafka,1.32%,909.6MiB / 2.767GiB,32.10%,528MB / 15.7MB,106MB / 441MB
2026-06-13 02:54:10,iot-postgres,0.00%,25.61MiB / 2.767GiB,0.90%,141kB / 126B,144MB / 233kB
2026-06-13 02:54:10,iot-mosquitto,0.10%,19.28MiB / 2.767GiB,0.68%,84.1kB / 69.9kB,29.8MB / 2.03MB
2026-06-13 02:54:10,iot-kafka,2.81%,910.1MiB / 2.767GiB,32.12%,528MB / 15.7MB,106MB / 441MB
2026-06-13 02:54:17,iot-postgres,0.01%,25.61MiB / 2.767GiB,0.90%,141kB / 126B,144MB / 233kB
2026-06-13 02:54:17,iot-mosquitto,0.07%,19.28MiB / 2.767GiB,0.68%,84.1kB / 69.9kB,29.8MB / 2.03MB
2026-06-13 02:54:17,iot-kafka,4.02%,909.5MiB / 2.767GiB,32.10%,528MB / 15.7MB,106MB / 441MB
2026-06-13 02:54:23,iot-postgres,0.02%,25.61MiB / 2.767GiB,0.90%,141kB / 126B,144MB / 233kB
2026-06-13 02:54:23,iot-mosquitto,0.07%,19.27MiB / 2.767GiB,0.68%,84.1kB / 69.9kB,29.8MB / 2.03MB
2026-06-13 02:54:23,iot-kafka,1.15%,909.3MiB / 2.767GiB,32.09%,528MB / 15.7MB,106MB / 441MB
2026-06-13 02:54:29,iot-postgres,0.00%,25.61MiB / 2.767GiB,0.90%,141kB / 126B,144MB / 233kB
2026-06-13 02:54:29,iot-mosquitto,0.07%,19.27MiB / 2.767GiB,0.68%,84.1kB / 69.9kB,29.8MB / 2.04MB
2026-06-13 02:54:29,iot-kafka,1.49%,909.8MiB / 2.767GiB,32.11%,528MB / 15.7MB,106MB / 442MB
2026-06-13 02:54:35,iot-postgres,0.00%,25.61MiB / 2.767GiB,0.90%,141kB / 126B,144MB / 233kB
2026-06-13 02:54:35,iot-mosquitto,2.80%,19.82MiB / 2.767GiB,0.70%,84.1kB / 69.9kB,29.8MB / 2.04MB
2026-06-13 02:54:35,iot-kafka,1.19%,909.6MiB / 2.767GiB,32.10%,528MB / 15.7MB,106MB / 442MB
2026-06-13 02:54:41,iot-postgres,0.00%,25.61MiB / 2.767GiB,0.90%,141kB / 126B,144MB / 233kB
2026-06-13 02:54:41,iot-mosquitto,0.07%,19.28MiB / 2.767GiB,0.68%,84.1kB / 69.9kB,29.8MB / 2.04MB
2026-06-13 02:54:41,iot-kafka,1.50%,910.3MiB / 2.767GiB,32.13%,528MB / 15.7MB,106MB / 442MB
2026-06-13 02:54:47,iot-postgres,0.01%,25.61MiB / 2.767GiB,0.90%,141kB / 126B,144MB / 233kB
2026-06-13 02:54:47,iot-mosquitto,0.08%,19.28MiB / 2.767GiB,0.68%,84.1kB / 69.9kB,29.8MB / 2.04MB
2026-06-13 02:54:47,iot-kafka,1.24%,909.3MiB / 2.767GiB,32.10%,528MB / 15.7MB,106MB / 442MB
2026-06-13 02:54:53,iot-postgres,0.01%,25.61MiB / 2.767GiB,0.90%,141kB / 126B,144MB / 233kB
2026-06-13 02:54:53,iot-mosquitto,0.10%,19.28MiB / 2.767GiB,0.68%,84.1kB / 69.9kB,29.8MB / 2.04MB
2026-06-13 02:54:53,iot-kafka,1.37%,909.8MiB / 2.767GiB,32.11%,528MB / 15.7MB,106MB / 442MB
2026-06-13 02:55:00,iot-postgres,3.18%,26.09MiB / 2.767GiB,0.92%,141kB / 126B,144MB / 233kB
2026-06-13 02:55:00,iot-mosquitto,0.06%,19.27MiB / 2.767GiB,0.68%,84.1kB / 69.9kB,29.8MB / 2.04MB
2026-06-13 02:55:00,iot-kafka,1.35%,909.7MiB / 2.767GiB,32.11%,528MB / 15.7MB,106MB / 442MB
2026-06-13 02:55:06,iot-postgres,0.00%,25.61MiB / 2.767GiB,0.90%,141kB / 126B,144MB / 233kB
2026-06-13 02:55:06,iot-mosquitto,0.06%,19.29MiB / 2.767GiB,0.68%,84.1kB / 69.9kB,29.8MB / 2.04MB
2026-06-13 02:55:06,iot-kafka,2.77%,909.3MiB / 2.767GiB,32.09%,528MB / 15.7MB,106MB / 442MB
2026-06-13 02:55:12,iot-postgres,0.01%,25.61MiB / 2.767GiB,0.90%,141kB / 126B,144MB / 233kB
2026-06-13 02:55:12,iot-mosquitto,0.08%,19.27MiB / 2.767GiB,0.68%,84.1kB / 69.9kB,29.8MB / 2.04MB
2026-06-13 02:55:12,iot-kafka,1.66%,910.1MiB / 2.767GiB,32.12%,528MB / 15.7MB,106MB / 442MB
2026-06-13 02:55:18,iot-postgres,0.00%,25.61MiB / 2.767GiB,0.90%,141kB / 126B,144MB / 233kB
2026-06-13 02:55:18,iot-mosquitto,0.08%,19.27MiB / 2.767GiB,0.68%,84.1kB / 69.9kB,29.8MB / 2.04MB
2026-06-13 02:55:18,iot-kafka,1.40%,909.6MiB / 2.767GiB,32.10%,528MB / 15.7MB,106MB / 442MB
2026-06-13 02:55:24,iot-postgres,0.02%,25.61MiB / 2.767GiB,0.90%,141kB / 126B,144MB / 233kB
2026-06-13 02:55:24,iot-mosquitto,0.06%,19.27MiB / 2.767GiB,0.68%,84.1kB / 69.9kB,29.8MB / 2.04MB
2026-06-13 02:55:24,iot-kafka,3.04%,909.8MiB / 2.767GiB,32.11%,528MB / 15.7MB,106MB / 442MB
2026-06-13 02:55:30,iot-postgres,3.49%,25.64MiB / 2.767GiB,0.91%,141kB / 126B,144MB / 233kB
2026-06-13 02:55:30,iot-mosquitto,0.07%,19.27MiB / 2.767GiB,0.68%,84.1kB / 69.9kB,29.8MB / 2.05MB
2026-06-13 02:55:30,iot-kafka,1.33%,910MiB / 2.767GiB,32.12%,528MB / 15.7MB,106MB / 442MB
2026-06-13 02:55:37,iot-postgres,0.00%,25.64MiB / 2.767GiB,0.91%,141kB / 126B,144MB / 233kB
2026-06-13 02:55:37,iot-mosquitto,0.07%,19.28MiB / 2.767GiB,0.68%,84.1kB / 69.9kB,29.8MB / 2.06MB
2026-06-13 02:55:37,iot-kafka,5.46%,909.5MiB / 2.767GiB,32.10%,528MB / 15.7MB,106MB / 443MB
2026-06-13 02:55:43,iot-postgres,0.00%,25.61MiB / 2.767GiB,0.90%,141kB / 126B,144MB / 233kB
2026-06-13 02:55:43,iot-mosquitto,0.08%,19.28MiB / 2.767GiB,0.68%,84.1kB / 69.9kB,29.8MB / 2.06MB
2026-06-13 02:55:43,iot-kafka,1.32%,909.8MiB / 2.767GiB,32.11%,528MB / 15.7MB,106MB / 443MB
2026-06-13 02:55:49,iot-postgres,0.00%,25.61MiB / 2.767GiB,0.90%,141kB / 126B,144MB / 233kB
2026-06-13 02:55:49,iot-mosquitto,0.08%,19.28MiB / 2.767GiB,0.68%,84.1kB / 69.9kB,29.8MB / 2.06MB
2026-06-13 02:55:49,iot-kafka,2.16%,909.3MiB / 2.767GiB,32.10%,528MB / 15.7MB,106MB / 443MB
2026-06-13 02:55:55,iot-postgres,0.02%,25.61MiB / 2.767GiB,0.90%,141kB / 126B,144MB / 233kB
2026-06-13 02:55:55,iot-mosquitto,0.07%,19.34MiB / 2.767GiB,0.68%,84.1kB / 69.9kB,29.8MB / 2.06MB
2026-06-13 02:55:55,iot-kafka,1.09%,909.6MiB / 2.767GiB,32.10%,528MB / 15.7MB,106MB / 443MB
2026-06-13 02:56:01,iot-postgres,0.00%,25.6MiB / 2.767GiB,0.90%,141kB / 126B,144MB / 233kB
2026-06-13 02:56:01,iot-mosquitto,0.08%,19.28MiB / 2.767GiB,0.68%,84.1kB / 69.9kB,29.8MB / 2.06MB
2026-06-13 02:56:01,iot-kafka,1.35%,909.6MiB / 2.767GiB,32.10%,528MB / 15.7MB,106MB / 443MB
2026-06-13 02:56:07,iot-postgres,0.00%,25.6MiB / 2.767GiB,0.90%,141kB / 126B,144MB / 233kB
2026-06-13 02:56:07,iot-mosquitto,0.07%,19.63MiB / 2.767GiB,0.69%,84.1kB / 69.9kB,29.8MB / 2.06MB
2026-06-13 02:56:07,iot-kafka,5.02%,910.7MiB / 2.767GiB,32.14%,528MB / 15.7MB,106MB / 443MB
2026-06-13 02:56:13,iot-postgres,0.00%,25.61MiB / 2.767GiB,0.90%,141kB / 126B,144MB / 233kB
2026-06-13 02:56:13,iot-mosquitto,0.07%,19.28MiB / 2.767GiB,0.68%,84.1kB / 69.9kB,29.8MB / 2.06MB
2026-06-13 02:56:13,iot-kafka,1.21%,909.6MiB / 2.767GiB,32.10%,528MB / 15.7MB,106MB / 443MB
2026-06-13 02:56:20,iot-postgres,0.00%,25.61MiB / 2.767GiB,0.90%,141kB / 126B,144MB / 233kB
2026-06-13 02:56:20,iot-mosquitto,0.07%,19.28MiB / 2.767GiB,0.68%,84.1kB / 69.9kB,29.8MB / 2.06MB
2026-06-13 02:56:20,iot-kafka,1.33%,909.3MiB / 2.767GiB,32.09%,528MB / 15.7MB,106MB / 443MB
2026-06-13 02:56:26,iot-postgres,0.01%,25.61MiB / 2.767GiB,0.90%,141kB / 126B,144MB / 233kB
2026-06-13 02:56:26,iot-mosquitto,0.07%,19.28MiB / 2.767GiB,0.68%,84.1kB / 69.9kB,29.8MB / 2.06MB
2026-06-13 02:56:26,iot-kafka,2.94%,909.8MiB / 2.767GiB,32.11%,528MB / 15.7MB,106MB / 443MB
2026-06-13 02:56:32,iot-postgres,0.01%,25.61MiB / 2.767GiB,0.90%,141kB / 126B,144MB / 233kB
2026-06-13 02:56:32,iot-mosquitto,0.06%,19.28MiB / 2.767GiB,0.68%,84.1kB / 69.9kB,29.8MB / 2.07MB
2026-06-13 02:56:32,iot-kafka,1.60%,910.1MiB / 2.767GiB,32.12%,528MB / 15.7MB,106MB / 443MB
2026-06-13 02:56:38,iot-postgres,0.00%,25.61MiB / 2.767GiB,0.90%,141kB / 126B,144MB / 233kB
2026-06-13 02:56:38,iot-mosquitto,0.07%,19.29MiB / 2.767GiB,0.68%,84.1kB / 69.9kB,29.8MB / 2.07MB
2026-06-13 02:56:38,iot-kafka,3.04%,910.6MiB / 2.767GiB,32.14%,528MB / 15.7MB,106MB / 443MB
2026-06-13 02:56:44,iot-postgres,0.00%,25.61MiB / 2.767GiB,0.90%,141kB / 126B,144MB / 233kB
2026-06-13 02:56:44,iot-mosquitto,0.08%,19.29MiB / 2.767GiB,0.68%,84.1kB / 69.9kB,29.8MB / 2.07MB
2026-06-13 02:56:44,iot-kafka,1.40%,910.1MiB / 2.767GiB,32.12%,528MB / 15.7MB,106MB / 443MB
2026-06-13 02:56:50,iot-postgres,0.00%,25.61MiB / 2.767GiB,0.90%,141kB / 126B,144MB / 233kB
2026-06-13 02:56:50,iot-mosquitto,2.64%,20.8MiB / 2.767GiB,0.73%,84.1kB / 69.9kB,29.8MB / 2.07MB
2026-06-13 02:56:50,iot-kafka,1.38%,909.8MiB / 2.767GiB,32.11%,528MB / 15.7MB,106MB / 443MB
2026-06-13 02:56:57,iot-postgres,0.01%,25.61MiB / 2.767GiB,0.90%,141kB / 126B,144MB / 233kB
2026-06-13 02:56:57,iot-mosquitto,0.08%,19.29MiB / 2.767GiB,0.68%,84.1kB / 69.9kB,29.8MB / 2.07MB
2026-06-13 02:56:57,iot-kafka,1.49%,909.3MiB / 2.767GiB,32.09%,528MB / 15.7MB,106MB / 444MB
2026-06-13 02:57:03,iot-postgres,0.00%,25.61MiB / 2.767GiB,0.90%,141kB / 126B,144MB / 233kB
2026-06-13 02:57:03,iot-mosquitto,0.06%,19.28MiB / 2.767GiB,0.68%,84.1kB / 69.9kB,29.8MB / 2.07MB
2026-06-13 02:57:03,iot-kafka,1.24%,909.8MiB / 2.767GiB,32.11%,528MB / 15.7MB,106MB / 444MB
2026-06-13 02:57:09,iot-postgres,0.00%,25.61MiB / 2.767GiB,0.90%,141kB / 126B,144MB / 233kB
2026-06-13 02:57:09,iot-mosquitto,0.07%,19.48MiB / 2.767GiB,0.69%,84.1kB / 69.9kB,29.8MB / 2.08MB
2026-06-13 02:57:09,iot-kafka,2.94%,910.2MiB / 2.767GiB,32.13%,528MB / 15.7MB,106MB / 444MB
2026-06-13 02:57:15,iot-postgres,0.00%,25.61MiB / 2.767GiB,0.90%,141kB / 126B,144MB / 233kB
2026-06-13 02:57:15,iot-mosquitto,0.08%,19.29MiB / 2.767GiB,0.68%,84.1kB / 69.9kB,29.8MB / 2.08MB
2026-06-13 02:57:15,iot-kafka,1.10%,909.8MiB / 2.767GiB,32.11%,528MB / 15.7MB,106MB / 444MB
2026-06-13 02:57:21,iot-postgres,3.15%,25.61MiB / 2.767GiB,0.90%,141kB / 126B,144MB / 233kB
2026-06-13 02:57:21,iot-mosquitto,2.52%,20MiB / 2.767GiB,0.71%,84.1kB / 69.9kB,29.8MB / 2.08MB
2026-06-13 02:57:21,iot-kafka,2.58%,909.8MiB / 2.767GiB,32.11%,528MB / 15.7MB,106MB / 444MB
2026-06-13 02:57:27,iot-postgres,0.00%,25.61MiB / 2.767GiB,0.90%,141kB / 126B,144MB / 233kB
2026-06-13 02:57:27,iot-mosquitto,0.07%,19.28MiB / 2.767GiB,0.68%,84.1kB / 69.9kB,29.8MB / 2.08MB
2026-06-13 02:57:27,iot-kafka,3.95%,909.9MiB / 2.767GiB,32.12%,528MB / 15.7MB,106MB / 444MB
2026-06-13 02:57:34,iot-postgres,0.00%,25.61MiB / 2.767GiB,0.90%,141kB / 126B,144MB / 233kB
2026-06-13 02:57:34,iot-mosquitto,0.06%,19.52MiB / 2.767GiB,0.69%,84.1kB / 69.9kB,29.8MB / 2.08MB
2026-06-13 02:57:34,iot-kafka,1.36%,909.8MiB / 2.767GiB,32.11%,528MB / 15.7MB,106MB / 444MB
2026-06-13 02:57:40,iot-postgres,0.00%,25.61MiB / 2.767GiB,0.90%,141kB / 126B,144MB / 233kB
2026-06-13 02:57:40,iot-mosquitto,0.06%,19.29MiB / 2.767GiB,0.68%,84.1kB / 69.9kB,29.8MB / 2.08MB
2026-06-13 02:57:40,iot-kafka,1.23%,910.2MiB / 2.767GiB,32.13%,528MB / 15.7MB,106MB / 444MB
2026-06-13 02:57:46,iot-postgres,0.00%,25.61MiB / 2.767GiB,0.90%,141kB / 126B,144MB / 233kB
2026-06-13 02:57:46,iot-mosquitto,0.05%,19.29MiB / 2.767GiB,0.68%,84.1kB / 69.9kB,29.8MB / 2.08MB
2026-06-13 02:57:46,iot-kafka,1.53%,909.8MiB / 2.767GiB,32.11%,528MB / 15.7MB,106MB / 444MB
2026-06-13 02:57:52,iot-postgres,2.97%,25.62MiB / 2.767GiB,0.90%,141kB / 126B,144MB / 233kB
2026-06-13 02:57:52,iot-mosquitto,0.08%,19.62MiB / 2.767GiB,0.69%,84.1kB / 69.9kB,29.8MB / 2.08MB
2026-06-13 02:57:52,iot-kafka,1.58%,909.6MiB / 2.767GiB,32.10%,528MB / 15.7MB,106MB / 444MB
2026-06-13 02:57:58,iot-postgres,0.00%,25.61MiB / 2.767GiB,0.90%,141kB / 126B,144MB / 233kB
2026-06-13 02:57:58,iot-mosquitto,0.08%,19.43MiB / 2.767GiB,0.69%,84.1kB / 69.9kB,29.8MB / 2.08MB
2026-06-13 02:57:58,iot-kafka,4.80%,910MiB / 2.767GiB,32.12%,528MB / 15.7MB,106MB / 444MB
2026-06-13 02:58:04,iot-postgres,0.00%,25.61MiB / 2.767GiB,0.90%,141kB / 126B,144MB / 233kB
2026-06-13 02:58:04,iot-mosquitto,0.07%,19.52MiB / 2.767GiB,0.69%,84.1kB / 69.9kB,29.8MB / 2.09MB
2026-06-13 02:58:04,iot-kafka,1.33%,909.3MiB / 2.767GiB,32.10%,528MB / 15.7MB,106MB / 444MB
2026-06-13 02:58:10,iot-postgres,0.00%,25.61MiB / 2.767GiB,0.90%,141kB / 126B,144MB / 233kB
2026-06-13 02:58:10,iot-mosquitto,0.07%,19.28MiB / 2.767GiB,0.68%,84.1kB / 69.9kB,29.8MB / 2.09MB
2026-06-13 02:58:10,iot-kafka,3.26%,910.2MiB / 2.767GiB,32.13%,528MB / 15.7MB,106MB / 445MB
2026-06-13 02:58:17,iot-postgres,0.00%,25.61MiB / 2.767GiB,0.90%,141kB / 126B,144MB / 233kB
2026-06-13 02:58:17,iot-mosquitto,0.08%,19.28MiB / 2.767GiB,0.68%,84.1kB / 69.9kB,29.8MB / 2.09MB
2026-06-13 02:58:17,iot-kafka,2.97%,910.2MiB / 2.767GiB,32.12%,528MB / 15.7MB,106MB / 445MB
2026-06-13 02:58:23,iot-postgres,0.00%,25.61MiB / 2.767GiB,0.90%,141kB / 126B,144MB / 233kB
2026-06-13 02:58:23,iot-mosquitto,0.07%,19.29MiB / 2.767GiB,0.68%,84.1kB / 69.9kB,29.8MB / 2.09MB
2026-06-13 02:58:23,iot-kafka,1.10%,909.6MiB / 2.767GiB,32.11%,528MB / 15.7MB,106MB / 445MB
2026-06-13 02:58:29,iot-postgres,0.00%,25.61MiB / 2.767GiB,0.90%,141kB / 126B,144MB / 233kB
2026-06-13 02:58:29,iot-mosquitto,0.09%,19.29MiB / 2.767GiB,0.68%,84.1kB / 69.9kB,29.8MB / 2.09MB
2026-06-13 02:58:29,iot-kafka,1.40%,910.4MiB / 2.767GiB,32.13%,528MB / 15.7MB,106MB / 445MB
2026-06-13 02:58:35,iot-postgres,0.00%,25.61MiB / 2.767GiB,0.90%,141kB / 126B,144MB / 233kB
2026-06-13 02:58:35,iot-mosquitto,0.07%,19.52MiB / 2.767GiB,0.69%,84.1kB / 69.9kB,29.8MB / 2.1MB
2026-06-13 02:58:35,iot-kafka,1.05%,909.4MiB / 2.767GiB,32.10%,528MB / 15.7MB,106MB / 445MB
2026-06-13 02:58:41,iot-postgres,0.00%,25.61MiB / 2.767GiB,0.90%,141kB / 126B,144MB / 233kB
2026-06-13 02:58:41,iot-mosquitto,0.07%,19.29MiB / 2.767GiB,0.68%,84.1kB / 69.9kB,29.8MB / 2.1MB
2026-06-13 02:58:41,iot-kafka,2.76%,910.3MiB / 2.767GiB,32.13%,528MB / 15.7MB,106MB / 445MB
2026-06-13 02:58:47,iot-postgres,0.00%,25.61MiB / 2.767GiB,0.90%,141kB / 126B,144MB / 233kB
2026-06-13 02:58:47,iot-mosquitto,0.06%,19.29MiB / 2.767GiB,0.68%,84.1kB / 69.9kB,29.8MB / 2.1MB
2026-06-13 02:58:47,iot-kafka,1.53%,909.4MiB / 2.767GiB,32.10%,528MB / 15.7MB,106MB / 445MB
2026-06-13 02:58:54,iot-postgres,0.00%,25.62MiB / 2.767GiB,0.90%,141kB / 126B,144MB / 233kB
2026-06-13 02:58:54,iot-mosquitto,0.12%,19.39MiB / 2.767GiB,0.68%,84.1kB / 69.9kB,29.8MB / 2.1MB
2026-06-13 02:58:54,iot-kafka,1.13%,909.8MiB / 2.767GiB,32.11%,528MB / 15.7MB,106MB / 445MB
2026-06-13 02:59:00,iot-postgres,0.00%,25.62MiB / 2.767GiB,0.90%,141kB / 126B,144MB / 233kB
2026-06-13 02:59:00,iot-mosquitto,0.06%,19.29MiB / 2.767GiB,0.68%,84.1kB / 69.9kB,29.8MB / 2.1MB
2026-06-13 02:59:00,iot-kafka,1.10%,909.9MiB / 2.767GiB,32.12%,528MB / 15.7MB,106MB / 445MB
2026-06-13 02:59:06,iot-postgres,0.00%,25.62MiB / 2.767GiB,0.90%,141kB / 126B,144MB / 233kB
2026-06-13 02:59:06,iot-mosquitto,0.07%,19.28MiB / 2.767GiB,0.68%,84.1kB / 69.9kB,29.8MB / 2.11MB
2026-06-13 02:59:06,iot-kafka,3.05%,909.6MiB / 2.767GiB,32.11%,528MB / 15.7MB,106MB / 445MB
2026-06-13 02:59:12,iot-postgres,3.41%,25.61MiB / 2.767GiB,0.90%,141kB / 126B,144MB / 233kB
2026-06-13 02:59:12,iot-mosquitto,0.07%,19.28MiB / 2.767GiB,0.68%,84.1kB / 69.9kB,29.8MB / 2.11MB
2026-06-13 02:59:12,iot-kafka,1.72%,910MiB / 2.767GiB,32.12%,528MB / 15.7MB,106MB / 445MB
2026-06-13 02:59:18,iot-postgres,0.00%,25.61MiB / 2.767GiB,0.90%,141kB / 126B,144MB / 233kB
2026-06-13 02:59:18,iot-mosquitto,0.09%,19.28MiB / 2.767GiB,0.68%,84.1kB / 69.9kB,29.8MB / 2.11MB
2026-06-13 02:59:18,iot-kafka,5.33%,909.6MiB / 2.767GiB,32.10%,528MB / 15.7MB,106MB / 445MB
2026-06-13 02:59:24,iot-postgres,0.00%,25.62MiB / 2.767GiB,0.90%,141kB / 126B,144MB / 233kB
2026-06-13 02:59:24,iot-mosquitto,0.09%,19.28MiB / 2.767GiB,0.68%,84.1kB / 69.9kB,29.8MB / 2.11MB
2026-06-13 02:59:24,iot-kafka,2.89%,909.9MiB / 2.767GiB,32.11%,528MB / 15.7MB,106MB / 446MB
2026-06-13 02:59:30,iot-postgres,0.00%,25.62MiB / 2.767GiB,0.90%,141kB / 126B,144MB / 233kB
2026-06-13 02:59:30,iot-mosquitto,0.07%,19.28MiB / 2.767GiB,0.68%,84.1kB / 69.9kB,29.8MB / 2.11MB
2026-06-13 02:59:30,iot-kafka,1.63%,909.7MiB / 2.767GiB,32.11%,528MB / 15.7MB,106MB / 446MB
2026-06-13 02:59:37,iot-postgres,0.00%,25.61MiB / 2.767GiB,0.90%,141kB / 126B,144MB / 233kB
2026-06-13 02:59:37,iot-mosquitto,0.09%,19.52MiB / 2.767GiB,0.69%,84.1kB / 69.9kB,29.8MB / 2.11MB
2026-06-13 02:59:37,iot-kafka,1.45%,909.6MiB / 2.767GiB,32.11%,528MB / 15.7MB,106MB / 446MB
2026-06-13 02:59:43,iot-postgres,3.45%,25.61MiB / 2.767GiB,0.90%,141kB / 126B,144MB / 233kB
2026-06-13 02:59:43,iot-mosquitto,0.08%,19.29MiB / 2.767GiB,0.68%,84.1kB / 69.9kB,29.8MB / 2.11MB
2026-06-13 02:59:43,iot-kafka,1.36%,909.9MiB / 2.767GiB,32.11%,528MB / 15.7MB,106MB / 446MB
2026-06-13 02:59:49,iot-postgres,0.00%,25.61MiB / 2.767GiB,0.90%,141kB / 126B,144MB / 233kB
2026-06-13 02:59:49,iot-mosquitto,0.06%,19.29MiB / 2.767GiB,0.68%,84.1kB / 69.9kB,29.8MB / 2.11MB
2026-06-13 02:59:49,iot-kafka,5.35%,909.7MiB / 2.767GiB,32.11%,528MB / 15.7MB,106MB / 446MB
2026-06-13 02:59:55,iot-postgres,0.00%,25.61MiB / 2.767GiB,0.90%,141kB / 126B,144MB / 233kB
2026-06-13 02:59:55,iot-mosquitto,0.07%,19.33MiB / 2.767GiB,0.68%,84.1kB / 69.9kB,29.8MB / 2.11MB
2026-06-13 02:59:55,iot-kafka,2.57%,909.9MiB / 2.767GiB,32.11%,528MB / 15.7MB,106MB / 446MB
2026-06-13 03:00:01,iot-postgres,0.00%,25.61MiB / 2.767GiB,0.90%,141kB / 126B,144MB / 233kB
2026-06-13 03:00:01,iot-mosquitto,0.08%,19.29MiB / 2.767GiB,0.68%,84.1kB / 69.9kB,29.8MB / 2.11MB
2026-06-13 03:00:01,iot-kafka,2.86%,909.4MiB / 2.767GiB,32.10%,528MB / 15.7MB,106MB / 446MB
2026-06-13 03:00:07,iot-postgres,0.01%,25.61MiB / 2.767GiB,0.90%,141kB / 126B,144MB / 233kB
2026-06-13 03:00:07,iot-mosquitto,2.88%,19.5MiB / 2.767GiB,0.69%,84.1kB / 69.9kB,29.8MB / 2.12MB
2026-06-13 03:00:07,iot-kafka,1.87%,909.8MiB / 2.767GiB,32.11%,528MB / 15.7MB,106MB / 446MB
2026-06-13 03:00:14,iot-postgres,0.00%,25.61MiB / 2.767GiB,0.90%,141kB / 126B,144MB / 233kB
2026-06-13 03:00:14,iot-mosquitto,0.08%,19.29MiB / 2.767GiB,0.68%,84.1kB / 69.9kB,29.8MB / 2.12MB
2026-06-13 03:00:14,iot-kafka,1.49%,910.1MiB / 2.767GiB,32.12%,528MB / 15.7MB,106MB / 446MB
2026-06-13 03:00:20,iot-postgres,0.01%,25.61MiB / 2.767GiB,0.90%,141kB / 126B,144MB / 233kB
2026-06-13 03:00:20,iot-mosquitto,0.07%,19.29MiB / 2.767GiB,0.68%,84.1kB / 69.9kB,29.8MB / 2.12MB
2026-06-13 03:00:20,iot-kafka,1.28%,909.6MiB / 2.767GiB,32.11%,528MB / 15.7MB,106MB / 446MB
2026-06-13 03:00:26,iot-postgres,0.00%,25.61MiB / 2.767GiB,0.90%,141kB / 126B,144MB / 233kB
2026-06-13 03:00:26,iot-mosquitto,0.06%,19.29MiB / 2.767GiB,0.68%,84.1kB / 69.9kB,29.8MB / 2.12MB
2026-06-13 03:00:26,iot-kafka,1.95%,910.1MiB / 2.767GiB,32.12%,528MB / 15.7MB,106MB / 446MB
2026-06-13 03:00:32,iot-postgres,0.01%,25.61MiB / 2.767GiB,0.90%,141kB / 126B,144MB / 233kB
2026-06-13 03:00:32,iot-mosquitto,0.07%,19.29MiB / 2.767GiB,0.68%,84.1kB / 69.9kB,29.8MB / 2.12MB
2026-06-13 03:00:32,iot-kafka,1.45%,909.8MiB / 2.767GiB,32.11%,528MB / 15.7MB,106MB / 446MB
2026-06-13 03:00:38,iot-postgres,0.00%,25.61MiB / 2.767GiB,0.90%,141kB / 126B,144MB / 233kB
2026-06-13 03:00:38,iot-mosquitto,2.53%,19.54MiB / 2.767GiB,0.69%,84.1kB / 69.9kB,29.8MB / 2.13MB
2026-06-13 03:00:38,iot-kafka,1.60%,909.9MiB / 2.767GiB,32.11%,528MB / 15.7MB,106MB / 447MB
2026-06-13 03:00:44,iot-postgres,0.00%,25.61MiB / 2.767GiB,0.90%,141kB / 126B,144MB / 233kB
2026-06-13 03:00:44,iot-mosquitto,0.07%,19.29MiB / 2.767GiB,0.68%,84.1kB / 69.9kB,29.8MB / 2.13MB
2026-06-13 03:00:44,iot-kafka,3.15%,910.4MiB / 2.767GiB,32.13%,528MB / 15.7MB,106MB / 447MB
2026-06-13 03:00:51,iot-postgres,0.01%,25.61MiB / 2.767GiB,0.90%,141kB / 126B,144MB / 233kB
2026-06-13 03:00:51,iot-mosquitto,0.07%,19.29MiB / 2.767GiB,0.68%,84.1kB / 69.9kB,29.8MB / 2.13MB
2026-06-13 03:00:51,iot-kafka,1.37%,909.4MiB / 2.767GiB,32.10%,528MB / 15.7MB,106MB / 447MB
2026-06-13 03:00:57,iot-postgres,0.00%,25.62MiB / 2.767GiB,0.90%,141kB / 126B,144MB / 233kB
2026-06-13 03:00:57,iot-mosquitto,0.08%,19.29MiB / 2.767GiB,0.68%,84.1kB / 69.9kB,29.8MB / 2.13MB
2026-06-13 03:00:57,iot-kafka,1.51%,909.6MiB / 2.767GiB,32.11%,528MB / 15.7MB,106MB / 447MB
2026-06-13 03:01:03,iot-postgres,3.23%,25.75MiB / 2.767GiB,0.91%,141kB / 126B,144MB / 233kB
2026-06-13 03:01:03,iot-mosquitto,0.05%,19.29MiB / 2.767GiB,0.68%,84.1kB / 69.9kB,29.8MB / 2.13MB
2026-06-13 03:01:03,iot-kafka,1.35%,909.7MiB / 2.767GiB,32.11%,528MB / 15.7MB,106MB / 447MB
2026-06-13 03:01:09,iot-postgres,0.00%,25.61MiB / 2.767GiB,0.90%,141kB / 126B,144MB / 233kB
2026-06-13 03:01:09,iot-mosquitto,0.13%,19.33MiB / 2.767GiB,0.68%,84.1kB / 69.9kB,29.8MB / 2.14MB
2026-06-13 03:01:09,iot-kafka,3.91%,909.6MiB / 2.767GiB,32.11%,528MB / 15.7MB,106MB / 447MB
2026-06-13 03:01:15,iot-postgres,0.00%,25.62MiB / 2.767GiB,0.90%,141kB / 126B,144MB / 233kB
2026-06-13 03:01:15,iot-mosquitto,0.06%,19.29MiB / 2.767GiB,0.68%,84.1kB / 69.9kB,29.8MB / 2.14MB
2026-06-13 03:01:15,iot-kafka,1.13%,910.7MiB / 2.767GiB,32.14%,528MB / 15.7MB,106MB / 447MB
2026-06-13 03:01:21,iot-postgres,0.02%,25.62MiB / 2.767GiB,0.90%,141kB / 126B,144MB / 233kB
2026-06-13 03:01:21,iot-mosquitto,0.06%,19.29MiB / 2.767GiB,0.68%,84.1kB / 69.9kB,29.8MB / 2.14MB
2026-06-13 03:01:21,iot-kafka,1.22%,909.5MiB / 2.767GiB,32.10%,528MB / 15.7MB,106MB / 447MB
2026-06-13 03:01:27,iot-postgres,0.01%,25.61MiB / 2.767GiB,0.90%,141kB / 126B,144MB / 233kB
2026-06-13 03:01:27,iot-mosquitto,0.07%,19.3MiB / 2.767GiB,0.68%,84.1kB / 69.9kB,29.8MB / 2.14MB
2026-06-13 03:01:27,iot-kafka,3.08%,910.4MiB / 2.767GiB,32.13%,528MB / 15.7MB,106MB / 447MB
2026-06-13 03:01:34,iot-postgres,3.41%,25.62MiB / 2.767GiB,0.90%,141kB / 126B,144MB / 233kB
2026-06-13 03:01:34,iot-mosquitto,0.07%,19.29MiB / 2.767GiB,0.68%,84.1kB / 69.9kB,29.8MB / 2.14MB
2026-06-13 03:01:34,iot-kafka,1.31%,910MiB / 2.767GiB,32.12%,528MB / 15.7MB,106MB / 447MB
2026-06-13 03:01:40,iot-postgres,0.00%,25.61MiB / 2.767GiB,0.90%,141kB / 126B,144MB / 233kB
2026-06-13 03:01:40,iot-mosquitto,0.13%,19.54MiB / 2.767GiB,0.69%,84.1kB / 69.9kB,29.8MB / 2.15MB
2026-06-13 03:01:40,iot-kafka,4.94%,910.8MiB / 2.767GiB,32.15%,528MB / 15.7MB,106MB / 447MB
2026-06-13 03:01:46,iot-postgres,0.00%,25.61MiB / 2.767GiB,0.90%,141kB / 126B,144MB / 233kB
2026-06-13 03:01:46,iot-mosquitto,0.07%,19.29MiB / 2.767GiB,0.68%,84.1kB / 69.9kB,29.8MB / 2.15MB
2026-06-13 03:01:46,iot-kafka,1.27%,909.8MiB / 2.767GiB,32.11%,528MB / 15.7MB,106MB / 448MB
2026-06-13 03:01:52,iot-postgres,0.01%,25.61MiB / 2.767GiB,0.90%,141kB / 126B,144MB / 233kB
2026-06-13 03:01:52,iot-mosquitto,0.08%,19.29MiB / 2.767GiB,0.68%,84.1kB / 69.9kB,29.8MB / 2.15MB
2026-06-13 03:01:52,iot-kafka,1.50%,909.8MiB / 2.767GiB,32.11%,528MB / 15.7MB,106MB / 448MB
2026-06-13 03:01:58,iot-postgres,0.00%,25.62MiB / 2.767GiB,0.90%,141kB / 126B,144MB / 233kB
2026-06-13 03:01:58,iot-mosquitto,0.09%,19.3MiB / 2.767GiB,0.68%,84.1kB / 69.9kB,29.8MB / 2.15MB
2026-06-13 03:01:58,iot-kafka,1.63%,910.1MiB / 2.767GiB,32.12%,528MB / 15.7MB,106MB / 448MB
2026-06-13 03:02:04,iot-postgres,0.00%,25.61MiB / 2.767GiB,0.90%,141kB / 126B,144MB / 233kB
2026-06-13 03:02:04,iot-mosquitto,0.07%,19.29MiB / 2.767GiB,0.68%,84.1kB / 69.9kB,29.8MB / 2.15MB
2026-06-13 03:02:04,iot-kafka,1.40%,909.8MiB / 2.767GiB,32.11%,528MB / 15.7MB,106MB / 448MB
2026-06-13 03:02:11,iot-postgres,0.00%,25.61MiB / 2.767GiB,0.90%,141kB / 126B,144MB / 233kB
2026-06-13 03:02:11,iot-mosquitto,0.15%,19.8MiB / 2.767GiB,0.70%,84.1kB / 69.9kB,29.8MB / 2.16MB
2026-06-13 03:02:11,iot-kafka,1.66%,910.1MiB / 2.767GiB,32.12%,528MB / 15.7MB,106MB / 448MB
2026-06-13 03:02:17,iot-postgres,0.00%,25.61MiB / 2.767GiB,0.90%,141kB / 126B,144MB / 233kB
2026-06-13 03:02:17,iot-mosquitto,0.07%,19.29MiB / 2.767GiB,0.68%,84.1kB / 69.9kB,29.8MB / 2.16MB
2026-06-13 03:02:17,iot-kafka,1.64%,909.8MiB / 2.767GiB,32.11%,528MB / 15.7MB,106MB / 448MB
2026-06-13 03:02:23,iot-postgres,0.01%,25.61MiB / 2.767GiB,0.90%,141kB / 126B,144MB / 233kB
2026-06-13 03:02:23,iot-mosquitto,0.07%,19.29MiB / 2.767GiB,0.68%,84.1kB / 69.9kB,29.8MB / 2.16MB
2026-06-13 03:02:23,iot-kafka,2.72%,909.8MiB / 2.767GiB,32.11%,528MB / 15.7MB,106MB / 448MB
2026-06-13 03:02:29,iot-postgres,0.00%,25.61MiB / 2.767GiB,0.90%,141kB / 126B,144MB / 233kB
2026-06-13 03:02:29,iot-mosquitto,0.08%,19.29MiB / 2.767GiB,0.68%,84.1kB / 69.9kB,29.8MB / 2.16MB
2026-06-13 03:02:29,iot-kafka,1.32%,910.1MiB / 2.767GiB,32.12%,528MB / 15.7MB,106MB / 448MB
2026-06-13 03:02:35,iot-postgres,0.00%,25.65MiB / 2.767GiB,0.91%,141kB / 126B,144MB / 233kB
2026-06-13 03:02:35,iot-mosquitto,0.06%,19.29MiB / 2.767GiB,0.68%,84.1kB / 69.9kB,29.8MB / 2.16MB
2026-06-13 03:02:35,iot-kafka,2.55%,909.8MiB / 2.767GiB,32.11%,528MB / 15.7MB,106MB / 448MB
2026-06-13 03:02:41,iot-postgres,0.00%,25.61MiB / 2.767GiB,0.90%,141kB / 126B,144MB / 233kB
2026-06-13 03:02:41,iot-mosquitto,0.13%,19.53MiB / 2.767GiB,0.69%,84.1kB / 69.9kB,29.8MB / 2.17MB
2026-06-13 03:02:41,iot-kafka,2.68%,909.9MiB / 2.767GiB,32.12%,528MB / 15.7MB,106MB / 448MB
2026-06-13 03:02:48,iot-postgres,0.00%,25.61MiB / 2.767GiB,0.90%,141kB / 126B,144MB / 233kB
2026-06-13 03:02:48,iot-mosquitto,0.07%,19.29MiB / 2.767GiB,0.68%,84.1kB / 69.9kB,29.8MB / 2.17MB
2026-06-13 03:02:48,iot-kafka,2.76%,909.8MiB / 2.767GiB,32.11%,528MB / 15.7MB,106MB / 448MB
2026-06-13 03:02:54,iot-postgres,3.03%,25.77MiB / 2.767GiB,0.91%,141kB / 126B,144MB / 233kB
2026-06-13 03:02:54,iot-mosquitto,2.88%,20.05MiB / 2.767GiB,0.71%,84.1kB / 69.9kB,29.8MB / 2.17MB
2026-06-13 03:02:54,iot-kafka,2.66%,909.8MiB / 2.767GiB,32.11%,528MB / 15.7MB,106MB / 449MB
2026-06-13 03:03:00,iot-postgres,0.00%,25.61MiB / 2.767GiB,0.90%,141kB / 126B,144MB / 233kB
2026-06-13 03:03:00,iot-mosquitto,0.08%,19.29MiB / 2.767GiB,0.68%,84.1kB / 69.9kB,29.8MB / 2.17MB
2026-06-13 03:03:00,iot-kafka,3.47%,910.5MiB / 2.767GiB,32.14%,528MB / 15.7MB,106MB / 449MB
2026-06-13 03:03:06,iot-postgres,0.00%,25.61MiB / 2.767GiB,0.90%,141kB / 126B,144MB / 233kB
2026-06-13 03:03:06,iot-mosquitto,0.08%,19.29MiB / 2.767GiB,0.68%,84.1kB / 69.9kB,29.8MB / 2.17MB
2026-06-13 03:03:06,iot-kafka,1.66%,909.8MiB / 2.767GiB,32.11%,528MB / 15.7MB,106MB / 449MB
2026-06-13 03:03:12,iot-postgres,0.01%,25.61MiB / 2.767GiB,0.90%,141kB / 126B,144MB / 233kB
2026-06-13 03:03:12,iot-mosquitto,0.05%,19.29MiB / 2.767GiB,0.68%,84.1kB / 69.9kB,29.8MB / 2.17MB
2026-06-13 03:03:12,iot-kafka,3.12%,910.2MiB / 2.767GiB,32.13%,528MB / 15.7MB,106MB / 449MB
2026-06-13 03:03:18,iot-postgres,0.00%,25.62MiB / 2.767GiB,0.90%,141kB / 126B,144MB / 233kB
2026-06-13 03:03:18,iot-mosquitto,0.06%,19.29MiB / 2.767GiB,0.68%,84.1kB / 69.9kB,29.8MB / 2.17MB
2026-06-13 03:03:18,iot-kafka,1.61%,910.1MiB / 2.767GiB,32.12%,528MB / 15.7MB,106MB / 449MB
2026-06-13 03:03:24,iot-postgres,3.24%,25.61MiB / 2.767GiB,0.90%,141kB / 126B,144MB / 233kB
2026-06-13 03:03:24,iot-mosquitto,2.56%,19.77MiB / 2.767GiB,0.70%,84.1kB / 69.9kB,29.8MB / 2.17MB
2026-06-13 03:03:24,iot-kafka,1.30%,910.1MiB / 2.767GiB,32.12%,528MB / 15.7MB,106MB / 449MB
2026-06-13 03:03:31,iot-postgres,0.00%,25.61MiB / 2.767GiB,0.90%,141kB / 126B,144MB / 233kB
2026-06-13 03:03:31,iot-mosquitto,0.09%,19.29MiB / 2.767GiB,0.68%,84.1kB / 69.9kB,29.8MB / 2.17MB
2026-06-13 03:03:31,iot-kafka,5.31%,910.4MiB / 2.767GiB,32.13%,528MB / 15.7MB,106MB / 449MB
2026-06-13 03:03:37,iot-postgres,0.01%,25.62MiB / 2.767GiB,0.90%,141kB / 126B,144MB / 233kB
2026-06-13 03:03:37,iot-mosquitto,0.08%,19.29MiB / 2.767GiB,0.68%,84.1kB / 69.9kB,29.8MB / 2.17MB
2026-06-13 03:03:37,iot-kafka,2.65%,909.6MiB / 2.767GiB,32.10%,528MB / 15.7MB,106MB / 449MB
2026-06-13 03:03:43,iot-postgres,0.00%,25.61MiB / 2.767GiB,0.90%,141kB / 126B,144MB / 233kB
2026-06-13 03:03:43,iot-mosquitto,0.06%,19.29MiB / 2.767GiB,0.68%,84.1kB / 69.9kB,29.8MB / 2.18MB
2026-06-13 03:03:43,iot-kafka,1.42%,910.2MiB / 2.767GiB,32.13%,528MB / 15.7MB,106MB / 449MB
2026-06-13 03:03:49,iot-postgres,0.00%,25.61MiB / 2.767GiB,0.90%,141kB / 126B,144MB / 233kB
2026-06-13 03:03:49,iot-mosquitto,0.06%,19.29MiB / 2.767GiB,0.68%,84.1kB / 69.9kB,29.8MB / 2.18MB
2026-06-13 03:03:49,iot-kafka,1.26%,909.9MiB / 2.767GiB,32.11%,528MB / 15.7MB,106MB / 449MB
2026-06-13 03:03:55,iot-postgres,0.00%,25.62MiB / 2.767GiB,0.90%,141kB / 126B,144MB / 233kB
2026-06-13 03:03:55,iot-mosquitto,0.08%,19.6MiB / 2.767GiB,0.69%,84.1kB / 69.9kB,29.8MB / 2.18MB
2026-06-13 03:03:55,iot-kafka,1.29%,910.1MiB / 2.767GiB,32.12%,528MB / 15.7MB,106MB / 449MB
2026-06-13 03:04:01,iot-postgres,0.00%,25.62MiB / 2.767GiB,0.90%,141kB / 126B,144MB / 233kB
2026-06-13 03:04:01,iot-mosquitto,0.08%,19.29MiB / 2.767GiB,0.68%,84.1kB / 69.9kB,29.8MB / 2.18MB
2026-06-13 03:04:01,iot-kafka,1.43%,909.9MiB / 2.767GiB,32.12%,528MB / 15.7MB,106MB / 450MB
2026-06-13 03:04:08,iot-postgres,0.01%,25.69MiB / 2.767GiB,0.91%,141kB / 126B,144MB / 233kB
2026-06-13 03:04:08,iot-mosquitto,0.08%,19.29MiB / 2.767GiB,0.68%,84.1kB / 69.9kB,29.8MB / 2.18MB
2026-06-13 03:04:08,iot-kafka,3.17%,909.9MiB / 2.767GiB,32.11%,528MB / 15.7MB,106MB / 450MB
2026-06-13 03:04:14,iot-postgres,0.00%,25.61MiB / 2.767GiB,0.90%,141kB / 126B,144MB / 233kB
2026-06-13 03:04:14,iot-mosquitto,0.07%,19.29MiB / 2.767GiB,0.68%,84.1kB / 69.9kB,29.8MB / 2.19MB
2026-06-13 03:04:14,iot-kafka,1.09%,910MiB / 2.767GiB,32.12%,528MB / 15.7MB,106MB / 450MB
2026-06-13 03:04:20,iot-postgres,0.00%,25.62MiB / 2.767GiB,0.90%,141kB / 126B,144MB / 233kB
2026-06-13 03:04:20,iot-mosquitto,0.05%,19.29MiB / 2.767GiB,0.68%,84.1kB / 69.9kB,29.8MB / 2.19MB
2026-06-13 03:04:20,iot-kafka,1.25%,909.6MiB / 2.767GiB,32.11%,528MB / 15.7MB,106MB / 450MB
2026-06-13 03:04:26,iot-postgres,0.00%,25.62MiB / 2.767GiB,0.90%,141kB / 126B,144MB / 233kB
2026-06-13 03:04:26,iot-mosquitto,0.10%,19.39MiB / 2.767GiB,0.68%,84.1kB / 69.9kB,29.8MB / 2.19MB
2026-06-13 03:04:26,iot-kafka,1.60%,910.4MiB / 2.767GiB,32.13%,528MB / 15.7MB,106MB / 450MB
2026-06-13 03:04:32,iot-postgres,0.00%,25.62MiB / 2.767GiB,0.90%,141kB / 126B,144MB / 233kB
2026-06-13 03:04:32,iot-mosquitto,0.07%,19.29MiB / 2.767GiB,0.68%,84.1kB / 69.9kB,29.8MB / 2.19MB
2026-06-13 03:04:32,iot-kafka,1.56%,910.2MiB / 2.767GiB,32.13%,528MB / 15.7MB,106MB / 450MB
2026-06-13 03:04:38,iot-postgres,0.00%,25.61MiB / 2.767GiB,0.90%,141kB / 126B,144MB / 233kB
2026-06-13 03:04:38,iot-mosquitto,0.07%,19.29MiB / 2.767GiB,0.68%,84.1kB / 69.9kB,29.8MB / 2.19MB
2026-06-13 03:04:38,iot-kafka,2.42%,910.4MiB / 2.767GiB,32.13%,528MB / 15.7MB,106MB / 450MB
2026-06-13 03:04:45,iot-postgres,3.51%,25.77MiB / 2.767GiB,0.91%,141kB / 126B,144MB / 233kB
2026-06-13 03:04:45,iot-mosquitto,0.06%,19.29MiB / 2.767GiB,0.68%,84.1kB / 69.9kB,29.8MB / 2.19MB
2026-06-13 03:04:45,iot-kafka,4.36%,911.7MiB / 2.767GiB,32.18%,528MB / 15.7MB,106MB / 450MB
2026-06-13 03:04:51,iot-postgres,0.00%,25.61MiB / 2.767GiB,0.90%,141kB / 126B,144MB / 233kB
2026-06-13 03:04:51,iot-mosquitto,0.08%,19.29MiB / 2.767GiB,0.68%,84.1kB / 69.9kB,29.8MB / 2.2MB
2026-06-13 03:04:51,iot-kafka,3.78%,909.8MiB / 2.767GiB,32.11%,528MB / 15.7MB,106MB / 450MB
2026-06-13 03:04:57,iot-postgres,0.00%,25.61MiB / 2.767GiB,0.90%,141kB / 126B,144MB / 233kB
2026-06-13 03:04:57,iot-mosquitto,0.07%,19.57MiB / 2.767GiB,0.69%,84.1kB / 69.9kB,29.8MB / 2.2MB
2026-06-13 03:04:57,iot-kafka,3.08%,909.9MiB / 2.767GiB,32.11%,528MB / 15.7MB,106MB / 450MB
2026-06-13 03:05:03,iot-postgres,0.00%,25.61MiB / 2.767GiB,0.90%,141kB / 126B,144MB / 233kB
2026-06-13 03:05:03,iot-mosquitto,0.06%,19.3MiB / 2.767GiB,0.68%,84.1kB / 69.9kB,29.8MB / 2.2MB
2026-06-13 03:05:03,iot-kafka,2.79%,910MiB / 2.767GiB,32.12%,528MB / 15.7MB,106MB / 450MB
2026-06-13 03:05:09,iot-postgres,0.00%,25.61MiB / 2.767GiB,0.90%,141kB / 126B,144MB / 233kB
2026-06-13 03:05:09,iot-mosquitto,0.07%,19.3MiB / 2.767GiB,0.68%,84.1kB / 69.9kB,29.8MB / 2.2MB
2026-06-13 03:05:09,iot-kafka,1.27%,910.1MiB / 2.767GiB,32.12%,528MB / 15.7MB,106MB / 451MB
2026-06-13 03:05:15,iot-postgres,3.46%,25.61MiB / 2.767GiB,0.90%,141kB / 126B,144MB / 233kB
2026-06-13 03:05:15,iot-mosquitto,0.06%,19.3MiB / 2.767GiB,0.68%,84.1kB / 69.9kB,29.8MB / 2.2MB
2026-06-13 03:05:15,iot-kafka,1.33%,909.7MiB / 2.767GiB,32.11%,528MB / 15.7MB,106MB / 451MB
2026-06-13 03:05:21,iot-postgres,0.00%,25.61MiB / 2.767GiB,0.90%,141kB / 126B,144MB / 233kB
2026-06-13 03:05:21,iot-mosquitto,0.07%,19.29MiB / 2.767GiB,0.68%,84.1kB / 69.9kB,29.8MB / 2.21MB
2026-06-13 03:05:21,iot-kafka,3.62%,910MiB / 2.767GiB,32.12%,528MB / 15.7MB,106MB / 451MB
2026-06-13 03:05:28,iot-postgres,0.01%,25.61MiB / 2.767GiB,0.90%,141kB / 126B,144MB / 233kB
2026-06-13 03:05:28,iot-mosquitto,0.08%,19.29MiB / 2.767GiB,0.68%,84.1kB / 69.9kB,29.8MB / 2.21MB
2026-06-13 03:05:28,iot-kafka,1.54%,910.1MiB / 2.767GiB,32.12%,528MB / 15.7MB,106MB / 451MB
2026-06-13 03:05:34,iot-postgres,0.00%,25.61MiB / 2.767GiB,0.90%,141kB / 126B,144MB / 233kB
2026-06-13 03:05:34,iot-mosquitto,0.07%,19.29MiB / 2.767GiB,0.68%,84.1kB / 69.9kB,29.8MB / 2.21MB
2026-06-13 03:05:34,iot-kafka,1.12%,910.4MiB / 2.767GiB,32.13%,528MB / 15.7MB,106MB / 451MB
2026-06-13 03:05:40,iot-postgres,0.00%,25.61MiB / 2.767GiB,0.90%,141kB / 126B,144MB / 233kB
2026-06-13 03:05:40,iot-mosquitto,2.87%,19.75MiB / 2.767GiB,0.70%,84.1kB / 69.9kB,29.8MB / 2.21MB
2026-06-13 03:05:40,iot-kafka,1.16%,910.1MiB / 2.767GiB,32.12%,528MB / 15.7MB,106MB / 451MB
2026-06-13 03:05:46,iot-postgres,0.00%,25.62MiB / 2.767GiB,0.90%,141kB / 126B,144MB / 233kB
2026-06-13 03:05:46,iot-mosquitto,0.08%,19.29MiB / 2.767GiB,0.68%,84.1kB / 69.9kB,29.8MB / 2.21MB
2026-06-13 03:05:46,iot-kafka,1.43%,910.1MiB / 2.767GiB,32.12%,528MB / 15.7MB,106MB / 451MB
2026-06-13 03:05:52,iot-postgres,0.00%,25.62MiB / 2.767GiB,0.90%,141kB / 126B,144MB / 233kB
2026-06-13 03:05:52,iot-mosquitto,0.07%,19.29MiB / 2.767GiB,0.68%,84.1kB / 69.9kB,29.8MB / 2.22MB
2026-06-13 03:05:52,iot-kafka,3.15%,910.4MiB / 2.767GiB,32.13%,528MB / 15.7MB,106MB / 451MB
2026-06-13 03:05:58,iot-postgres,0.00%,25.61MiB / 2.767GiB,0.90%,141kB / 126B,144MB / 233kB
2026-06-13 03:05:58,iot-mosquitto,0.08%,19.49MiB / 2.767GiB,0.69%,84.1kB / 69.9kB,29.8MB / 2.22MB
2026-06-13 03:05:58,iot-kafka,2.97%,910.4MiB / 2.767GiB,32.13%,528MB / 15.7MB,106MB / 451MB
2026-06-13 03:06:05,iot-postgres,0.00%,25.61MiB / 2.767GiB,0.90%,141kB / 126B,144MB / 233kB
2026-06-13 03:06:05,iot-mosquitto,0.10%,19.29MiB / 2.767GiB,0.68%,84.1kB / 69.9kB,29.8MB / 2.22MB
2026-06-13 03:06:05,iot-kafka,1.65%,910.5MiB / 2.767GiB,32.14%,528MB / 15.7MB,106MB / 451MB
2026-06-13 03:06:11,iot-postgres,0.00%,25.61MiB / 2.767GiB,0.90%,141kB / 126B,144MB / 233kB
2026-06-13 03:06:11,iot-mosquitto,2.82%,19.31MiB / 2.767GiB,0.68%,84.1kB / 69.9kB,29.8MB / 2.22MB
2026-06-13 03:06:11,iot-kafka,1.53%,910.1MiB / 2.767GiB,32.12%,528MB / 15.7MB,106MB / 452MB
2026-06-13 03:06:17,iot-postgres,0.00%,25.61MiB / 2.767GiB,0.90%,141kB / 126B,144MB / 233kB
2026-06-13 03:06:17,iot-mosquitto,0.08%,19.29MiB / 2.767GiB,0.68%,84.1kB / 69.9kB,29.8MB / 2.22MB
2026-06-13 03:06:17,iot-kafka,1.20%,910.4MiB / 2.767GiB,32.13%,528MB / 15.7MB,106MB / 452MB
2026-06-13 03:06:23,iot-postgres,0.00%,25.61MiB / 2.767GiB,0.90%,141kB / 126B,144MB / 233kB
2026-06-13 03:06:23,iot-mosquitto,0.07%,19.29MiB / 2.767GiB,0.68%,84.1kB / 69.9kB,29.8MB / 2.23MB
2026-06-13 03:06:23,iot-kafka,1.19%,909.6MiB / 2.767GiB,32.11%,528MB / 15.7MB,106MB / 452MB
2026-06-13 03:06:29,iot-postgres,0.00%,25.61MiB / 2.767GiB,0.90%,141kB / 126B,144MB / 233kB
2026-06-13 03:06:29,iot-mosquitto,0.09%,19.29MiB / 2.767GiB,0.68%,84.1kB / 69.9kB,29.8MB / 2.23MB
2026-06-13 03:06:29,iot-kafka,2.63%,910.1MiB / 2.767GiB,32.12%,528MB / 15.7MB,106MB / 452MB
2026-06-13 03:06:35,iot-postgres,3.56%,25.66MiB / 2.767GiB,0.91%,141kB / 126B,144MB / 233kB
2026-06-13 03:06:35,iot-mosquitto,0.07%,19.29MiB / 2.767GiB,0.68%,84.1kB / 69.9kB,29.8MB / 2.23MB
2026-06-13 03:06:35,iot-kafka,1.24%,909.9MiB / 2.767GiB,32.12%,528MB / 15.7MB,106MB / 452MB
2026-06-13 03:06:41,iot-postgres,0.00%,25.61MiB / 2.767GiB,0.90%,141kB / 126B,144MB / 233kB
2026-06-13 03:06:41,iot-mosquitto,0.09%,19.49MiB / 2.767GiB,0.69%,84.1kB / 69.9kB,29.8MB / 2.23MB
2026-06-13 03:06:41,iot-kafka,3.76%,909.7MiB / 2.767GiB,32.11%,528MB / 15.7MB,106MB / 452MB
2026-06-13 03:06:48,iot-postgres,0.01%,25.61MiB / 2.767GiB,0.90%,141kB / 126B,144MB / 233kB
2026-06-13 03:06:48,iot-mosquitto,0.08%,19.29MiB / 2.767GiB,0.68%,84.1kB / 69.9kB,29.8MB / 2.23MB
2026-06-13 03:06:48,iot-kafka,1.41%,909.9MiB / 2.767GiB,32.12%,528MB / 15.7MB,106MB / 452MB
2026-06-13 03:06:54,iot-postgres,0.00%,25.61MiB / 2.767GiB,0.90%,141kB / 126B,144MB / 233kB
2026-06-13 03:06:54,iot-mosquitto,0.08%,19.29MiB / 2.767GiB,0.68%,84.1kB / 69.9kB,29.8MB / 2.24MB
2026-06-13 03:06:54,iot-kafka,1.16%,909.6MiB / 2.767GiB,32.11%,528MB / 15.7MB,106MB / 452MB
2026-06-13 03:07:00,iot-postgres,0.00%,25.62MiB / 2.767GiB,0.90%,141kB / 126B,144MB / 233kB
2026-06-13 03:07:00,iot-mosquitto,0.08%,19.29MiB / 2.767GiB,0.68%,84.1kB / 69.9kB,29.8MB / 2.24MB
2026-06-13 03:07:00,iot-kafka,1.25%,910.1MiB / 2.767GiB,32.12%,528MB / 15.7MB,106MB / 452MB
2026-06-13 03:07:06,iot-postgres,3.42%,25.62MiB / 2.767GiB,0.90%,141kB / 126B,144MB / 233kB
2026-06-13 03:07:06,iot-mosquitto,0.07%,19.29MiB / 2.767GiB,0.68%,84.1kB / 69.9kB,29.8MB / 2.24MB
2026-06-13 03:07:06,iot-kafka,1.28%,909.9MiB / 2.767GiB,32.12%,528MB / 15.7MB,106MB / 452MB
2026-06-13 03:07:12,iot-postgres,0.00%,25.62MiB / 2.767GiB,0.90%,141kB / 126B,144MB / 233kB
2026-06-13 03:07:12,iot-mosquitto,0.07%,19.59MiB / 2.767GiB,0.69%,84.1kB / 69.9kB,29.8MB / 2.24MB
2026-06-13 03:07:12,iot-kafka,5.58%,909.9MiB / 2.767GiB,32.12%,528MB / 15.7MB,106MB / 452MB
2026-06-13 03:07:18,iot-postgres,0.01%,25.61MiB / 2.767GiB,0.90%,141kB / 126B,144MB / 233kB
2026-06-13 03:07:18,iot-mosquitto,0.06%,19.3MiB / 2.767GiB,0.68%,84.1kB / 69.9kB,29.8MB / 2.24MB
2026-06-13 03:07:18,iot-kafka,1.49%,909.9MiB / 2.767GiB,32.12%,528MB / 15.7MB,106MB / 452MB
2026-06-13 03:07:25,iot-postgres,0.00%,25.61MiB / 2.767GiB,0.90%,141kB / 126B,144MB / 233kB
2026-06-13 03:07:25,iot-mosquitto,0.05%,19.29MiB / 2.767GiB,0.68%,84.1kB / 69.9kB,29.8MB / 2.24MB
2026-06-13 03:07:25,iot-kafka,1.52%,909.9MiB / 2.767GiB,32.12%,528MB / 15.7MB,106MB / 453MB
2026-06-13 03:07:31,iot-postgres,0.00%,25.61MiB / 2.767GiB,0.90%,141kB / 126B,144MB / 233kB
2026-06-13 03:07:31,iot-mosquitto,0.09%,19.29MiB / 2.767GiB,0.68%,84.1kB / 69.9kB,29.8MB / 2.24MB
2026-06-13 03:07:31,iot-kafka,1.64%,910.2MiB / 2.767GiB,32.12%,528MB / 15.7MB,106MB / 453MB
2026-06-13 03:07:37,iot-postgres,0.00%,25.61MiB / 2.767GiB,0.90%,141kB / 126B,144MB / 233kB
2026-06-13 03:07:37,iot-mosquitto,0.07%,19.29MiB / 2.767GiB,0.68%,84.1kB / 69.9kB,29.8MB / 2.24MB
2026-06-13 03:07:37,iot-kafka,1.63%,909.9MiB / 2.767GiB,32.12%,528MB / 15.7MB,106MB / 453MB
2026-06-13 03:07:43,iot-postgres,0.00%,25.61MiB / 2.767GiB,0.90%,141kB / 126B,144MB / 233kB
2026-06-13 03:07:43,iot-mosquitto,0.09%,20.02MiB / 2.767GiB,0.71%,84.1kB / 69.9kB,29.8MB / 2.24MB
2026-06-13 03:07:43,iot-kafka,1.13%,910.5MiB / 2.767GiB,32.14%,528MB / 15.7MB,106MB / 453MB
2026-06-13 03:07:49,iot-postgres,0.01%,25.61MiB / 2.767GiB,0.90%,141kB / 126B,144MB / 233kB
2026-06-13 03:07:49,iot-mosquitto,0.06%,19.29MiB / 2.767GiB,0.68%,84.1kB / 69.9kB,29.8MB / 2.24MB
2026-06-13 03:07:49,iot-kafka,2.66%,910.4MiB / 2.767GiB,32.13%,528MB / 15.7MB,106MB / 453MB
2026-06-13 03:07:55,iot-postgres,0.00%,25.61MiB / 2.767GiB,0.90%,141kB / 126B,144MB / 233kB
2026-06-13 03:07:55,iot-mosquitto,0.07%,19.29MiB / 2.767GiB,0.68%,84.1kB / 69.9kB,29.8MB / 2.25MB
2026-06-13 03:07:55,iot-kafka,2.64%,910.4MiB / 2.767GiB,32.13%,528MB / 15.7MB,106MB / 453MB
2026-06-13 03:08:01,iot-postgres,0.00%,25.62MiB / 2.767GiB,0.90%,141kB / 126B,144MB / 233kB
2026-06-13 03:08:01,iot-mosquitto,0.07%,19.29MiB / 2.767GiB,0.68%,84.1kB / 69.9kB,29.8MB / 2.25MB
2026-06-13 03:08:01,iot-kafka,1.12%,909.9MiB / 2.767GiB,32.12%,528MB / 15.7MB,106MB / 453MB
2026-06-13 03:08:08,iot-postgres,0.01%,25.61MiB / 2.767GiB,0.90%,141kB / 126B,144MB / 233kB
2026-06-13 03:08:08,iot-mosquitto,0.05%,19.29MiB / 2.767GiB,0.68%,84.1kB / 69.9kB,29.8MB / 2.25MB
2026-06-13 03:08:08,iot-kafka,1.52%,909.9MiB / 2.767GiB,32.12%,528MB / 15.7MB,106MB / 453MB
2026-06-13 03:08:14,iot-postgres,0.00%,25.61MiB / 2.767GiB,0.90%,141kB / 126B,144MB / 233kB
2026-06-13 03:08:14,iot-mosquitto,0.07%,19.29MiB / 2.767GiB,0.68%,84.1kB / 69.9kB,29.8MB / 2.25MB
2026-06-13 03:08:14,iot-kafka,1.53%,910.3MiB / 2.767GiB,32.13%,528MB / 15.7MB,106MB / 453MB
2026-06-13 03:08:20,iot-postgres,0.01%,25.61MiB / 2.767GiB,0.90%,141kB / 126B,144MB / 233kB
2026-06-13 03:08:20,iot-mosquitto,0.07%,19.29MiB / 2.767GiB,0.68%,84.1kB / 69.9kB,29.8MB / 2.25MB
2026-06-13 03:08:20,iot-kafka,1.29%,910.2MiB / 2.767GiB,32.13%,528MB / 15.7MB,106MB / 453MB
2026-06-13 03:08:26,iot-postgres,3.46%,25.78MiB / 2.767GiB,0.91%,141kB / 126B,144MB / 233kB
2026-06-13 03:08:26,iot-mosquitto,2.52%,20.09MiB / 2.767GiB,0.71%,84.1kB / 69.9kB,29.8MB / 2.27MB
2026-06-13 03:08:26,iot-kafka,1.56%,910.2MiB / 2.767GiB,32.13%,528MB / 15.7MB,106MB / 454MB
2026-06-13 03:08:32,iot-postgres,0.00%,25.61MiB / 2.767GiB,0.90%,141kB / 126B,144MB / 233kB
2026-06-13 03:08:32,iot-mosquitto,0.07%,19.54MiB / 2.767GiB,0.69%,84.1kB / 69.9kB,29.8MB / 2.27MB
2026-06-13 03:08:32,iot-kafka,4.04%,910.2MiB / 2.767GiB,32.13%,528MB / 15.7MB,106MB / 454MB
2026-06-13 03:08:38,iot-postgres,0.00%,25.64MiB / 2.767GiB,0.90%,141kB / 126B,144MB / 233kB
2026-06-13 03:08:38,iot-mosquitto,0.06%,19.29MiB / 2.767GiB,0.68%,84.1kB / 69.9kB,29.8MB / 2.27MB
2026-06-13 03:08:38,iot-kafka,1.61%,910.2MiB / 2.767GiB,32.13%,528MB / 15.7MB,106MB / 454MB
2026-06-13 03:08:45,iot-postgres,0.00%,25.61MiB / 2.767GiB,0.90%,141kB / 126B,144MB / 233kB
2026-06-13 03:08:45,iot-mosquitto,0.06%,19.29MiB / 2.767GiB,0.68%,84.1kB / 69.9kB,29.8MB / 2.27MB
2026-06-13 03:08:45,iot-kafka,1.38%,910.4MiB / 2.767GiB,32.13%,528MB / 15.7MB,106MB / 454MB
2026-06-13 03:08:51,iot-postgres,0.01%,25.62MiB / 2.767GiB,0.90%,141kB / 126B,144MB / 233kB
2026-06-13 03:08:51,iot-mosquitto,0.07%,19.29MiB / 2.767GiB,0.68%,84.1kB / 69.9kB,29.8MB / 2.27MB
2026-06-13 03:08:51,iot-kafka,2.63%,910.7MiB / 2.767GiB,32.14%,528MB / 15.7MB,106MB / 454MB
2026-06-13 03:08:57,iot-postgres,3.57%,25.63MiB / 2.767GiB,0.90%,141kB / 126B,144MB / 233kB
2026-06-13 03:08:57,iot-mosquitto,2.73%,19.57MiB / 2.767GiB,0.69%,84.1kB / 69.9kB,29.8MB / 2.27MB
2026-06-13 03:08:57,iot-kafka,1.70%,909.9MiB / 2.767GiB,32.12%,528MB / 15.7MB,106MB / 454MB
2026-06-13 03:09:03,iot-postgres,0.00%,25.61MiB / 2.767GiB,0.90%,141kB / 126B,144MB / 233kB
2026-06-13 03:09:03,iot-mosquitto,0.05%,19.29MiB / 2.767GiB,0.68%,84.1kB / 69.9kB,29.8MB / 2.27MB
2026-06-13 03:09:03,iot-kafka,4.00%,910.1MiB / 2.767GiB,32.12%,528MB / 15.7MB,106MB / 454MB
2026-06-13 03:09:09,iot-postgres,0.00%,25.61MiB / 2.767GiB,0.90%,141kB / 126B,144MB / 233kB
2026-06-13 03:09:09,iot-mosquitto,0.06%,19.29MiB / 2.767GiB,0.68%,84.1kB / 69.9kB,29.8MB / 2.27MB
2026-06-13 03:09:09,iot-kafka,2.66%,909.8MiB / 2.767GiB,32.11%,528MB / 15.7MB,106MB / 454MB
2026-06-13 03:09:15,iot-postgres,0.00%,25.61MiB / 2.767GiB,0.90%,141kB / 126B,144MB / 233kB
2026-06-13 03:09:15,iot-mosquitto,0.07%,19.29MiB / 2.767GiB,0.68%,84.1kB / 69.9kB,29.8MB / 2.27MB
2026-06-13 03:09:15,iot-kafka,1.31%,910.4MiB / 2.767GiB,32.13%,528MB / 15.7MB,106MB / 454MB
2026-06-13 03:09:22,iot-postgres,0.01%,25.62MiB / 2.767GiB,0.90%,141kB / 126B,144MB / 233kB
2026-06-13 03:09:22,iot-mosquitto,0.06%,19.29MiB / 2.767GiB,0.68%,84.1kB / 69.9kB,29.8MB / 2.27MB
2026-06-13 03:09:22,iot-kafka,1.15%,910.5MiB / 2.767GiB,32.14%,528MB / 15.7MB,106MB / 454MB
2026-06-13 03:09:28,iot-postgres,0.01%,25.61MiB / 2.767GiB,0.90%,141kB / 126B,144MB / 233kB
2026-06-13 03:09:28,iot-mosquitto,0.08%,19.8MiB / 2.767GiB,0.70%,84.1kB / 69.9kB,29.8MB / 2.28MB
2026-06-13 03:09:28,iot-kafka,2.58%,909.9MiB / 2.767GiB,32.12%,528MB / 15.7MB,106MB / 454MB
2026-06-13 03:09:34,iot-postgres,0.00%,25.61MiB / 2.767GiB,0.90%,141kB / 126B,144MB / 233kB
2026-06-13 03:09:34,iot-mosquitto,0.09%,19.3MiB / 2.767GiB,0.68%,84.1kB / 69.9kB,29.8MB / 2.28MB
2026-06-13 03:09:34,iot-kafka,1.44%,912.1MiB / 2.767GiB,32.19%,528MB / 15.7MB,106MB / 454MB
2026-06-13 03:09:40,iot-postgres,0.00%,25.61MiB / 2.767GiB,0.90%,141kB / 126B,144MB / 233kB
2026-06-13 03:09:40,iot-mosquitto,0.07%,19.3MiB / 2.767GiB,0.68%,84.1kB / 69.9kB,29.8MB / 2.28MB
2026-06-13 03:09:40,iot-kafka,1.10%,909.9MiB / 2.767GiB,32.12%,528MB / 15.7MB,106MB / 455MB
2026-06-13 03:09:46,iot-postgres,0.00%,25.61MiB / 2.767GiB,0.90%,141kB / 126B,144MB / 233kB
2026-06-13 03:09:46,iot-mosquitto,0.08%,19.29MiB / 2.767GiB,0.68%,84.1kB / 69.9kB,29.8MB / 2.28MB
2026-06-13 03:09:46,iot-kafka,1.45%,910.4MiB / 2.767GiB,32.13%,528MB / 15.7MB,106MB / 455MB
2026-06-13 03:09:52,iot-postgres,0.01%,25.61MiB / 2.767GiB,0.90%,141kB / 126B,144MB / 233kB
2026-06-13 03:09:52,iot-mosquitto,0.06%,19.29MiB / 2.767GiB,0.68%,84.1kB / 69.9kB,29.8MB / 2.28MB
2026-06-13 03:09:52,iot-kafka,1.76%,909.9MiB / 2.767GiB,32.12%,528MB / 15.7MB,106MB / 455MB
2026-06-13 03:09:58,iot-postgres,0.00%,25.61MiB / 2.767GiB,0.90%,141kB / 126B,144MB / 233kB
2026-06-13 03:09:58,iot-mosquitto,0.08%,19.53MiB / 2.767GiB,0.69%,84.1kB / 69.9kB,29.8MB / 2.29MB
2026-06-13 03:09:58,iot-kafka,2.80%,910.2MiB / 2.767GiB,32.13%,528MB / 15.7MB,106MB / 455MB
2026-06-13 03:10:05,iot-postgres,0.00%,25.61MiB / 2.767GiB,0.90%,141kB / 126B,144MB / 233kB
2026-06-13 03:10:05,iot-mosquitto,0.06%,19.29MiB / 2.767GiB,0.68%,84.1kB / 69.9kB,29.8MB / 2.29MB
2026-06-13 03:10:05,iot-kafka,1.55%,910.3MiB / 2.767GiB,32.13%,528MB / 15.7MB,106MB / 455MB
2026-06-13 03:10:11,iot-postgres,0.00%,25.62MiB / 2.767GiB,0.90%,141kB / 126B,144MB / 233kB
2026-06-13 03:10:11,iot-mosquitto,0.06%,19.29MiB / 2.767GiB,0.68%,84.1kB / 69.9kB,29.8MB / 2.29MB
2026-06-13 03:10:11,iot-kafka,1.61%,909.9MiB / 2.767GiB,32.12%,528MB / 15.7MB,106MB / 455MB
2026-06-13 03:10:17,iot-postgres,3.23%,25.61MiB / 2.767GiB,0.90%,141kB / 126B,144MB / 233kB
2026-06-13 03:10:17,iot-mosquitto,0.05%,19.29MiB / 2.767GiB,0.68%,84.1kB / 69.9kB,29.8MB / 2.29MB
2026-06-13 03:10:17,iot-kafka,1.62%,910.5MiB / 2.767GiB,32.14%,528MB / 15.7MB,106MB / 455MB
2026-06-13 03:10:23,iot-postgres,0.02%,25.61MiB / 2.767GiB,0.90%,141kB / 126B,144MB / 233kB
2026-06-13 03:10:23,iot-mosquitto,0.07%,19.29MiB / 2.767GiB,0.68%,84.1kB / 69.9kB,29.8MB / 2.29MB
2026-06-13 03:10:23,iot-kafka,3.84%,910.1MiB / 2.767GiB,32.12%,528MB / 15.7MB,106MB / 455MB
2026-06-13 03:10:29,iot-postgres,0.00%,25.61MiB / 2.767GiB,0.90%,141kB / 126B,144MB / 233kB
2026-06-13 03:10:29,iot-mosquitto,0.08%,19.52MiB / 2.767GiB,0.69%,84.1kB / 69.9kB,29.8MB / 2.3MB
2026-06-13 03:10:29,iot-kafka,1.31%,909.9MiB / 2.767GiB,32.12%,528MB / 15.7MB,106MB / 455MB
2026-06-13 03:10:35,iot-postgres,0.00%,25.61MiB / 2.767GiB,0.90%,141kB / 126B,144MB / 233kB
2026-06-13 03:10:35,iot-mosquitto,0.06%,19.29MiB / 2.767GiB,0.68%,84.1kB / 69.9kB,29.8MB / 2.3MB
2026-06-13 03:10:35,iot-kafka,2.82%,910.3MiB / 2.767GiB,32.13%,528MB / 15.7MB,106MB / 455MB
2026-06-13 03:10:42,iot-postgres,0.00%,25.61MiB / 2.767GiB,0.90%,141kB / 126B,144MB / 233kB
2026-06-13 03:10:42,iot-mosquitto,0.09%,19.29MiB / 2.767GiB,0.68%,84.1kB / 69.9kB,29.8MB / 2.3MB
2026-06-13 03:10:42,iot-kafka,1.36%,909.9MiB / 2.767GiB,32.12%,528MB / 15.7MB,106MB / 456MB
2026-06-13 03:10:48,iot-postgres,3.38%,25.61MiB / 2.767GiB,0.90%,141kB / 126B,144MB / 233kB
2026-06-13 03:10:48,iot-mosquitto,0.08%,19.3MiB / 2.767GiB,0.68%,84.1kB / 69.9kB,29.8MB / 2.3MB
2026-06-13 03:10:48,iot-kafka,1.14%,910.7MiB / 2.767GiB,32.14%,528MB / 15.7MB,106MB / 456MB
2026-06-13 03:10:54,iot-postgres,0.00%,25.61MiB / 2.767GiB,0.90%,141kB / 126B,144MB / 233kB
2026-06-13 03:10:54,iot-mosquitto,0.09%,19.3MiB / 2.767GiB,0.68%,84.1kB / 69.9kB,29.8MB / 2.3MB
2026-06-13 03:10:54,iot-kafka,4.95%,909.9MiB / 2.767GiB,32.12%,528MB / 15.7MB,106MB / 456MB
2026-06-13 03:11:00,iot-postgres,0.00%,25.61MiB / 2.767GiB,0.90%,141kB / 126B,144MB / 233kB
2026-06-13 03:11:00,iot-mosquitto,0.07%,19.58MiB / 2.767GiB,0.69%,84.1kB / 69.9kB,29.8MB / 2.31MB
2026-06-13 03:11:00,iot-kafka,1.09%,909.7MiB / 2.767GiB,32.11%,528MB / 15.7MB,106MB / 456MB
2026-06-13 03:11:06,iot-postgres,0.00%,25.61MiB / 2.767GiB,0.90%,141kB / 126B,144MB / 233kB
2026-06-13 03:11:06,iot-mosquitto,0.07%,19.3MiB / 2.767GiB,0.68%,84.1kB / 69.9kB,29.8MB / 2.31MB
2026-06-13 03:11:06,iot-kafka,1.49%,910.2MiB / 2.767GiB,32.13%,528MB / 15.7MB,106MB / 456MB
2026-06-13 03:11:12,iot-postgres,0.00%,25.61MiB / 2.767GiB,0.90%,141kB / 126B,144MB / 233kB
2026-06-13 03:11:12,iot-mosquitto,2.89%,20.01MiB / 2.767GiB,0.71%,84.1kB / 69.9kB,29.8MB / 2.31MB
2026-06-13 03:11:12,iot-kafka,2.90%,909.9MiB / 2.767GiB,32.12%,528MB / 15.7MB,106MB / 456MB
2026-06-13 03:11:18,iot-postgres,0.00%,25.61MiB / 2.767GiB,0.90%,141kB / 126B,144MB / 233kB
2026-06-13 03:11:18,iot-mosquitto,0.07%,19.29MiB / 2.767GiB,0.68%,84.1kB / 69.9kB,29.8MB / 2.31MB
2026-06-13 03:11:18,iot-kafka,1.63%,910.4MiB / 2.767GiB,32.13%,528MB / 15.7MB,106MB / 456MB
2026-06-13 03:11:25,iot-postgres,0.00%,25.61MiB / 2.767GiB,0.90%,141kB / 126B,144MB / 233kB
2026-06-13 03:11:25,iot-mosquitto,0.07%,19.29MiB / 2.767GiB,0.68%,84.1kB / 69.9kB,29.8MB / 2.31MB
2026-06-13 03:11:25,iot-kafka,1.31%,910.4MiB / 2.767GiB,32.13%,528MB / 15.7MB,106MB / 456MB
2026-06-13 03:11:31,iot-postgres,0.00%,25.61MiB / 2.767GiB,0.90%,141kB / 126B,144MB / 233kB
2026-06-13 03:11:31,iot-mosquitto,0.08%,19.61MiB / 2.767GiB,0.69%,84.1kB / 69.9kB,29.8MB / 2.32MB
2026-06-13 03:11:31,iot-kafka,2.70%,910.2MiB / 2.767GiB,32.13%,528MB / 15.7MB,106MB / 456MB
2026-06-13 03:11:37,iot-postgres,0.00%,25.61MiB / 2.767GiB,0.90%,141kB / 126B,144MB / 233kB
2026-06-13 03:11:37,iot-mosquitto,0.06%,19.29MiB / 2.767GiB,0.68%,84.1kB / 69.9kB,29.8MB / 2.32MB
2026-06-13 03:11:37,iot-kafka,1.54%,910.1MiB / 2.767GiB,32.12%,528MB / 15.7MB,106MB / 456MB
2026-06-13 03:11:43,iot-postgres,0.01%,25.61MiB / 2.767GiB,0.90%,141kB / 126B,144MB / 233kB
2026-06-13 03:11:43,iot-mosquitto,2.77%,19.76MiB / 2.767GiB,0.70%,84.1kB / 69.9kB,29.8MB / 2.32MB
2026-06-13 03:11:43,iot-kafka,1.78%,910.4MiB / 2.767GiB,32.13%,528MB / 15.7MB,106MB / 456MB
2026-06-13 03:11:49,iot-postgres,0.00%,25.61MiB / 2.767GiB,0.90%,141kB / 126B,144MB / 233kB
2026-06-13 03:11:49,iot-mosquitto,0.07%,19.29MiB / 2.767GiB,0.68%,84.1kB / 69.9kB,29.8MB / 2.32MB
2026-06-13 03:11:49,iot-kafka,1.24%,910.2MiB / 2.767GiB,32.13%,528MB / 15.7MB,106MB / 456MB
2026-06-13 03:11:55,iot-postgres,0.00%,25.61MiB / 2.767GiB,0.90%,141kB / 126B,144MB / 233kB
2026-06-13 03:11:55,iot-mosquitto,0.08%,19.29MiB / 2.767GiB,0.68%,84.1kB / 69.9kB,29.8MB / 2.32MB
2026-06-13 03:11:55,iot-kafka,1.63%,910.2MiB / 2.767GiB,32.13%,528MB / 15.7MB,106MB / 457MB
2026-06-13 03:12:02,iot-postgres,0.00%,25.61MiB / 2.767GiB,0.90%,141kB / 126B,144MB / 233kB
2026-06-13 03:12:02,iot-mosquitto,0.08%,19.3MiB / 2.767GiB,0.68%,84.1kB / 69.9kB,29.8MB / 2.33MB
2026-06-13 03:12:02,iot-kafka,1.25%,909.9MiB / 2.767GiB,32.12%,528MB / 15.7MB,106MB / 457MB
2026-06-13 03:12:08,iot-postgres,3.25%,25.61MiB / 2.767GiB,0.90%,141kB / 126B,144MB / 233kB
2026-06-13 03:12:08,iot-mosquitto,0.08%,19.29MiB / 2.767GiB,0.68%,84.1kB / 69.9kB,29.8MB / 2.33MB
2026-06-13 03:12:08,iot-kafka,1.29%,910.3MiB / 2.767GiB,32.13%,528MB / 15.7MB,106MB / 457MB
2026-06-13 03:12:14,iot-postgres,0.00%,25.61MiB / 2.767GiB,0.90%,141kB / 126B,144MB / 233kB
2026-06-13 03:12:14,iot-mosquitto,0.07%,19.7MiB / 2.767GiB,0.70%,84.1kB / 69.9kB,29.8MB / 2.33MB
2026-06-13 03:12:14,iot-kafka,3.92%,910MiB / 2.767GiB,32.12%,528MB / 15.7MB,106MB / 457MB
2026-06-13 03:12:20,iot-postgres,0.00%,25.61MiB / 2.767GiB,0.90%,141kB / 126B,144MB / 233kB
2026-06-13 03:12:20,iot-mosquitto,0.08%,19.29MiB / 2.767GiB,0.68%,84.1kB / 69.9kB,29.8MB / 2.33MB
2026-06-13 03:12:20,iot-kafka,1.25%,910.5MiB / 2.767GiB,32.14%,528MB / 15.7MB,106MB / 457MB
2026-06-13 03:12:26,iot-postgres,0.00%,25.61MiB / 2.767GiB,0.90%,141kB / 126B,144MB / 233kB
2026-06-13 03:12:26,iot-mosquitto,0.07%,19.29MiB / 2.767GiB,0.68%,84.1kB / 69.9kB,29.8MB / 2.33MB
2026-06-13 03:12:26,iot-kafka,1.30%,909.7MiB / 2.767GiB,32.11%,528MB / 15.7MB,106MB / 457MB
2026-06-13 03:12:32,iot-postgres,0.00%,25.61MiB / 2.767GiB,0.90%,141kB / 126B,144MB / 233kB
2026-06-13 03:12:32,iot-mosquitto,0.08%,19.54MiB / 2.767GiB,0.69%,84.1kB / 69.9kB,29.8MB / 2.33MB
2026-06-13 03:12:32,iot-kafka,1.25%,910MiB / 2.767GiB,32.12%,528MB / 15.7MB,106MB / 457MB
2026-06-13 03:12:39,iot-postgres,3.16%,25.74MiB / 2.767GiB,0.91%,141kB / 126B,144MB / 233kB
2026-06-13 03:12:39,iot-mosquitto,0.06%,19.29MiB / 2.767GiB,0.68%,84.1kB / 69.9kB,29.8MB / 2.33MB
2026-06-13 03:12:39,iot-kafka,4.01%,910.2MiB / 2.767GiB,32.13%,528MB / 15.7MB,106MB / 457MB
2026-06-13 03:12:45,iot-postgres,0.00%,25.61MiB / 2.767GiB,0.90%,141kB / 126B,144MB / 233kB
2026-06-13 03:12:45,iot-mosquitto,0.06%,19.54MiB / 2.767GiB,0.69%,84.1kB / 69.9kB,29.8MB / 2.33MB
2026-06-13 03:12:45,iot-kafka,5.29%,910.3MiB / 2.767GiB,32.13%,528MB / 15.7MB,106MB / 457MB
2026-06-13 03:12:51,iot-postgres,0.00%,25.61MiB / 2.767GiB,0.90%,141kB / 126B,144MB / 233kB
2026-06-13 03:12:51,iot-mosquitto,0.07%,19.29MiB / 2.767GiB,0.68%,84.1kB / 69.9kB,29.8MB / 2.33MB
2026-06-13 03:12:51,iot-kafka,1.59%,910MiB / 2.767GiB,32.12%,528MB / 15.7MB,106MB / 457MB
2026-06-13 03:12:57,iot-postgres,0.00%,25.61MiB / 2.767GiB,0.90%,141kB / 126B,144MB / 233kB
2026-06-13 03:12:57,iot-mosquitto,0.10%,19.29MiB / 2.767GiB,0.68%,84.1kB / 69.9kB,29.8MB / 2.33MB
2026-06-13 03:12:57,iot-kafka,1.68%,910MiB / 2.767GiB,32.12%,528MB / 15.7MB,106MB / 457MB
2026-06-13 03:13:03,iot-postgres,0.00%,25.61MiB / 2.767GiB,0.90%,141kB / 126B,144MB / 233kB
2026-06-13 03:13:03,iot-mosquitto,0.09%,19.29MiB / 2.767GiB,0.68%,84.1kB / 69.9kB,29.8MB / 2.34MB
2026-06-13 03:13:03,iot-kafka,1.68%,910.2MiB / 2.767GiB,32.13%,528MB / 15.7MB,106MB / 458MB
2026-06-13 03:13:09,iot-postgres,0.00%,25.61MiB / 2.767GiB,0.90%,141kB / 126B,144MB / 233kB
2026-06-13 03:13:09,iot-mosquitto,0.09%,19.29MiB / 2.767GiB,0.68%,84.1kB / 69.9kB,29.8MB / 2.34MB
2026-06-13 03:13:09,iot-kafka,1.40%,910.2MiB / 2.767GiB,32.13%,528MB / 15.7MB,106MB / 458MB
2026-06-13 03:13:15,iot-postgres,0.00%,25.61MiB / 2.767GiB,0.90%,141kB / 126B,144MB / 233kB
2026-06-13 03:13:15,iot-mosquitto,0.08%,19.32MiB / 2.767GiB,0.68%,84.1kB / 69.9kB,29.8MB / 2.34MB
2026-06-13 03:13:15,iot-kafka,3.14%,910.2MiB / 2.767GiB,32.13%,528MB / 15.7MB,106MB / 458MB
2026-06-13 03:13:22,iot-postgres,0.00%,25.62MiB / 2.767GiB,0.90%,141kB / 126B,144MB / 233kB
2026-06-13 03:13:22,iot-mosquitto,0.07%,19.29MiB / 2.767GiB,0.68%,84.1kB / 69.9kB,29.8MB / 2.34MB
2026-06-13 03:13:22,iot-kafka,1.35%,909.7MiB / 2.767GiB,32.11%,528MB / 15.7MB,106MB / 458MB
2026-06-13 03:13:28,iot-postgres,0.01%,25.61MiB / 2.767GiB,0.90%,141kB / 126B,144MB / 233kB
2026-06-13 03:13:28,iot-mosquitto,0.08%,19.29MiB / 2.767GiB,0.68%,84.1kB / 69.9kB,29.8MB / 2.34MB
2026-06-13 03:13:28,iot-kafka,1.28%,909.7MiB / 2.767GiB,32.11%,528MB / 15.7MB,106MB / 458MB
2026-06-13 03:13:34,iot-postgres,0.00%,25.62MiB / 2.767GiB,0.90%,141kB / 126B,144MB / 233kB
2026-06-13 03:13:34,iot-mosquitto,0.07%,19.29MiB / 2.767GiB,0.68%,84.1kB / 69.9kB,29.8MB / 2.35MB
2026-06-13 03:13:34,iot-kafka,1.37%,910.2MiB / 2.767GiB,32.13%,528MB / 15.7MB,106MB / 458MB
2026-06-13 03:13:40,iot-postgres,0.00%,25.77MiB / 2.767GiB,0.91%,141kB / 126B,144MB / 233kB
2026-06-13 03:13:40,iot-mosquitto,0.08%,19.29MiB / 2.767GiB,0.68%,84.1kB / 69.9kB,29.8MB / 2.35MB
2026-06-13 03:13:40,iot-kafka,1.34%,910.1MiB / 2.767GiB,32.12%,528MB / 15.7MB,106MB / 458MB
2026-06-13 03:13:46,iot-postgres,0.01%,25.61MiB / 2.767GiB,0.90%,141kB / 126B,144MB / 233kB
2026-06-13 03:13:46,iot-mosquitto,0.06%,19.4MiB / 2.767GiB,0.68%,84.1kB / 69.9kB,29.8MB / 2.35MB
2026-06-13 03:13:46,iot-kafka,2.70%,910MiB / 2.767GiB,32.12%,528MB / 15.7MB,106MB / 458MB
2026-06-13 03:13:52,iot-postgres,0.00%,25.61MiB / 2.767GiB,0.90%,141kB / 126B,144MB / 233kB
2026-06-13 03:13:52,iot-mosquitto,0.07%,19.29MiB / 2.767GiB,0.68%,84.1kB / 69.9kB,29.8MB / 2.35MB
2026-06-13 03:13:52,iot-kafka,1.56%,909.9MiB / 2.767GiB,32.12%,528MB / 15.7MB,106MB / 458MB
2026-06-13 03:13:59,iot-postgres,3.11%,25.79MiB / 2.767GiB,0.91%,141kB / 126B,144MB / 233kB
2026-06-13 03:13:59,iot-mosquitto,2.65%,20.95MiB / 2.767GiB,0.74%,84.1kB / 69.9kB,29.8MB / 2.35MB
2026-06-13 03:13:59,iot-kafka,1.31%,910.2MiB / 2.767GiB,32.13%,528MB / 15.7MB,106MB / 458MB
2026-06-13 03:14:05,iot-postgres,0.00%,25.61MiB / 2.767GiB,0.90%,141kB / 126B,144MB / 233kB
2026-06-13 03:14:05,iot-mosquitto,0.07%,19.53MiB / 2.767GiB,0.69%,84.1kB / 69.9kB,29.8MB / 2.36MB
2026-06-13 03:14:05,iot-kafka,5.34%,910.1MiB / 2.767GiB,32.12%,528MB / 15.7MB,106MB / 458MB
2026-06-13 03:14:11,iot-postgres,0.00%,25.61MiB / 2.767GiB,0.90%,141kB / 126B,144MB / 233kB
2026-06-13 03:14:11,iot-mosquitto,0.05%,19.29MiB / 2.767GiB,0.68%,84.1kB / 69.9kB,29.8MB / 2.36MB
2026-06-13 03:14:11,iot-kafka,1.52%,910.5MiB / 2.767GiB,32.14%,528MB / 15.7MB,106MB / 459MB
2026-06-13 03:14:17,iot-postgres,0.01%,25.61MiB / 2.767GiB,0.90%,141kB / 126B,144MB / 233kB
2026-06-13 03:14:17,iot-mosquitto,0.07%,19.29MiB / 2.767GiB,0.68%,84.1kB / 69.9kB,29.8MB / 2.36MB
2026-06-13 03:14:17,iot-kafka,1.60%,910.2MiB / 2.767GiB,32.13%,528MB / 15.7MB,106MB / 459MB
2026-06-13 03:14:23,iot-postgres,0.01%,25.61MiB / 2.767GiB,0.90%,141kB / 126B,144MB / 233kB
2026-06-13 03:14:23,iot-mosquitto,0.07%,19.29MiB / 2.767GiB,0.68%,84.1kB / 69.9kB,29.8MB / 2.36MB
2026-06-13 03:14:23,iot-kafka,1.57%,910.2MiB / 2.767GiB,32.13%,528MB / 15.7MB,106MB / 459MB
2026-06-13 03:14:29,iot-postgres,3.03%,25.84MiB / 2.767GiB,0.91%,141kB / 126B,144MB / 233kB
2026-06-13 03:14:29,iot-mosquitto,2.77%,19.59MiB / 2.767GiB,0.69%,84.1kB / 69.9kB,29.8MB / 2.36MB
2026-06-13 03:14:29,iot-kafka,2.71%,909.9MiB / 2.767GiB,32.12%,528MB / 15.7MB,106MB / 459MB
2026-06-13 03:14:35,iot-postgres,0.00%,25.61MiB / 2.767GiB,0.90%,141kB / 126B,144MB / 233kB
2026-06-13 03:14:35,iot-mosquitto,0.07%,19.29MiB / 2.767GiB,0.68%,84.1kB / 69.9kB,29.8MB / 2.36MB
2026-06-13 03:14:35,iot-kafka,3.40%,909.7MiB / 2.767GiB,32.11%,528MB / 15.7MB,106MB / 459MB
2026-06-13 03:14:42,iot-postgres,0.00%,25.61MiB / 2.767GiB,0.90%,141kB / 126B,144MB / 233kB
2026-06-13 03:14:42,iot-mosquitto,0.08%,19.29MiB / 2.767GiB,0.68%,84.1kB / 69.9kB,29.8MB / 2.36MB
2026-06-13 03:14:42,iot-kafka,1.64%,910.4MiB / 2.767GiB,32.13%,528MB / 15.7MB,106MB / 459MB
2026-06-13 03:14:48,iot-postgres,0.02%,25.61MiB / 2.767GiB,0.90%,141kB / 126B,144MB / 233kB
2026-06-13 03:14:48,iot-mosquitto,0.07%,19.29MiB / 2.767GiB,0.68%,84.1kB / 69.9kB,29.8MB / 2.36MB
2026-06-13 03:14:48,iot-kafka,1.32%,910MiB / 2.767GiB,32.12%,528MB / 15.7MB,106MB / 459MB
2026-06-13 03:14:54,iot-postgres,0.00%,25.96MiB / 2.767GiB,0.92%,141kB / 126B,144MB / 233kB
2026-06-13 03:14:54,iot-mosquitto,0.07%,19.29MiB / 2.767GiB,0.68%,84.1kB / 69.9kB,29.8MB / 2.36MB
2026-06-13 03:14:54,iot-kafka,1.57%,910.2MiB / 2.767GiB,32.13%,528MB / 15.7MB,106MB / 459MB
2026-06-13 03:15:00,iot-postgres,0.00%,25.61MiB / 2.767GiB,0.90%,141kB / 126B,144MB / 233kB
2026-06-13 03:15:00,iot-mosquitto,0.06%,19.32MiB / 2.767GiB,0.68%,84.1kB / 69.9kB,29.8MB / 2.37MB
2026-06-13 03:15:00,iot-kafka,1.11%,909.9MiB / 2.767GiB,32.12%,528MB / 15.7MB,106MB / 459MB
2026-06-13 03:15:06,iot-postgres,0.00%,25.61MiB / 2.767GiB,0.90%,141kB / 126B,144MB / 233kB
2026-06-13 03:15:06,iot-mosquitto,0.08%,19.54MiB / 2.767GiB,0.69%,84.1kB / 69.9kB,29.8MB / 2.38MB
2026-06-13 03:15:06,iot-kafka,1.35%,909.8MiB / 2.767GiB,32.11%,528MB / 15.7MB,106MB / 459MB
2026-06-13 03:15:12,iot-postgres,0.00%,25.61MiB / 2.767GiB,0.90%,141kB / 126B,144MB / 233kB
2026-06-13 03:15:12,iot-mosquitto,0.07%,19.29MiB / 2.767GiB,0.68%,84.1kB / 69.9kB,29.8MB / 2.38MB
2026-06-13 03:15:12,iot-kafka,1.12%,909.7MiB / 2.767GiB,32.11%,528MB / 15.7MB,106MB / 460MB
2026-06-13 03:15:19,iot-postgres,0.01%,25.61MiB / 2.767GiB,0.90%,141kB / 126B,144MB / 233kB
2026-06-13 03:15:19,iot-mosquitto,0.06%,19.29MiB / 2.767GiB,0.68%,84.1kB / 69.9kB,29.8MB / 2.38MB
2026-06-13 03:15:19,iot-kafka,2.84%,910.3MiB / 2.767GiB,32.13%,528MB / 15.7MB,106MB / 460MB
2026-06-13 03:15:25,iot-postgres,0.00%,25.61MiB / 2.767GiB,0.90%,141kB / 126B,144MB / 233kB
2026-06-13 03:15:25,iot-mosquitto,0.08%,19.29MiB / 2.767GiB,0.68%,84.1kB / 69.9kB,29.8MB / 2.38MB
2026-06-13 03:15:25,iot-kafka,1.48%,913.3MiB / 2.767GiB,32.24%,528MB / 15.7MB,106MB / 460MB
2026-06-13 03:15:31,iot-postgres,0.00%,25.61MiB / 2.767GiB,0.90%,141kB / 126B,144MB / 233kB
2026-06-13 03:15:31,iot-mosquitto,0.09%,19.32MiB / 2.767GiB,0.68%,84.1kB / 69.9kB,29.8MB / 2.38MB
2026-06-13 03:15:31,iot-kafka,1.60%,910.7MiB / 2.767GiB,32.14%,528MB / 15.7MB,106MB / 460MB
2026-06-13 03:15:37,iot-postgres,0.00%,25.61MiB / 2.767GiB,0.90%,141kB / 126B,144MB / 233kB
2026-06-13 03:15:37,iot-mosquitto,0.16%,19.53MiB / 2.767GiB,0.69%,84.1kB / 69.9kB,29.8MB / 2.38MB
2026-06-13 03:15:37,iot-kafka,1.77%,910.2MiB / 2.767GiB,32.13%,528MB / 15.7MB,106MB / 460MB
2026-06-13 03:15:43,iot-postgres,0.00%,25.77MiB / 2.767GiB,0.91%,141kB / 126B,144MB / 233kB
2026-06-13 03:15:43,iot-mosquitto,0.07%,19.29MiB / 2.767GiB,0.68%,84.1kB / 69.9kB,29.8MB / 2.38MB
2026-06-13 03:15:43,iot-kafka,1.64%,910MiB / 2.767GiB,32.12%,528MB / 15.7MB,106MB / 460MB
2026-06-13 03:15:49,iot-postgres,3.51%,25.8MiB / 2.767GiB,0.91%,141kB / 126B,144MB / 233kB
2026-06-13 03:15:49,iot-mosquitto,0.09%,19.29MiB / 2.767GiB,0.68%,84.1kB / 69.9kB,29.8MB / 2.38MB
2026-06-13 03:15:49,iot-kafka,1.24%,910MiB / 2.767GiB,32.12%,528MB / 15.7MB,106MB / 460MB
2026-06-13 03:15:55,iot-postgres,0.00%,25.66MiB / 2.767GiB,0.91%,141kB / 126B,144MB / 233kB
2026-06-13 03:15:55,iot-mosquitto,0.08%,19.29MiB / 2.767GiB,0.68%,84.1kB / 69.9kB,29.8MB / 2.38MB
2026-06-13 03:15:55,iot-kafka,3.65%,910.1MiB / 2.767GiB,32.12%,528MB / 15.7MB,106MB / 460MB
2026-06-13 03:16:02,iot-postgres,0.00%,25.61MiB / 2.767GiB,0.90%,141kB / 126B,144MB / 233kB
2026-06-13 03:16:02,iot-mosquitto,0.06%,19.74MiB / 2.767GiB,0.70%,84.1kB / 69.9kB,29.8MB / 2.38MB
2026-06-13 03:16:02,iot-kafka,1.72%,910MiB / 2.767GiB,32.12%,528MB / 15.7MB,106MB / 460MB
2026-06-13 03:16:08,iot-postgres,0.00%,25.61MiB / 2.767GiB,0.90%,141kB / 126B,144MB / 233kB
2026-06-13 03:16:08,iot-mosquitto,0.17%,19.29MiB / 2.767GiB,0.68%,84.1kB / 69.9kB,29.8MB / 2.39MB
2026-06-13 03:16:08,iot-kafka,1.29%,910.1MiB / 2.767GiB,32.12%,528MB / 15.7MB,106MB / 460MB
2026-06-13 03:16:14,iot-postgres,0.00%,25.61MiB / 2.767GiB,0.90%,141kB / 126B,144MB / 233kB
2026-06-13 03:16:14,iot-mosquitto,0.06%,19.29MiB / 2.767GiB,0.68%,84.1kB / 69.9kB,29.8MB / 2.39MB
2026-06-13 03:16:14,iot-kafka,2.72%,909.7MiB / 2.767GiB,32.11%,528MB / 15.7MB,106MB / 460MB
2026-06-13 03:16:20,iot-postgres,3.49%,25.8MiB / 2.767GiB,0.91%,141kB / 126B,144MB / 233kB
2026-06-13 03:16:20,iot-mosquitto,0.07%,19.29MiB / 2.767GiB,0.68%,84.1kB / 69.9kB,29.8MB / 2.39MB
2026-06-13 03:16:20,iot-kafka,1.19%,909.7MiB / 2.767GiB,32.11%,528MB / 15.7MB,106MB / 460MB
2026-06-13 03:16:26,iot-postgres,0.00%,25.61MiB / 2.767GiB,0.90%,141kB / 126B,144MB / 233kB
2026-06-13 03:16:26,iot-mosquitto,0.08%,19.29MiB / 2.767GiB,0.68%,84.1kB / 69.9kB,29.8MB / 2.39MB
2026-06-13 03:16:26,iot-kafka,3.88%,909.8MiB / 2.767GiB,32.11%,528MB / 15.7MB,106MB / 461MB
2026-06-13 03:16:32,iot-postgres,0.00%,25.62MiB / 2.767GiB,0.90%,141kB / 126B,144MB / 233kB
2026-06-13 03:16:32,iot-mosquitto,0.07%,19.55MiB / 2.767GiB,0.69%,84.1kB / 69.9kB,29.8MB / 2.39MB
2026-06-13 03:16:32,iot-kafka,1.41%,910MiB / 2.767GiB,32.12%,528MB / 15.7MB,106MB / 461MB
2026-06-13 03:16:39,iot-postgres,0.00%,25.62MiB / 2.767GiB,0.90%,141kB / 126B,144MB / 233kB
2026-06-13 03:16:39,iot-mosquitto,0.11%,19.53MiB / 2.767GiB,0.69%,84.1kB / 69.9kB,29.8MB / 2.4MB
2026-06-13 03:16:39,iot-kafka,1.71%,910.2MiB / 2.767GiB,32.13%,528MB / 15.7MB,106MB / 461MB
2026-06-13 03:16:45,iot-postgres,0.00%,25.61MiB / 2.767GiB,0.90%,141kB / 126B,144MB / 233kB
2026-06-13 03:16:45,iot-mosquitto,0.07%,19.29MiB / 2.767GiB,0.68%,84.1kB / 69.9kB,29.8MB / 2.4MB
2026-06-13 03:16:45,iot-kafka,1.31%,910.2MiB / 2.767GiB,32.13%,528MB / 15.7MB,106MB / 461MB
2026-06-13 03:16:51,iot-postgres,0.01%,25.61MiB / 2.767GiB,0.90%,141kB / 126B,144MB / 233kB
2026-06-13 03:16:51,iot-mosquitto,0.06%,19.29MiB / 2.767GiB,0.68%,84.1kB / 69.9kB,29.8MB / 2.4MB
2026-06-13 03:16:51,iot-kafka,1.38%,910MiB / 2.767GiB,32.12%,528MB / 15.7MB,106MB / 461MB
2026-06-13 03:16:57,iot-postgres,0.00%,25.61MiB / 2.767GiB,0.90%,141kB / 126B,144MB / 233kB
2026-06-13 03:16:57,iot-mosquitto,0.07%,19.29MiB / 2.767GiB,0.68%,84.1kB / 69.9kB,29.8MB / 2.4MB
2026-06-13 03:16:57,iot-kafka,1.79%,909.8MiB / 2.767GiB,32.11%,528MB / 15.7MB,106MB / 461MB
2026-06-13 03:17:03,iot-postgres,0.01%,25.61MiB / 2.767GiB,0.90%,141kB / 126B,144MB / 233kB
2026-06-13 03:17:03,iot-mosquitto,0.08%,19.29MiB / 2.767GiB,0.68%,84.1kB / 69.9kB,29.8MB / 2.4MB
2026-06-13 03:17:03,iot-kafka,1.61%,910.2MiB / 2.767GiB,32.13%,528MB / 15.7MB,106MB / 461MB
2026-06-13 03:17:09,iot-postgres,0.00%,25.61MiB / 2.767GiB,0.90%,141kB / 126B,144MB / 233kB
2026-06-13 03:17:09,iot-mosquitto,0.14%,19.29MiB / 2.767GiB,0.68%,84.1kB / 69.9kB,29.8MB / 2.4MB
2026-06-13 03:17:09,iot-kafka,1.36%,910.7MiB / 2.767GiB,32.14%,528MB / 15.7MB,106MB / 461MB
2026-06-13 03:17:15,iot-postgres,0.00%,25.61MiB / 2.767GiB,0.90%,141kB / 126B,144MB / 233kB
2026-06-13 03:17:15,iot-mosquitto,2.54%,19.4MiB / 2.767GiB,0.68%,84.1kB / 69.9kB,29.8MB / 2.4MB
2026-06-13 03:17:15,iot-kafka,1.37%,910MiB / 2.767GiB,32.12%,528MB / 15.7MB,106MB / 461MB
2026-06-13 03:17:22,iot-postgres,0.00%,25.61MiB / 2.767GiB,0.90%,141kB / 126B,144MB / 233kB
2026-06-13 03:17:22,iot-mosquitto,0.07%,19.29MiB / 2.767GiB,0.68%,84.1kB / 69.9kB,29.8MB / 2.4MB
2026-06-13 03:17:22,iot-kafka,1.75%,909.7MiB / 2.767GiB,32.11%,528MB / 15.7MB,106MB / 461MB
2026-06-13 03:17:28,iot-postgres,0.00%,25.61MiB / 2.767GiB,0.90%,141kB / 126B,144MB / 233kB
2026-06-13 03:17:28,iot-mosquitto,0.08%,19.29MiB / 2.767GiB,0.68%,84.1kB / 69.9kB,29.8MB / 2.4MB
2026-06-13 03:17:28,iot-kafka,2.61%,909.8MiB / 2.767GiB,32.11%,528MB / 15.7MB,106MB / 461MB
2026-06-13 03:17:34,iot-postgres,0.00%,25.61MiB / 2.767GiB,0.90%,141kB / 126B,144MB / 233kB
2026-06-13 03:17:34,iot-mosquitto,0.06%,19.3MiB / 2.767GiB,0.68%,84.1kB / 69.9kB,29.8MB / 2.4MB
2026-06-13 03:17:34,iot-kafka,1.32%,910.2MiB / 2.767GiB,32.13%,528MB / 15.7MB,106MB / 462MB
2026-06-13 03:17:40,iot-postgres,3.24%,26.3MiB / 2.767GiB,0.93%,141kB / 126B,144MB / 233kB
2026-06-13 03:17:40,iot-mosquitto,0.07%,19.29MiB / 2.767GiB,0.68%,84.1kB / 69.9kB,29.8MB / 2.4MB
2026-06-13 03:17:40,iot-kafka,1.41%,910.2MiB / 2.767GiB,32.13%,528MB / 15.7MB,106MB / 462MB
2026-06-13 03:17:46,iot-postgres,0.00%,25.61MiB / 2.767GiB,0.90%,141kB / 126B,144MB / 233kB
2026-06-13 03:17:46,iot-mosquitto,4.65%,19.96MiB / 2.767GiB,0.70%,84.1kB / 69.9kB,29.8MB / 2.41MB
2026-06-13 03:17:46,iot-kafka,6.10%,909.9MiB / 2.767GiB,32.11%,528MB / 15.7MB,106MB / 462MB
2026-06-13 03:17:52,iot-postgres,0.00%,25.61MiB / 2.767GiB,0.90%,141kB / 126B,144MB / 233kB
2026-06-13 03:17:52,iot-mosquitto,0.08%,19.29MiB / 2.767GiB,0.68%,84.1kB / 69.9kB,29.8MB / 2.41MB
2026-06-13 03:17:52,iot-kafka,4.19%,910MiB / 2.767GiB,32.12%,528MB / 15.7MB,106MB / 462MB
2026-06-13 03:17:59,iot-postgres,0.00%,25.61MiB / 2.767GiB,0.90%,141kB / 126B,144MB / 233kB
2026-06-13 03:17:59,iot-mosquitto,0.13%,19.29MiB / 2.767GiB,0.68%,84.1kB / 69.9kB,29.8MB / 2.41MB
2026-06-13 03:17:59,iot-kafka,1.33%,909.7MiB / 2.767GiB,32.11%,528MB / 15.7MB,106MB / 462MB
2026-06-13 03:18:05,iot-postgres,0.00%,25.61MiB / 2.767GiB,0.90%,141kB / 126B,144MB / 233kB
2026-06-13 03:18:05,iot-mosquitto,0.06%,19.31MiB / 2.767GiB,0.68%,84.1kB / 69.9kB,29.8MB / 2.42MB
2026-06-13 03:18:05,iot-kafka,1.15%,910MiB / 2.767GiB,32.12%,528MB / 15.7MB,106MB / 462MB
2026-06-13 03:18:11,iot-postgres,3.52%,25.65MiB / 2.767GiB,0.91%,141kB / 126B,144MB / 233kB
2026-06-13 03:18:11,iot-mosquitto,0.08%,19.29MiB / 2.767GiB,0.68%,84.1kB / 69.9kB,29.8MB / 2.42MB
2026-06-13 03:18:11,iot-kafka,1.64%,910.2MiB / 2.767GiB,32.13%,528MB / 15.7MB,106MB / 462MB
2026-06-13 03:18:17,iot-postgres,0.00%,25.61MiB / 2.767GiB,0.90%,141kB / 126B,144MB / 233kB
2026-06-13 03:18:17,iot-mosquitto,0.07%,19.49MiB / 2.767GiB,0.69%,84.1kB / 69.9kB,29.8MB / 2.42MB
2026-06-13 03:18:17,iot-kafka,4.13%,910MiB / 2.767GiB,32.12%,528MB / 15.7MB,106MB / 462MB
2026-06-13 03:18:23,iot-postgres,0.00%,25.61MiB / 2.767GiB,0.90%,141kB / 126B,144MB / 233kB
2026-06-13 03:18:23,iot-mosquitto,0.07%,19.29MiB / 2.767GiB,0.68%,84.1kB / 69.9kB,29.8MB / 2.42MB
2026-06-13 03:18:23,iot-kafka,1.42%,910.2MiB / 2.767GiB,32.13%,528MB / 15.7MB,106MB / 462MB
2026-06-13 03:18:29,iot-postgres,0.00%,25.61MiB / 2.767GiB,0.90%,141kB / 126B,144MB / 233kB
2026-06-13 03:18:29,iot-mosquitto,0.07%,19.29MiB / 2.767GiB,0.68%,84.1kB / 69.9kB,29.8MB / 2.42MB
2026-06-13 03:18:29,iot-kafka,1.26%,909.7MiB / 2.767GiB,32.11%,528MB / 15.7MB,106MB / 462MB
2026-06-13 03:18:36,iot-postgres,0.00%,25.61MiB / 2.767GiB,0.90%,141kB / 126B,144MB / 233kB
2026-06-13 03:18:36,iot-mosquitto,0.05%,19.3MiB / 2.767GiB,0.68%,84.1kB / 69.9kB,29.8MB / 2.42MB
2026-06-13 03:18:36,iot-kafka,1.71%,910.2MiB / 2.767GiB,32.13%,528MB / 15.7MB,106MB / 462MB
2026-06-13 03:18:42,iot-postgres,0.00%,25.61MiB / 2.767GiB,0.90%,141kB / 126B,144MB / 233kB
2026-06-13 03:18:42,iot-mosquitto,0.07%,19.3MiB / 2.767GiB,0.68%,84.1kB / 69.9kB,29.8MB / 2.42MB
2026-06-13 03:18:42,iot-kafka,2.92%,909.7MiB / 2.767GiB,32.11%,528MB / 15.7MB,106MB / 463MB
2026-06-13 03:18:48,iot-postgres,0.00%,25.61MiB / 2.767GiB,0.90%,141kB / 126B,144MB / 233kB
2026-06-13 03:18:48,iot-mosquitto,0.07%,19.57MiB / 2.767GiB,0.69%,84.1kB / 69.9kB,29.8MB / 2.43MB
2026-06-13 03:18:48,iot-kafka,1.37%,910.2MiB / 2.767GiB,32.13%,528MB / 15.7MB,106MB / 463MB
2026-06-13 03:18:54,iot-postgres,0.00%,25.68MiB / 2.767GiB,0.91%,141kB / 126B,144MB / 233kB
2026-06-13 03:18:54,iot-mosquitto,0.07%,19.29MiB / 2.767GiB,0.68%,84.1kB / 69.9kB,29.8MB / 2.43MB
2026-06-13 03:18:54,iot-kafka,1.02%,910MiB / 2.767GiB,32.12%,528MB / 15.7MB,106MB / 463MB
2026-06-13 03:19:00,iot-postgres,0.00%,25.61MiB / 2.767GiB,0.90%,141kB / 126B,144MB / 233kB
2026-06-13 03:19:00,iot-mosquitto,0.07%,19.29MiB / 2.767GiB,0.68%,84.1kB / 69.9kB,29.8MB / 2.43MB
2026-06-13 03:19:00,iot-kafka,2.22%,909.7MiB / 2.767GiB,32.11%,528MB / 15.7MB,106MB / 463MB
2026-06-13 03:19:06,iot-postgres,0.00%,25.61MiB / 2.767GiB,0.90%,141kB / 126B,144MB / 233kB
2026-06-13 03:19:06,iot-mosquitto,0.07%,19.29MiB / 2.767GiB,0.68%,84.1kB / 69.9kB,29.8MB / 2.43MB
2026-06-13 03:19:06,iot-kafka,1.36%,909.7MiB / 2.767GiB,32.11%,528MB / 15.7MB,106MB / 463MB
2026-06-13 03:19:13,iot-postgres,0.00%,25.63MiB / 2.767GiB,0.90%,141kB / 126B,144MB / 233kB
2026-06-13 03:19:13,iot-mosquitto,0.07%,19.29MiB / 2.767GiB,0.68%,84.1kB / 69.9kB,29.8MB / 2.43MB
2026-06-13 03:19:13,iot-kafka,1.32%,910.2MiB / 2.767GiB,32.13%,528MB / 15.7MB,106MB / 463MB
2026-06-13 03:19:19,iot-postgres,0.00%,25.61MiB / 2.767GiB,0.90%,141kB / 126B,144MB / 233kB
2026-06-13 03:19:19,iot-mosquitto,0.06%,19.54MiB / 2.767GiB,0.69%,84.1kB / 69.9kB,29.8MB / 2.43MB
2026-06-13 03:19:19,iot-kafka,1.37%,910.2MiB / 2.767GiB,32.13%,528MB / 15.7MB,106MB / 463MB
2026-06-13 03:19:25,iot-postgres,0.00%,25.61MiB / 2.767GiB,0.90%,141kB / 126B,144MB / 233kB
2026-06-13 03:19:25,iot-mosquitto,0.05%,19.29MiB / 2.767GiB,0.68%,84.1kB / 69.9kB,29.8MB / 2.43MB
2026-06-13 03:19:25,iot-kafka,1.32%,910MiB / 2.767GiB,32.12%,528MB / 15.7MB,106MB / 463MB
2026-06-13 03:19:31,iot-postgres,3.49%,26.12MiB / 2.767GiB,0.92%,141kB / 126B,144MB / 233kB
2026-06-13 03:19:31,iot-mosquitto,0.10%,19.29MiB / 2.767GiB,0.68%,84.1kB / 69.9kB,29.8MB / 2.44MB
2026-06-13 03:19:31,iot-kafka,4.24%,910MiB / 2.767GiB,32.12%,528MB / 15.7MB,106MB / 463MB
2026-06-13 03:19:37,iot-postgres,0.00%,25.61MiB / 2.767GiB,0.90%,141kB / 126B,144MB / 233kB
2026-06-13 03:19:37,iot-mosquitto,0.07%,19.54MiB / 2.767GiB,0.69%,84.1kB / 69.9kB,29.8MB / 2.44MB
2026-06-13 03:19:37,iot-kafka,4.94%,910MiB / 2.767GiB,32.12%,528MB / 15.7MB,106MB / 463MB
2026-06-13 03:19:43,iot-postgres,0.00%,25.61MiB / 2.767GiB,0.90%,141kB / 126B,144MB / 233kB
2026-06-13 03:19:43,iot-mosquitto,0.08%,19.3MiB / 2.767GiB,0.68%,84.1kB / 69.9kB,29.8MB / 2.44MB
2026-06-13 03:19:43,iot-kafka,1.50%,910.2MiB / 2.767GiB,32.13%,528MB / 15.7MB,106MB / 463MB
2026-06-13 03:19:49,iot-postgres,0.00%,25.61MiB / 2.767GiB,0.90%,141kB / 126B,144MB / 233kB
2026-06-13 03:19:49,iot-mosquitto,0.07%,19.29MiB / 2.767GiB,0.68%,84.1kB / 69.9kB,29.8MB / 2.44MB
2026-06-13 03:19:49,iot-kafka,1.34%,910.2MiB / 2.767GiB,32.13%,528MB / 15.7MB,106MB / 463MB
2026-06-13 03:19:56,iot-postgres,0.00%,25.62MiB / 2.767GiB,0.90%,141kB / 126B,144MB / 233kB
2026-06-13 03:19:56,iot-mosquitto,0.06%,19.29MiB / 2.767GiB,0.68%,84.1kB / 69.9kB,29.8MB / 2.44MB
2026-06-13 03:19:56,iot-kafka,1.62%,910MiB / 2.767GiB,32.12%,528MB / 15.7MB,106MB / 464MB
2026-06-13 03:20:02,iot-postgres,3.51%,25.78MiB / 2.767GiB,0.91%,141kB / 126B,144MB / 233kB
2026-06-13 03:20:02,iot-mosquitto,2.88%,19.57MiB / 2.767GiB,0.69%,84.1kB / 69.9kB,29.8MB / 2.44MB
2026-06-13 03:20:02,iot-kafka,1.52%,910MiB / 2.767GiB,32.12%,528MB / 15.7MB,106MB / 464MB
2026-06-13 03:20:08,iot-postgres,0.01%,25.61MiB / 2.767GiB,0.90%,141kB / 126B,144MB / 233kB
2026-06-13 03:20:08,iot-mosquitto,0.07%,19.3MiB / 2.767GiB,0.68%,84.1kB / 69.9kB,29.8MB / 2.44MB
2026-06-13 03:20:08,iot-kafka,4.75%,909.9MiB / 2.767GiB,32.11%,528MB / 15.7MB,106MB / 464MB
2026-06-13 03:20:14,iot-postgres,0.01%,25.61MiB / 2.767GiB,0.90%,141kB / 126B,144MB / 233kB
2026-06-13 03:20:14,iot-mosquitto,0.06%,19.29MiB / 2.767GiB,0.68%,84.1kB / 69.9kB,29.8MB / 2.44MB
2026-06-13 03:20:14,iot-kafka,2.29%,910MiB / 2.767GiB,32.12%,528MB / 15.7MB,106MB / 464MB
2026-06-13 03:20:20,iot-postgres,0.00%,25.61MiB / 2.767GiB,0.90%,141kB / 126B,144MB / 233kB
2026-06-13 03:20:20,iot-mosquitto,0.06%,19.29MiB / 2.767GiB,0.68%,84.1kB / 69.9kB,29.8MB / 2.45MB
2026-06-13 03:20:20,iot-kafka,2.83%,910MiB / 2.767GiB,32.12%,528MB / 15.7MB,106MB / 464MB
2026-06-13 03:20:26,iot-postgres,0.00%,25.61MiB / 2.767GiB,0.90%,141kB / 126B,144MB / 233kB
2026-06-13 03:20:26,iot-mosquitto,0.07%,19.29MiB / 2.767GiB,0.68%,84.1kB / 69.9kB,29.8MB / 2.45MB
2026-06-13 03:20:26,iot-kafka,1.14%,910MiB / 2.767GiB,32.12%,528MB / 15.7MB,106MB / 464MB
2026-06-13 03:20:33,iot-postgres,0.00%,25.63MiB / 2.767GiB,0.90%,141kB / 126B,144MB / 233kB
2026-06-13 03:20:33,iot-mosquitto,2.84%,19.91MiB / 2.767GiB,0.70%,84.1kB / 69.9kB,29.8MB / 2.45MB
2026-06-13 03:20:33,iot-kafka,1.27%,910MiB / 2.767GiB,32.12%,528MB / 15.7MB,106MB / 464MB
2026-06-13 03:20:39,iot-postgres,0.01%,25.61MiB / 2.767GiB,0.90%,141kB / 126B,144MB / 233kB
2026-06-13 03:20:39,iot-mosquitto,0.06%,19.31MiB / 2.767GiB,0.68%,84.1kB / 69.9kB,29.8MB / 2.45MB
2026-06-13 03:20:39,iot-kafka,1.34%,910MiB / 2.767GiB,32.12%,528MB / 15.7MB,106MB / 464MB
2026-06-13 03:20:45,iot-postgres,0.01%,25.61MiB / 2.767GiB,0.90%,141kB / 126B,144MB / 233kB
2026-06-13 03:20:45,iot-mosquitto,0.06%,19.29MiB / 2.767GiB,0.68%,84.1kB / 69.9kB,29.8MB / 2.45MB
2026-06-13 03:20:45,iot-kafka,1.19%,909.8MiB / 2.767GiB,32.11%,528MB / 15.7MB,106MB / 464MB
2026-06-13 03:20:51,iot-postgres,0.00%,25.61MiB / 2.767GiB,0.90%,141kB / 126B,144MB / 233kB
2026-06-13 03:20:51,iot-mosquitto,0.07%,19.29MiB / 2.767GiB,0.68%,84.1kB / 69.9kB,29.8MB / 2.45MB
2026-06-13 03:20:51,iot-kafka,1.43%,910.1MiB / 2.767GiB,32.12%,528MB / 15.7MB,106MB / 464MB
2026-06-13 03:20:57,iot-postgres,0.00%,25.63MiB / 2.767GiB,0.90%,141kB / 126B,144MB / 233kB
2026-06-13 03:20:57,iot-mosquitto,0.07%,19.29MiB / 2.767GiB,0.68%,84.1kB / 69.9kB,29.8MB / 2.45MB
2026-06-13 03:20:57,iot-kafka,1.71%,910.5MiB / 2.767GiB,32.14%,528MB / 15.7MB,106MB / 465MB
2026-06-13 03:21:03,iot-postgres,0.01%,25.64MiB / 2.767GiB,0.91%,141kB / 126B,144MB / 233kB
2026-06-13 03:21:03,iot-mosquitto,0.07%,19.31MiB / 2.767GiB,0.68%,84.1kB / 69.9kB,29.8MB / 2.46MB
2026-06-13 03:21:03,iot-kafka,1.39%,910.2MiB / 2.767GiB,32.13%,528MB / 15.7MB,106MB / 465MB
